tree
version=v4
num_class=1
num_tree_per_iteration=1
label_index=0
max_feature_idx=6
objective=binary sigmoid:1
feature_names=VoxelCount L11 L22 L33 sqrt2_L12 sqrt2_L13 sqrt2_L23
feature_infos=[-0.12566282343378529:68.331770582308891] [-5.0622272466198206:2.3599467035010822] [-4.5736795417437062:2.4845706186293155] [-4.3138706117859495:2.0665211745074492] [-5.8080979994896511:6.6602983474439919] [-4.3022975903787746:4.4617769921059933] [-4.5343740225830214:4.7053807674276937]
tree_sizes=3413 3431 3435 3432 3436 3441 3452 3449 3445 3448 3434 3447 3440 3445 3451 3445 3449 3446 3449 3457 3445 3454 3451 3444 3441 3463 3450 3448 3451 3444 3445 3449 3456 3454 3464 3454 3460 3462 3452 3449 3460 3450 3448 3453 3452 3455 3468 3455 3459 3457 3463 3456 3475 3455 3455 3465 3474 3460 3465 3463 3463 3456 3467 3475 3466 3452 3466 3454 3450 3467 3477 3465 3475 3478 3489 3477 3478 3470 3476 3475 3458 3473 3464 3467 3442 3467 3479 3463 3479 3482 3474 3464 3450 3455 3470 3464 3475 3471 3494 3456

Tree=0
num_leaves=31
num_cat=0
split_feature=0 1 3 2 0 1 0 3 2 1 1 3 1 0 0 3 1 2 0 3 0 3 0 0 1 1 0 3 0 2
split_gain=19019.3 709.731 627.798 229.019 196.371 172.808 166.2 151.581 91.6363 73.5126 68.4773 59.6784 58.5248 54.499 54.1062 53.8691 40.9648 34.9612 57.5674 34.5622 61.4653 30.8177 31.2399 27.4488 26.1611 25.5942 25.252 40.3689 23.3293 22.813
threshold=-0.12344073632799642 0.17501728532904276 0.47475717087561692 0.58779185342038054 -0.12461434140906701 0.43573896005983176 -0.11767958478291825 0.098224033806202912 0.34804166789022323 0.056295875890931699 0.3295031205587276 0.20074701994659291 0.46176590460686634 -0.12461434140906701 -0.12231510629377317 0.29914924664940667 0.79629753399607062 0.13536480398097889 -0.12428347073300573 0.74300415299408207 -0.12461434140906701 0.41068005961822979 -0.12473035782465937 -0.12428347073300573 0.074244129670830328 0.57388964667810438 -0.12137081103725832 -0.14804976510902454 -0.12405137313026414 0.32890699278871277
decision_type=2 2 2 2 2 2 2 2 2 2 2 2 2 2 2 2 2 2 2 2 2 2 2 2 2 2 2 2 2 2
left_child=2 6 3 4 16 11 15 8 -6 28 19 14 13 -5 -3 26 21 18 -11 20 -4 -1 -23 -10 -25 -7 -2 -28 -9 -12
right_child=1 5 10 12 7 25 -8 9 23 17 29 -13 -14 -15 -16 -17 -18 -19 -20 -21 -22 22 -24 24 -26 -27 27 -29 -30 -31
leaf_value=-0.024343934396472235 -0.041435511664694911 -0.032702167301818609 0.0095352251488587322 0.018364339454611654 0.0032409903761443717 0.051778505070763217 -0.052268574991411708 -0.019594845859917893 0.015774465924924132 -0.032744029534787354 0.12968614388516617 0.030641012679753811 0.13616422845119081 0.11716375352634986 0.0095027822091525507 0.0048500080436917545 0.10282953297964792 0.11548854720460774 0.095877083229793131 0.13492207660128139 0.11275727878627376 -0.021946364244381449 0.10880892502573913 -0.0022369272588118258 0.10765401329672004 0.099461389374119955 -0.035365991297965797 -0.0058011871236672216 0.063995444501487059 0.14688201537941084
leaf_weight=53.716001808643341 350.77798390388489 145.65780955553055 16.98924708366394 21.236558854579926 68.456672072410583 106.68247801065445 1925.2814415693283 12.242251574993132 12.492093443870543 10.243516623973845 211.86590480804443 122.42251574993134 337.78620672225952 40.724224627017975 158.64958673715591 118.17520397901535 9.9936747550964338 372.26438462734222 57.713471710681915 131.41682302951813 95.439593911170959 8.2447816729545611 10.243516623973845 5.9962048530578604 55.964578628540039 38.225805938243866 295.81277275085449 189.38013660907745 26.233396232128143 2151.6381747722626
leaf_count=215 1404 583 68 85 274 427 7706 49 50 41 848 490 1352 163 635 473 40 1490 231 526 382 33 41 24 224 153 1184 758 105 8612
internal_value=0.0507827 -0.0337091 0.129358 0.0977471 0.0805808 0.017181 -0.043812 0.0901849 0.0449957 0.103676 0.142738 0.00116101 0.12797 0.0833011 -0.0106988 -0.0267484 0.00795189 0.109468 0.0764893 0.117511 0.0971593 -0.00517997 0.0504991 0.0833877 0.0970194 0.0643569 -0.0312152 -0.0238263 0.0373985 0.145341
internal_weight=7161.97 3451.07 3710.9 1103.55 703.805 571.638 2879.43 621.607 142.91 478.697 2607.35 426.73 399.747 61.9608 304.307 954.146 82.198 440.221 67.957 243.846 112.429 72.2043 18.4883 74.4529 61.9608 144.908 835.971 485.193 38.4756 2363.5
internal_count=28666 13813 14853 4417 2817 2288 11525 2488 572 1916 10436 1708 1600 248 1218 3819 329 1762 272 976 450 289 74 298 248 580 3346 1942 154 9460
is_linear=0
shrinkage=1


Tree=1
num_leaves=31
num_cat=0
split_feature=3 1 1 3 3 2 2 2 2 3 1 1 3 2 2 1 3 2 3 1 1 3 3 1 1 3 2 1 5 1
split_gain=15063.9 1471.63 1101.68 290.173 214.3 185.21 171.71 146.474 113.066 84.2658 74.5689 59.7645 50.8291 39.945 36.9546 34.6102 36.8356 32.7349 41.4836 31.2312 28.3665 26.8306 26.5341 26.046 19.0195 18.8615 14.2591 14.0682 12.4468 12.4571
threshold=0.19230333655915635 0.29483071009780676 0.3295031205587276 0.57987691572973632 0.48869333039222784 0.34804166789022323 0.35479063764852586 0.57661404665988225 0.15305905012789597 -0.17043946002766455 0.73136866784665522 -0.011185710765596451 0.39608255966439881 0.3604236709571626 -0.010472508006161934 0.44382920561090922 0.098224033806202912 0.32890699278871277 0.68107391235645431 0.35510404255470562 0.066179487506407023 -0.23759511722654789 0.74300415299408207 0.14438268384559502 -0.02091403634487676 0.36789591662828242 -0.14523266724441306 0.55889043296723939 0.99344226478068653 -0.032677564744921846
decision_type=2 2 2 2 2 2 2 2 2 2 2 2 2 2 2 2 2 2 2 2 2 2 2 2 2 2 2 2 2 2
left_child=1 6 3 8 7 15 9 13 12 24 21 -10 -2 -4 -5 16 -3 18 -6 -15 -8 -7 -16 -14 -1 -21 -25 -9 -11 -30
right_child=2 5 4 14 17 10 20 27 11 28 -12 -13 23 19 22 -17 -18 -19 -20 25 -22 -23 -24 26 -26 -27 -28 -29 29 -31
leaf_value=-0.096707272695265745 -0.057745259248435321 -0.05475931535192026 0.022854805304880765 0.0052418960470907612 0.045272939409026519 -0.022165141980678024 -0.057945907370605523 0.063544092168035235 -0.026880202011573026 -0.07638619865605073 0.084624149896732281 0.0240645919907502 -0.031036161062777963 -0.021667643271274618 0.042004007985045368 -0.0021863459609213535 0.0088560790995135287 0.092315847318860431 0.089064490195236046 0.044591826651623284 -0.010526034188657342 0.028462489692840012 0.082133215153090189 -0.017652940302120421 -0.08175839789694711 0.07539315736071997 0.062133292804939816 0.091468705525690336 -0.070440250550696457 -0.031022928441525845
leaf_weight=2049.6772099137306 123.69216598570347 113.48568844795227 192.87644563615322 25.697411417961121 87.190165728330612 31.180304199457169 56.967551857233047 56.050196513533592 78.448425486683846 445.10843579471111 58.745816454291344 216.2892654389143 31.978938713669777 12.719635874032972 60.867633759975433 88.666181996464729 28.462375536561012 2107.8606147617102 142.410100877285 105.22776038944721 70.648299232125282 162.84217467904091 127.43962618708611 8.2418801337480563 237.42297279834747 94.192365139722824 17.468740686774254 230.92421573400497 52.98540823161602 32.240139305591583
leaf_count=8204 495 454 773 103 350 125 228 225 314 1781 236 867 128 51 244 355 114 8477 572 422 283 653 512 33 950 378 70 928 212 129
internal_value=0.000453446 -0.0751505 0.0701396 0.0131272 0.0831274 0.0057075 -0.088422 0.0586862 -0.00860927 -0.0909915 0.0352698 0.0105049 -0.0396691 0.0393226 0.0614866 -0.0266947 -0.0420036 0.090363 0.0724348 0.0542951 -0.0316942 0.0203264 0.069162 -0.00091189 -0.0951554 0.0591403 0.0365568 0.0860146 -0.0730344 -0.055529
internal_weight=7148.01 3428.43 3719.58 690.124 3029.45 483.383 2945.05 691.991 476.119 2817.43 252.768 294.738 181.382 405.016 214.005 230.614 141.948 2337.46 229.6 212.14 127.616 194.022 188.307 57.6896 2287.1 199.42 25.7106 286.974 530.334 85.2255
internal_count=28666 13724 14942 2766 12176 1937 11787 2777 1907 11276 1014 1181 726 1624 859 923 568 9399 922 851 511 778 756 231 9154 800 103 1153 2122 341
is_linear=0
shrinkage=0.05


Tree=2
num_leaves=31
num_cat=0
split_feature=3 1 1 3 3 2 2 2 2 3 1 1 3 3 2 2 2 3 1 1 1 3 1 3 1 3 1 3 1 2
split_gain=13668.1 1337.11 1009.08 263.274 198.8 172.515 160.86 134.736 102.431 83.5203 56.2263 52.5269 39.6167 39.5259 36.3747 33.7276 30.5542 38.2143 28.3504 25.4964 25.1265 24.4587 22.4105 20.7203 20.2071 17.2933 15.6278 13.5415 13.0715 12.8164
threshold=0.19230333655915635 0.31444063373428727 0.3295031205587276 0.57987691572973632 0.48869333039222784 0.35479063764852586 0.39294152675914529 0.57661404665988225 0.13536480398097889 -0.17043946002766455 -0.011185710765596451 0.73136866784665522 -0.051994018390322354 0.39608255966439881 0.3604236709571626 -0.010472508006161934 0.32890699278871277 0.68107391235645431 0.35510404255470562 0.14438268384559502 0.066179487506407023 0.74300415299408207 0.45673040853040653 -0.23759511722654789 -0.02091403634487676 0.36789591662828242 0.22424022853860456 0.010492569298552254 0.55889043296723939 0.20094224857828877
decision_type=2 2 2 2 2 2 2 2 2 2 2 2 2 2 2 2 2 2 2 2 2 2 2 2 2 2 2 2 2 2
left_child=1 5 3 8 7 9 12 14 13 24 -10 23 22 -2 -4 -5 17 -6 -16 -15 -7 -17 -3 -8 -1 -20 -11 -22 -9 -14
right_child=2 6 4 15 16 20 11 28 10 26 -12 -13 29 19 18 21 -18 -19 25 -21 27 -23 -24 -25 -26 -27 -28 -29 -30 -31
leaf_value=-0.092321506434119613 -0.055797797071518412 -0.058679640839398112 0.02173382807535186 0.0049807740635237907 0.043146576123375802 -0.055123769618527531 -0.015364248864625479 0.060648351357563079 -0.026690080576495773 -0.072206570037820272 0.022026373152999906 0.080946241406558914 -0.015305691801262561 -0.035215078349585809 -0.020568570609638868 0.039990294648096558 0.088501394947510262 0.085279070134428994 0.042467736210130717 0.033098053592049058 -0.032610990867967808 0.078589498860159451 -0.010029861810841164 0.033452913479710626 -0.077123992526841365 0.072019772832316351 -0.047285676869266657 0.0078785362560407166 0.087636714281158615 0.01609151861354282
leaf_weight=2039.909830108285 115.63966271281242 70.179764598608017 192.68804863095284 25.692520380020142 86.919460311532021 56.891465187072754 26.205249235033989 55.79623931646347 80.4478610008955 470.05169144272804 224.54454453289509 58.076353847980499 72.175032153725624 30.236203968524933 12.729077845811842 60.739137649536133 2089.223151832819 141.32095456123352 104.9725935459137 24.912603318691254 40.460773751139641 126.54823049902916 35.720268726348877 127.46829131245613 244.99452708661556 93.686192288994789 72.628637418150902 42.175080582499504 229.01619984209538 59.132997289299965
leaf_count=8204 463 281 773 103 350 228 105 225 322 1885 901 235 289 121 51 244 8477 572 422 100 162 512 143 512 983 378 291 169 928 237
internal_value=0.000436942 -0.0716577 0.0670873 0.0124984 0.0795937 -0.0838259 0.00876047 0.0560111 -0.00818425 -0.0865041 0.00917643 0.0404374 -0.0195168 -0.0391868 0.0374465 0.0587018 0.0866038 0.069234 0.0517692 -0.0043557 -0.0295516 0.0660714 -0.04227 0.0251283 -0.090692 0.0564043 -0.0688713 -0.0119462 0.0823496 -0.00116633
internal_weight=7111.18 3416.07 3695.11 688.761 3006.35 2967.11 448.958 688.888 475.781 2827.58 304.992 211.75 237.208 170.788 404.076 212.98 2317.46 228.24 211.388 55.1488 139.527 187.287 105.9 153.674 2284.9 198.659 542.68 82.6359 284.812 131.308
internal_count=28666 13724 14942 2766 12176 11922 1802 2777 1907 11363 1223 852 950 684 1624 859 9399 922 851 221 559 756 424 617 9187 800 2176 331 1153 526
is_linear=0
shrinkage=0.05


Tree=3
num_leaves=31
num_cat=0
split_feature=3 1 1 3 3 2 2 2 2 3 1 1 3 2 3 2 3 2 3 1 1 1 1 3 1 2 1 3 1 6
split_gain=12440.2 1220.53 929.595 239.467 186.47 159.036 145.717 120.273 88.3818 78.3462 48.4 47.8951 40.5649 37.9398 35.8279 32.3667 38.5922 28.82 28.7332 24.9213 22.8032 21.1419 19.0885 18.7523 18.6036 15.6699 14.3559 14.0595 13.4466 13.8947
threshold=0.19230333655915635 0.31444063373428727 0.3295031205587276 0.55564112003464061 0.47475717087561692 0.35479063764852586 0.39294152675914529 0.57661404665988225 0.15305905012789597 -0.17043946002766455 0.73136866784665522 -0.011185710765596451 0.39608255966439881 -0.05380945927065698 -0.051994018390322354 0.32890699278871277 0.68107391235645431 0.3604236709571626 0.73558269752486305 0.35510404255470562 0.066179487506407023 0.55342144563924889 -0.02091403634487676 -0.23759511722654789 0.074244129670830328 -0.14523266724441306 0.22424022853860456 0.36789591662828242 0.34350408783217917 -1.1766684141840116
decision_type=2 2 2 2 2 2 2 2 2 2 2 2 2 2 2 2 2 2 2 2 2 2 2 2 2 2 2 2 2 2
left_child=1 5 3 8 7 9 14 17 12 22 23 -10 -2 -5 21 16 -6 28 -15 -19 -7 -3 -1 -8 -14 -26 -11 -21 -4 -30
right_child=2 6 4 13 15 20 10 -9 11 26 -12 -13 24 18 -16 -17 -18 19 -20 27 -22 -23 -24 -25 25 -27 -28 -29 29 -31
leaf_value=-0.088508359677480511 -0.052418677205251799 -0.048850570626763679 0.061100848505901931 -0.0060898792985057508 0.04034250887010029 -0.052519277277787185 -0.01459011267864567 0.078605303044851318 -0.02565595168395543 -0.068933972735801638 0.077707635329595348 0.020746081246833026 -0.035173107687108449 0.035597638466971691 -0.001108141236320113 0.084999618880708352 0.081935537682511078 -0.023384505994925007 0.074724101095550152 0.040478172173518172 -0.011350616804891196 0.017649630167081553 -0.073693107525832566 0.031851980408450137 -0.02272536575383113 0.052575602315499764 -0.045019056176533269 0.068371509546427428 0.046202114468605948 0.0091615198774776703
leaf_weight=2021.8388431668282 123.38661140203476 92.019412204623222 18.408055245876312 23.701467648148537 92.79580195248127 56.730976611375809 26.215603455901146 263.74504773318768 75.925423428416252 467.80238059163094 57.486529842019081 207.83955144882202 21.480365946888924 73.023641407489777 131.28477038443089 2097.0891739279032 139.77163632214069 11.488031744956968 131.27737633883953 104.63401986658573 82.623504146933556 13.736028015613554 243.61356995999813 127.18834275007248 10.735954180359842 19.380757912993431 72.474769249558449 79.500651612877846 31.124238774180412 135.7219328135252
leaf_count=8204 495 369 74 95 375 228 105 1079 304 1885 235 835 86 294 526 8615 572 46 536 422 331 55 983 512 43 78 291 323 125 545
internal_value=0.000421892 -0.0685503 0.0643448 0.0119116 0.0764515 -0.0802455 0.00834416 0.0526514 -0.00890335 -0.082835 0.0385786 0.00833055 -0.036851 0.053792 -0.0185549 0.083037 0.0653397 0.0346792 0.0607391 0.0480636 -0.0281103 -0.0402132 -0.0869152 0.0239154 0.000376868 0.0257324 -0.0657259 0.0525212 0.0205457 0.0160712
internal_weight=7054.04 3393.01 3661.03 686.751 2974.28 2945.08 447.931 644.622 458.749 2805.73 210.89 283.765 174.984 228.002 237.04 2329.66 232.567 380.877 204.301 195.623 139.354 105.755 2265.45 153.404 51.5971 30.1167 540.277 184.135 185.254 166.846
internal_count=28666 13724 14942 2766 12176 11922 1802 2614 1841 11363 852 1139 702 925 950 9562 947 1535 830 791 559 424 9187 617 207 121 2176 745 744 670
is_linear=0
shrinkage=0.05


Tree=4
num_leaves=31
num_cat=0
split_feature=0 3 0 2 0 3 3 0 2 2 0 2 0 2 3 3 0 2 0 3 3 3 0 6 3 0 3 0 2 3
split_gain=13157.3 436.806 423.53 154.783 172.809 109.791 107.216 65.2821 64.1069 62.2837 50.6384 41.2424 42.967 38.9967 33.9861 30.3869 99.8656 27.0589 26.5286 35.1429 25.0653 24.0506 20.5508 19.6784 18.6808 17.5023 16.568 20.9173 30.125 14.6883
threshold=-0.12344073632799642 0.47475717087561692 -0.11767958478291825 0.6801358001953558 -0.12461434140906701 -0.021376318482674139 0.20074701994659291 -0.12505261219774624 0.13536480398097889 0.3604236709571626 -0.12428347073300573 0.45518809308885194 -0.12478407029846351 0.29373732209607278 0.25297690012561885 0.67081486982318228 -0.12456062391840446 0.36570196185717796 -0.12170864928456805 -0.17043946002766455 0.90479940894886701 0.24694571193543538 -0.12410508859361326 -1.1983103348464328 0.38887515896050245 -0.1219321436824016 0.16520100891014819 -0.12397546300310962 0.34804166789022323 -0.031627800985400842
decision_type=2 2 2 2 2 2 2 2 2 2 2 2 2 2 2 2 2 2 2 2 2 2 2 2 2 2 2 2 2 2
left_child=1 3 6 4 7 9 17 -1 10 -6 -7 -9 -13 15 -14 16 -3 18 29 -20 23 -12 -11 -8 25 -25 27 28 -10 -2
right_child=2 13 -4 -5 5 8 20 11 26 22 21 12 14 -15 -16 -17 -18 -19 19 -21 -22 -23 -24 24 -26 -27 -28 -29 -30 -31
leaf_value=0.086917718638936825 -0.079644655023336827 -0.071820378791559975 -0.086094306293064776 0.073012150423191077 -0.059906355037948604 -0.083527084048774403 0.0088464535091140172 -0.079480864248747438 -0.048629695179168181 -0.020160085041203462 -0.019200987845913578 -0.050103153760466583 -0.038717952626704931 0.080632345571663933 0.057878720535501318 0.07353535584624242 0.061231906387288343 -0.035642949403894029 -0.064419790332940444 -0.039914311742467935 0.082419311057412847 0.042768284134616447 0.047769036402069039 -0.05050779986824562 -0.0175631646114657 -0.015212220866410754 0.058961467568843254 0.056244165206343115 0.037643921485089903 -0.060929581827332546
leaf_weight=12.158229127526281 210.49612952768803 17.003746151924133 1886.4680774509907 274.24490804970264 38.724601879715919 12.975066736340521 32.326388850808144 35.860483556985855 14.201739698648451 16.861231312155724 22.653068691492081 42.29603610932827 14.359480142593382 2244.8575111180544 24.888033494353294 164.09658020734787 82.669411838054657 120.68672034144402 341.3619993776083 256.03430432081223 5.181183546781539 50.698876619338989 32.780403137207031 145.86297690868378 131.73755846917629 46.263353317975998 394.71323148906231 63.357042759656906 35.191293656826019 208.87284089624882
leaf_count=50 854 69 7749 1132 156 52 130 144 57 68 91 172 58 9353 102 679 335 485 1393 1036 21 204 132 586 529 186 1602 255 142 844
internal_value=0.000408063 0.0670277 -0.0703304 0.0405366 0.0295645 0.0396187 -0.0504894 -0.0233718 0.0473568 -0.012379 0.00752456 -0.0347933 -0.015141 0.0784954 0.0225369 0.060309 0.0385338 -0.058027 -0.0606839 -0.0539171 -0.0267639 0.0236305 0.0246963 -0.0283521 -0.0320651 -0.0420087 0.0541329 0.037229 0.0128381 -0.0703233
internal_weight=6979.88 3594.59 3385.29 1085.96 811.719 682.157 1498.82 129.562 593.79 88.3662 86.327 117.404 81.5435 2508.63 39.2475 263.77 99.6732 1137.45 1016.77 597.396 361.371 73.3519 49.6416 356.19 323.864 192.126 507.463 112.75 49.393 419.369
internal_count=28666 14853 13813 4417 3285 2759 6064 526 2403 356 347 476 332 10436 160 1083 404 4612 4127 2429 1452 295 200 1431 1301 772 2056 454 199 1698
is_linear=0
shrinkage=0.05


Tree=5
num_leaves=31
num_cat=0
split_feature=0 1 3 0 1 0 3 2 2 1 1 3 0 1 0 0 0 0 2 0 0 3 1 3 1 2 3 0 1 0
split_gain=11991.4 461.277 440.477 201.022 162.593 115.527 116.997 96.273 81.7044 61.8004 45.8579 44.854 45.3619 62.6326 41.0241 41.8823 38.0914 37.8928 34.3897 81.6145 47.355 30.1305 28.7867 28.3192 27.6162 27.0067 24.043 52.2215 22.5445 19.7137
threshold=-0.12344073632799642 0.37019619871380344 0.47475717087561692 -0.11767958478291825 0.67644877123664637 -0.12461434140906701 0.10774811314357652 0.7431183179234534 0.31533635236442442 0.056295875890931699 0.3295031205587276 0.38887515896050245 -0.12154102685717748 0.11158137081309864 -0.12505261219774624 -0.12478407029846351 -0.12466801612893076 -0.12439089307418942 0.32890699278871277 -0.12428347073300573 -0.12361908512234852 0.30581892598248922 0.57388964667810438 -0.041520865014897441 0.2876574810541685 0.23902118959476035 0.68107391235645431 -0.12456062391840446 0.31444063373428727 -0.12410508859361326
decision_type=2 2 2 2 2 2 2 2 2 2 2 2 2 2 2 2 2 2 2 2 2 2 2 2 2 2 2 2 2 2
left_child=2 3 4 11 5 7 8 14 -7 29 26 12 25 23 -1 -16 21 -10 19 -11 -20 -17 -3 -14 -19 -2 27 -4 -22 -8
right_child=1 22 10 -5 -6 6 9 -9 17 18 -12 -13 13 -15 15 16 -18 24 20 -21 28 -23 -24 -25 -26 -27 -28 -29 -30 -31
leaf_value=0.085960379722071864 -0.078578497615547305 -0.0060314487696858758 -0.052716760633749284 -0.08310399285438326 0.072805825183768422 -0.049255441137939768 -0.058257571432057724 0.058964861066591434 -0.053536227024922278 -0.060002719647159836 0.078234574696282602 -0.027121585638991138 -0.066704557254864835 -0.019777816531966183 -0.083365867771982349 -0.050146960607016691 -0.092266006096181311 -0.0030761148698131759 0.068122787704738785 0.046854658577592183 0.070664006436097687 0.043315835096053801 0.041679463413419764 -0.039012599302206408 0.054470667521337661 -0.055575016811344781 0.067688368510190292 0.051247450690707054 -0.034493748150356933 0.013872331830796308
leaf_weight=6.0468450337648383 361.90627211332321 181.06711962819099 14.388381794095038 1871.8616004884243 247.90470875799656 58.213915005326271 14.696594730019568 32.287055835127831 13.681871578097342 20.34864130616188 2221.684739485383 112.16252769529819 339.02582016587257 128.85832126438618 44.868864387273788 13.673938930034636 12.463443547487257 31.097919121384621 274.70642586052418 146.63250622153282 7.1736934930086163 23.345670521259308 38.30323588848114 126.87408767640591 63.250948160886765 197.07119429111481 140.77455937862396 75.247316420078278 17.604789167642593 26.650388240814209
leaf_count=25 1478 727 58 7811 1036 235 59 134 55 82 9422 450 1396 524 181 55 50 125 1128 593 29 96 154 515 256 798 589 306 72 107
internal_value=-0.000251616 -0.067796 0.064411 -0.0726965 0.0373904 0.0265076 0.0349024 -0.0161386 -0.00150481 0.0468212 0.0760326 -0.0573072 -0.0602418 -0.0506303 -0.040291 -0.0483822 -0.0166607 0.0242263 0.0520142 0.0338328 0.0621515 0.00879347 0.00229913 -0.0591635 0.0355029 -0.0704685 0.0548002 0.034559 -0.00404921 -0.0117659
internal_weight=6863.87 3357.13 3506.74 3137.76 1054.65 806.744 674.058 132.686 166.245 507.813 2452.09 1265.9 1153.74 594.758 100.399 94.3519 49.4831 108.031 466.466 166.981 299.485 37.0196 219.37 465.9 94.3489 558.977 230.41 89.6357 24.7785 41.347
internal_count=28546 13853 14693 12972 4318 3282 2741 541 671 2070 10375 5161 4711 2435 407 382 201 436 1904 675 1229 151 881 1911 381 2276 953 364 101 166
is_linear=0
shrinkage=0.05


Tree=6
num_leaves=31
num_cat=0
split_feature=3 1 1 3 3 1 2 1 2 2 2 1 3 2 3 3 2 1 1 1 2 4 3 5 2 2 1 2 2 3
split_gain=9548.54 897.713 850.41 183.858 181.175 122.997 120.452 87.8115 70.8311 53.4506 46.2678 43.3148 37.9068 26.4753 28.3373 26.0906 23.9339 37.6896 19.2097 18.6977 17.6362 17.0799 15.6477 14.8916 14.8137 14.2471 12.707 12.4057 15.7889 11.6199
threshold=0.18240986645667703 0.25510234708963492 0.3021232329742039 0.49601949385159233 0.65034044800697888 0.70305074913908006 0.57661404665988225 -0.081505386780538203 0.18404392879229672 0.34804166789022323 0.34804166789022323 0.045680134844560787 0.38887515896050245 0.32890699278871277 0.68107391235645431 -0.072777839426995131 0.36570196185717796 0.35510404255470562 -0.58668522273035417 0.44382920561090922 -0.08673927241634051 -0.01876976051400327 0.36789591662828242 0.99344226478068653 1.0000000180025095e-35 1.0000000180025095e-35 -0.02091403634487676 0.47843061812129456 0.57026150803621845 -0.14804976510902454
decision_type=2 2 2 2 2 2 2 2 2 2 2 2 2 2 2 2 2 2 2 2 2 2 2 2 2 2 2 2 2 2
left_child=1 7 4 6 8 9 16 25 12 15 23 -10 -2 14 -5 19 -4 -18 -6 -3 -20 -11 -19 -9 -14 -1 -26 -13 -29 -25
right_child=2 5 3 13 18 -7 -8 10 11 21 -12 27 24 -15 -16 -17 17 22 20 -21 -22 -23 -24 29 26 -27 -28 28 -30 -31
leaf_value=-0.079480395012310634 -0.049994720143235249 -0.054554044794197287 0.019042180810472167 0.037442056783403142 -0.04513892726410744 0.063714174277671107 0.072234479968552145 -0.06556822969018393 -0.021720802937140564 -0.010625786683598145 -0.022255965697099943 0.028485607504229543 -0.02418298037399258 0.077423163248247662 0.073659400117804238 -0.010968756450670646 -0.026038268045818793 0.035705576696520636 -0.0037220907966044946 -0.0092685124932252502 0.06121880030622423 0.020831814655507371 0.064492871158805976 -0.058892509063638548 -0.033440399904286947 -0.065711644350322326 0.03873390886363165 -0.02785671388087916 0.029662998326167079 -0.018764653215409981
leaf_weight=1926.3258886039257 128.10195644199848 86.790277123451233 231.77542056143284 89.312338963150978 4.8602424860000601 63.541606366634369 275.9278815984726 444.10657049715519 94.059692814946175 66.756728231906891 84.686389803886414 127.51375062763691 44.68547534942627 1950.1124861389399 136.634636759758 144.87613175809383 18.346132874488831 102.14930115640163 11.374433442950247 30.911706537008286 129.28236672282219 122.01646544039249 87.760948598384857 40.986798286437988 8.1845257729291898 208.18335618078709 23.926333665847778 25.873256340622902 22.139104127883911 32.224069133400917
leaf_count=8174 521 355 939 368 20 268 1177 1843 379 270 342 518 180 8453 586 584 74 419 46 124 547 495 369 171 33 867 97 105 90 132
internal_value=-0.000240147 -0.0619846 0.0569225 0.0683145 0.00378391 -0.00141659 0.0463358 -0.0733809 -0.0111843 -0.0105858 -0.0565155 0.00565765 -0.0333433 0.0755459 0.0593434 -0.0251749 0.0300957 0.0423975 0.0525903 -0.0426608 0.0559673 0.00970732 0.0490087 -0.0621239 -0.00556747 -0.0781375 0.0203379 0.020329 -0.00133365 -0.0412301
internal_weight=6763.43 3251.41 3512.02 2892.02 620.001 514.893 715.96 2736.51 474.484 451.351 602.004 269.586 204.898 2176.06 225.947 262.578 440.032 208.256 145.517 117.702 140.657 188.773 189.91 517.317 76.7963 2134.51 32.1109 175.526 48.0124 73.2109
internal_count=28546 13625 14921 12385 2536 2096 2978 11529 1923 1828 2488 1092 831 9407 954 1063 1801 862 613 479 593 765 788 2146 310 9041 130 713 195 303
is_linear=0
shrinkage=0.05


Tree=7
num_leaves=31
num_cat=0
split_feature=0 1 3 1 0 0 1 3 2 2 1 1 0 0 0 3 0 0 2 0 0 0 3 3 3 1 1 3 0 2
split_gain=10144.1 406.652 391.852 140.632 111.372 103.201 100.284 99.1944 86.5856 70.8976 52.0273 41.8018 36.9572 37.579 35.4734 41.902 34.3045 33.2533 29.7376 74.332 43.2344 28.4569 41.4231 26.5067 23.7111 23.4642 21.0103 20.8958 49.3072 21.3905
threshold=-0.12344073632799642 0.17501728532904276 0.47475717087561692 0.67644877123664637 -0.12461434140906701 -0.11767958478291825 0.43573896005983176 0.10774811314357652 0.7431183179234534 0.31533635236442442 0.056295875890931699 0.3295031205587276 -0.12505261219774624 -0.12478407029846351 -0.12226374627508542 0.15577652577153794 -0.12439089307418942 -0.12466801612893076 0.32890699278871277 -0.12428347073300573 -0.12361908512234852 -0.12137081103725832 -0.021376318482674139 0.30581892598248922 -0.35230885112141347 0.2876574810541685 0.31444063373428727 0.74300415299408207 -0.12456062391840446 0.65590572404562397
decision_type=2 2 2 2 2 2 2 2 2 2 2 2 2 2 2 2 2 2 2 2 2 2 2 2 2 2 2 2 2 2
left_child=2 5 3 4 8 21 14 9 12 -6 -9 27 -1 -14 15 -3 -11 23 19 -12 -20 -2 -23 -15 -16 -18 -22 28 29 -4
right_child=1 6 11 -5 7 -7 -8 10 -10 16 18 -13 13 17 24 -17 25 -19 20 -21 26 22 -24 -25 -26 -27 -28 -29 -30 -31
leaf_value=0.081423118672316941 -0.06683624818796205 -0.068951615694380269 -0.076056810049154391 0.068248937212215671 -0.045445335573150322 -0.078147889245625601 0.011644817925248054 -0.0098029644665769515 0.054783041989015784 -0.050644878509989437 -0.057617925239056428 0.073742714256275516 -0.080956979295128156 -0.048752319510971892 -0.048823088532240745 -0.02697188292072137 -0.0014757706785371819 -0.088298204597892782 0.064161114184352608 0.044388070862360178 0.067598997173315328 -0.057611606166339063 -0.023769317901774441 0.039206625529412953 -0.0076315898010069468 0.051650313031776279 -0.034260328848617454 0.065069973110212967 0.050710312182811614 0.039221341347264169
leaf_weight=5.8690228611230841 431.98557372391224 126.67378515005112 12.632209911942484 240.07053650915623 57.650703728199005 1792.7398865818977 144.52125889062881 41.277710318565369 31.499634400010109 13.696395784616469 20.356091022491455 2129.8994325250387 44.896837487816811 13.672007694840429 48.940081432461739 111.99758391082287 31.069787785410881 12.431358397006987 269.18405231833458 145.60494275391102 7.107492387294772 362.68282969295979 120.4486044049263 22.930648446083069 122.09472666680813 62.781525701284409 17.595835462212563 122.41000770032406 84.527752429246902 5.9052592962980262
leaf_count=25 1794 521 51 1036 235 7780 581 166 134 55 82 9422 181 55 202 451 125 50 1128 593 29 1531 495 96 498 256 72 530 348 24
internal_value=-0.000229809 -0.0631873 0.0602973 0.0346979 0.0245996 -0.0711739 -0.0241659 0.0328933 -0.0174895 -0.000706873 0.0439697 0.0715755 -0.0403008 -0.0479064 -0.0367979 -0.0492524 0.0232751 -0.0176444 0.0487965 0.0318764 0.0583515 -0.0575118 -0.0491744 0.00635176 -0.0194182 0.0340627 -0.00495398 0.0511031 0.0345148 -0.039334
internal_weight=6655.15 3262.08 3393.07 1037.69 797.624 2707.86 554.227 666.325 131.3 165.198 501.126 2355.37 99.7999 93.9309 409.706 238.671 107.548 49.034 459.848 165.961 293.887 915.117 483.131 36.6027 171.035 93.8513 24.7033 225.475 103.065 18.5375
internal_count=28546 13853 14693 4318 3282 11600 2253 2741 541 671 2070 10375 407 382 1672 972 436 201 1904 675 1229 3820 2026 151 700 381 101 953 423 75
is_linear=0
shrinkage=0.05


Tree=8
num_leaves=31
num_cat=0
split_feature=0 1 1 0 1 2 1 2 0 0 2 0 0 0 0 0 1 0 1 1 2 2 0 2 0 1 0 0 0 0
split_gain=9330.06 385.619 233.943 102.502 93.2671 88.5987 58.3297 39.5794 30.7098 29.5348 28.7205 42.4918 28.688 26.4373 24.8567 34.224 23.5765 20.185 19.2566 18.9969 17.8798 17.0351 16.8634 31.5597 15.6079 12.8628 12.3171 43.5429 14.9711 21.4853
threshold=-0.12344073632799642 0.17501728532904276 0.55342144563924889 -0.11767958478291825 0.37367960169683451 0.063599211411449488 0.3021232329742039 0.54248225842426712 -0.12237117513233074 -0.12428347073300573 0.32890699278871277 -0.12361908512234852 -0.12461434140906701 -0.12103816609106738 -0.12439089307418942 -0.12499890658235149 0.57388964667810438 -0.12288165824017697 0.69640792179212097 -0.032677564744921846 0.76449287742749061 0.40741087788131741 -0.12439089307418942 0.27180275085460687 -0.12490008976973245 0.18346413157836308 -0.12478407029846351 -0.1248291604495252 -0.12505261219774624 -0.12495340216371589
decision_type=2 2 2 2 2 2 2 2 2 2 2 2 2 2 2 2 2 2 2 2 2 2 2 2 2 2 2 2 2 2
left_child=2 3 5 13 8 9 14 18 -3 -1 12 26 -8 21 15 -7 17 -6 22 -15 24 -2 23 -4 -17 -16 27 28 -12 -30
right_child=1 4 7 -5 16 6 10 -9 -10 -11 11 -13 -14 19 25 20 -18 -19 -20 -21 -22 -23 -24 -25 -26 -27 -28 -29 29 -31
leaf_value=-0.053478577630999294 -0.066761154995375743 -0.053577133519738224 -0.017401371818601297 -0.076032187418535846 -0.023662750094950596 0.073325305857699752 -0.023564272059441779 0.072760865211490902 -0.023371845603808075 0.011964024626259014 0.074801013671448743 -0.005807857240966603 0.041889123400640493 -0.053090485448885782 0.028572473677304713 -0.082727190537528708 0.038431080479508925 0.010358522022022702 0.066552655124559323 -0.029911198313113532 0.049497824017778969 -0.037858558890220786 0.061843357471874839 0.045595174516740944 -0.0054039931672259919 0.050509960279548995 0.064129386332391777 -0.078908088959504186 0.005546883622075313 0.054388290821604804
leaf_weight=21.876432359218597 424.83662886917591 179.44784744083881 26.497820138931274 1751.5358024835587 79.281802579760551 17.443417519330978 18.90843103826046 1622.7985461950302 158.45396684110165 81.358041852712631 59.686845362186432 25.585237368941307 146.02946999669075 295.45730017125607 158.77712401747704 7.2205975502729407 38.08433373272419 96.866415873169899 154.62082304060459 126.12876483798027 13.583810254931448 57.933284997940063 67.41424523293972 79.616562560200691 67.867841944098473 115.37202973663807 492.04256726801395 6.3820360749959937 27.821155607700348 118.09882958233356
leaf_count=92 1792 738 113 7780 319 76 81 7334 652 337 270 105 612 1259 658 30 154 390 684 532 58 237 289 351 286 481 2156 26 124 530
internal_value=-0.000220094 -0.06107 0.0584186 -0.068974 -0.02305 0.0426476 0.0462554 0.0695584 -0.0394128 -0.00190393 0.0532285 0.0574882 0.0343856 -0.055304 0.0298513 0.00930415 0.00275864 -0.00495397 0.0537212 -0.0461558 -0.00328996 -0.0632928 0.0422879 0.0298643 -0.0128395 0.0378046 0.0597884 0.0497128 0.0537052 0.0450762
internal_weight=6537.03 3208.03 3329 2655.89 552.134 1378.05 1274.82 1950.95 337.902 103.234 894.555 729.617 164.938 904.356 380.265 106.116 214.233 176.148 328.149 421.586 88.6722 482.77 173.529 106.114 75.0884 274.149 704.031 211.989 205.607 145.92
internal_count=28546 13853 14693 11600 2253 5922 5493 8771 1390 429 3904 3211 693 3820 1589 450 863 709 1437 1791 374 2029 753 464 316 1139 3106 950 924 654
is_linear=0
shrinkage=0.05


Tree=9
num_leaves=31
num_cat=0
split_feature=0 3 1 1 0 3 0 1 0 1 0 0 1 1 0 1 0 3 3 3 1 3 3 0 3 0 3 0 4 3
split_gain=8586.01 380.417 367.396 129.01 102.369 95.419 87.5293 84.8883 67.6097 53.269 51.9975 49.4992 38.2246 36.0154 28.1451 26.4778 24.6231 39.9116 24.4274 21.846 21.3556 20.5936 20.3424 18.211 18.2439 18.0705 16.7864 47.1685 15.6001 14.945
threshold=-0.12344073632799642 0.47475717087561692 0.17501728532904276 0.70305074913908006 -0.11767958478291825 0.10774811314357652 -0.12473035782465937 0.37367960169683451 -0.12505261219774624 0.16705632796969622 -0.12428347073300573 -0.12397546300310962 0.29483071009780676 0.3021232329742039 -0.12237117513233074 0.55889043296723939 -0.12137081103725832 -0.021376318482674139 0.30581892598248922 0.38016702408636832 0.57388964667810438 -0.010042996419618233 -0.23759511722654789 -0.12288165824017697 -0.38357061315860469 -0.12103816609106738 0.7705499373911221 -0.12456062391840446 -0.076961835333332215 0.67081486982318228
decision_type=2 2 2 2 2 2 2 2 2 2 2 2 2 2 2 2 2 2 2 2 2 2 2 2 2 2 2 2 2 2
left_child=1 3 4 5 16 10 8 14 -7 11 -1 -8 26 -12 18 -10 19 -18 -4 -2 23 25 -15 -9 -25 -16 27 -3 -24 -14
right_child=2 12 7 -5 -6 6 9 20 15 -11 13 -13 29 22 21 -17 17 -19 -20 -21 -22 -23 28 24 -26 -27 -28 -29 -30 -31
leaf_value=-0.05194484221096024 -0.06697297319835549 -0.041170288935030559 -0.06245087554359189 0.066901052558116791 -0.074126489052353764 0.076281766704642928 -0.047471215167379933 -0.022472258550966243 -0.068082811297287632 0.045652855729446537 -0.024725419544400173 0.032866749179551923 0.061984014249702672 -0.025087319469528663 -0.060347257687392734 -0.0056146147442779279 -0.053829362792444747 -0.020335016890459676 -0.020588335401086382 -0.035777475354605924 0.036647936422468115 0.0011314771235293791 0.0017315204733046919 -0.048401708651302333 0.017920057139837967 -0.017305570294366177 0.062265616792477607 0.048503007864016012 0.054385757136135041 0.072240250563285605
leaf_weight=51.105353832244873 354.10112519562244 17.976875826716423 130.61115446686745 202.3399802595377 1707.8433669805527 16.116850152611732 31.391062662005424 79.306990966200829 34.801618635654449 459.80460716784 53.946029514074326 49.261698096990585 455.53769749403 14.988117381930349 43.489142760634422 33.093611270189285 353.18472068011761 118.87520262598991 47.527253583073616 66.691361486911774 37.944059237837791 58.868566602468491 19.760921254754066 11.808216542005537 85.086424559354782 55.513242468237877 86.157173782587051 79.585262939333916 48.819405898451805 1612.4101868867874
leaf_count=208 1524 74 547 913 7780 72 127 319 142 1950 220 201 2088 61 181 141 1531 495 191 270 154 240 81 48 342 231 383 334 202 7496
internal_value=-0.000212107 0.0565816 -0.0591012 0.0311751 -0.0669539 0.0222845 0.0316981 -0.0219797 -0.0157808 0.0390786 -0.00888142 0.00159821 0.0680392 0.0071225 -0.0376591 -0.0376345 -0.0532342 -0.0453947 -0.051282 -0.0620288 0.00262242 -0.0222874 0.0276813 -0.00470479 0.00983765 -0.0362127 0.0461826 0.0319797 0.0392138 0.069981
internal_weight=6417.95 3267.1 3150.85 1015.43 2600.7 813.089 624.469 550.155 84.0121 540.457 188.62 80.6528 2251.67 137.514 336.009 67.8952 892.852 472.06 178.138 420.792 214.146 157.871 83.5684 176.202 96.8946 99.0024 183.719 97.5621 68.5803 2067.95
internal_count=28546 14693 13853 4318 11600 3405 2633 2253 355 2278 772 328 10375 564 1390 283 3820 2026 738 1794 863 652 344 709 390 412 791 408 283 9584
is_linear=0
shrinkage=0.05


Tree=10
num_leaves=31
num_cat=0
split_feature=0 1 3 1 0 1 0 2 2 3 3 0 1 3 1 1 0 2 3 3 1 3 0 0 3 0 2 2 0 0
split_gain=7871.21 373.659 357.239 132.249 102.87 99.7791 94.1475 91.0603 86.2485 56.4454 51.9299 42.4765 41.8931 39.3432 35.6521 34.2157 32.501 32.3764 31.5562 31.3392 28.1069 26.8401 36.3054 25.829 24.6269 49.6455 26.4575 22.73 22.6544 26.5264
threshold=-0.12344073632799642 0.17501728532904276 0.48869333039222784 0.70305074913908006 -0.11767958478291825 0.40915824691346486 -0.12461434140906701 0.75681758608772565 0.13536480398097889 -0.15793564955076031 0.35269946885284992 -0.12397546300310962 0.3295031205587276 0.10774811314357652 -0.011185710765596451 0.42346894257763756 -0.1219321436824016 0.38423477047265098 -0.35230885112141347 0.15577652577153794 0.57388964667810438 0.21069450596580633 -0.12147946636493186 -0.12103816609106738 0.74300415299408207 -0.12456062391840446 0.65590572404562397 -0.17237203810764759 -0.12490008976973245 -0.12505261219774624
decision_type=2 2 2 2 2 2 2 2 2 2 2 2 2 2 2 2 2 2 2 2 2 2 2 2 2 2 2 2 2 2
left_child=2 4 3 6 21 16 7 10 11 -10 -1 -8 24 -13 -11 -12 19 -17 -18 -3 -7 23 -23 -2 25 26 -4 -25 29 -19
right_child=1 5 12 -5 -6 20 8 -9 9 14 15 13 -14 -15 -16 17 18 28 -20 -21 -22 22 -24 27 -26 -27 -28 -29 -30 -31
leaf_value=-0.06656077994942193 -0.065811506547695908 -0.060346968093222868 -0.077770791832404956 0.065488912096567584 -0.07240311942826004 0.0015440496660915487 -0.059560096990690072 0.055397489760706992 -0.020259035997087137 -0.013783519658512898 -0.07111853242336201 -0.055012725311236611 0.068798361104110958 0.03375557847152675 0.044081690917781739 -0.09544310595356216 -0.047852263287106518 0.072701735567437184 0.0044250955251840147 -0.025084563644073417 0.050816741963267298 -0.045331206959758508 0.011427479996337959 -0.06091375420715426 0.061127125901778101 0.045453433077436017 0.046283019139668292 -0.036125885728587624 0.068777290223179396 -0.07172280605235376
leaf_weight=61.710981637239456 326.06234842538834 137.29498605430126 14.667546123266222 221.12655699253082 1662.4532237201929 131.11922383308411 33.312484920024872 36.467783808708191 40.113513812422752 28.035097226500511 12.758881106972693 17.019760295748711 1936.0048951357603 46.820226356387138 526.94198510050774 5.1030414104461661 43.700591668486595 5.3409104198217392 85.040997102856636 116.45347280800343 37.141181796789169 132.68943497538567 35.768557101488113 160.33573371171951 118.5326285213232 79.323244541883469 6.0794801712036124 218.53687664866447 23.209273114800457 7.8556349426507897
leaf_count=252 1438 582 59 1022 7781 527 136 162 164 113 52 70 9232 192 2244 21 184 25 349 472 152 551 147 703 538 336 25 953 102 32
internal_value=5.88526e-05 -0.0569963 0.0547431 0.0310656 -0.0651038 -0.0196669 0.0220541 -0.013517 0.0298876 0.0370186 -0.0351861 -0.0137923 0.0664556 0.0100899 0.0411586 0.000491879 -0.0337823 0.0225033 -0.0133202 -0.0441639 0.0124203 -0.0512099 -0.0332797 -0.0554947 0.0457073 0.0274426 -0.0414194 -0.0466159 0.039036 -0.0132713
internal_weight=6307.02 3086.6 3220.42 1065.82 2535.85 550.75 844.69 152.447 692.243 595.091 115.979 97.1525 2154.61 63.84 554.977 54.2677 382.49 41.5089 128.742 253.748 168.26 873.393 168.458 704.935 218.603 100.07 20.747 378.873 36.4058 13.1965
internal_count=28616 13839 14777 4587 11573 2266 3565 646 2919 2521 484 398 10190 262 2357 232 1587 180 533 1054 679 3792 698 3094 958 420 84 1656 159 57
is_linear=0
shrinkage=0.05


Tree=11
num_leaves=31
num_cat=0
split_feature=0 1 3 1 0 1 0 2 2 0 3 3 1 1 0 0 3 0 3 3 3 3 0 1 0 3 0 2 3 1
split_gain=7266.07 356.987 344.697 124.963 103.174 90.7834 85.6463 84.6896 79.392 78.6385 54.9709 44.8031 41.4092 39.5304 46.4216 36.3902 33.6306 29.8685 31.5453 27.1737 26.9506 25.7295 33.171 25.6183 24.7057 23.362 45.2498 23.9036 23.3342 26.4858
threshold=-0.12344073632799642 0.17501728532904276 0.48869333039222784 0.70305074913908006 -0.11767958478291825 0.40915824691346486 -0.12461434140906701 0.64267179698434562 0.32890699278871277 -0.12397546300310962 -0.021376318482674139 0.29914924664940667 0.3295031205587276 0.27044015663706339 -0.12439089307418942 -0.12361908512234852 0.15577652577153794 -0.12199494011467023 0.08731622828342557 0.098224033806202912 -0.2917622453919762 0.21069450596580633 -0.12147946636493186 0.57388964667810438 -0.12103816609106738 0.74300415299408207 -0.12456062391840446 0.65590572404562397 0.35269946885284992 0.42346894257763756
decision_type=2 2 2 2 2 2 2 2 2 2 2 2 2 2 2 2 2 2 2 2 2 2 2 2 2 2 2 2 2 2
left_child=2 4 3 6 21 17 7 28 9 11 -11 -8 25 14 -10 -15 -9 18 -3 -17 -19 24 -23 -7 -2 26 27 -4 -1 -30
right_child=1 5 12 -5 -6 23 8 16 13 10 -12 -13 -14 15 -16 19 -18 20 -20 -21 -22 22 -24 -25 -26 -27 -28 -29 29 -31
leaf_value=-0.072992066827399033 -0.063865078319462865 -0.062398388420241091 -0.073931341764429656 0.06380054980777336 -0.070838555366455044 0.0014668522709036075 -0.066597696628864708 -0.046037616354306782 -0.068369153817864764 -0.043527991244322238 0.038788430448711796 0.0037481796190968644 0.067299253716595855 0.05559647638057278 0.028320085987283562 0.053472847982840271 0.043394456527519991 -0.041370057292336677 -0.026342154817693759 -0.043432654708872413 0.0043828689131147963 -0.043426201393535896 0.010836302173754199 0.048643617794867477 -0.044925469325155322 0.059376672436722566 0.043669150812524135 0.044302792560826004 -0.087400588953781166 0.0066913254361007715
leaf_weight=43.139487743377686 319.37013943493366 111.29655456542969 14.657870247960092 215.76576890051365 1615.4046665877104 131.11875773966312 44.547901153564453 12.854783788323401 14.416912093758581 23.649673461914062 142.40651346743107 46.013813883066177 1881.5557559281588 296.60182373225689 89.344244554638863 12.525028064846994 57.681323602795601 52.777128294110298 133.3355705589056 17.125711485743523 82.497584089636803 131.61228847503662 35.832238122820854 36.867378577589989 373.61722040176392 115.9905222505331 78.458321124315262 6.0347982794046393 10.303476423025129 27.284102588891983
leaf_count=175 1438 480 59 1022 7781 527 182 53 59 98 592 191 9232 1305 369 52 258 224 545 71 338 551 147 152 1656 538 336 25 42 118
internal_value=5.83806e-05 -0.0553075 0.0531988 0.0298682 -0.0633893 -0.0187869 0.0211303 -0.0129282 0.0286333 0.00662457 0.0270649 -0.0308554 0.0649232 0.0417673 0.0148858 0.0503167 0.027096 -0.0323208 -0.0427461 -0.00249795 -0.0134675 -0.0494039 -0.0318143 0.0118206 -0.053654 0.0441431 0.0263224 -0.0394496 -0.0478997 -0.0191011
internal_weight=6174.09 3023.73 3150.36 1053.66 2475.84 547.893 837.895 151.263 686.632 256.618 166.056 90.5617 2096.7 430.014 103.761 326.253 70.5361 379.907 244.632 29.6507 135.275 860.432 167.445 167.986 692.987 215.142 99.151 20.6927 80.7271 37.5876
internal_count=28616 13839 14777 4587 11573 2266 3565 646 2919 1063 690 373 10190 1856 428 1428 311 1587 1025 123 562 3792 698 679 3094 958 420 84 335 160
is_linear=0
shrinkage=0.05


Tree=12
num_leaves=31
num_cat=0
split_feature=0 1 3 1 1 0 0 2 2 3 3 1 3 1 2 0 3 3 1 0 0 0 1 3 0 3 0 5 2 3
split_gain=6714.49 343.176 332.969 118.193 96.1641 87.3999 78.2637 76.6906 70.8491 51.3263 48.0509 40.9902 40.2081 37.9984 38.7876 31.865 33.4717 33.3555 30.4162 39.2452 25.9811 24.423 23.3762 23.3121 37.3899 22.179 41.2786 21.7013 21.6557 20.7336
threshold=-0.12344073632799642 0.12816660757737217 0.48869333039222784 0.70305074913908006 0.40915824691346486 -0.11767958478291825 -0.12456062391840446 0.75681758608772565 0.13536480398097889 -0.15793564955076031 0.35269946885284992 0.3295031205587276 0.24694571193543538 0.40915824691346486 0.38423477047265098 -0.1219321436824016 -0.35230885112141347 0.15577652577153794 0.16705632796969622 -0.12397546300310962 -0.12410508859361326 -0.12478407029846351 0.57388964667810438 -0.041520865014897441 -0.12103816609106738 0.74300415299408207 -0.12456062391840446 0.77605489695015872 0.65590572404562397 -0.13622877045347118
decision_type=2 2 2 2 2 2 2 2 2 2 2 2 2 2 2 2 2 2 2 2 2 2 2 2 2 2 2 2 2 2
left_child=2 5 3 6 15 23 7 10 12 -10 -1 25 -8 -12 -15 17 -17 -3 19 -11 -14 -16 29 -2 -25 26 28 -18 -4 -6
right_child=1 4 11 -5 22 -7 8 -9 9 18 13 -13 20 14 21 16 27 -19 -20 -21 -22 -23 -24 24 -26 -27 -28 -29 -30 -31
leaf_value=-0.053689799331649003 -0.056771486452878821 -0.058254406669757335 -0.070478227432199489 0.062225879107878336 -0.035330852995713133 -0.069410360054830242 -0.050005951152114148 0.05400978830884217 -0.019918509329135751 -0.033479076707979803 -0.068112690364509676 0.065916880574387424 -0.047334740437302597 -0.091964532237044511 -0.0033602698030603243 -0.046120180895217244 -0.0094976288987334775 -0.024793458294490714 0.044356014713858111 0.037741293283023364 0.034918814174057837 0.073695516532488722 0.046603981695473029 -0.049396475251665038 -0.012806205118814716 0.057730699179402802 0.041975376467533139 0.049339441270240481 0.042435358691825902 0.012158113673976106
leaf_weight=75.007301703095436 411.19305129349232 160.09215106070042 14.608365118503572 210.3036532253027 29.721310913562775 1562.8168125897646 39.925502821803093 37.445226475596428 39.631126806139946 30.742344751954079 13.65688209235668 1826.3652827441692 12.45320977270603 6.0817764103412619 17.105826482176777 59.122441574931145 93.645022064447403 139.27002902328968 438.54133981466293 52.16326168179512 41.907900586724281 25.78219819068909 36.564576551318169 249.78652673959732 96.902150258421898 113.398831859231 77.565984100103378 18.821954891085625 5.9865863323211661 101.39686122536659
leaf_count=311 1887 705 59 1022 120 7759 165 171 163 125 56 9232 51 25 74 258 392 571 1915 216 174 119 152 1097 413 538 336 78 25 407
internal_value=5.80155e-05 -0.0537212 0.0517526 0.0287429 -0.0212638 -0.0626532 0.0202636 -0.00943391 0.0281972 0.0349364 -0.0266946 0.0635034 -0.0119063 0.00563717 0.0262048 -0.032841 -0.0156623 -0.0426876 0.0391055 0.011332 0.0160759 0.0429619 0.011252 -0.0487194 -0.0391692 0.0426684 0.025268 0.000349072 -0.0376563 0.00139352
internal_weight=6038.01 2959.33 3078.67 1040.75 638.634 2320.7 830.444 175.079 655.365 561.078 137.634 2037.93 94.2866 62.6267 48.9698 470.952 171.589 299.362 521.447 82.9056 54.3611 42.888 167.683 757.882 346.689 211.56 98.1609 112.467 20.595 131.118
internal_count=28616 13839 14777 4587 2683 11156 3565 756 2809 2419 585 10190 390 274 218 2004 728 1276 2256 341 225 193 679 3397 1510 958 420 470 84 527
is_linear=0
shrinkage=0.05


Tree=13
num_leaves=31
num_cat=0
split_feature=0 0 3 1 2 0 3 2 0 1 3 0 0 2 0 1 0 1 0 3 1 1 1 0 2 3 2 3 4 3
split_gain=6209.92 330.847 322.912 160.96 131.95 136.091 75.8938 50.0118 49.5565 43.4493 42.9931 38.3465 37.2031 35.3789 35.0995 42.227 30.7198 30.2114 30.1037 29.0053 30.7296 27.999 26.1443 24.751 24.3111 21.6982 20.9991 18.9256 19.9909 18.6151
threshold=-0.12344073632799642 -0.11767958478291825 0.54843905024852702 0.39303790757652096 0.59532601916349093 -0.12461434140906701 0.16520100891014819 0.34804166789022323 -0.12505261219774624 0.47818402332386084 0.15577652577153794 -0.12478407029846351 -0.12439089307418942 -0.1590971506999955 -0.12103816609106738 0.066179487506407023 -0.12243348474258348 0.29483071009780676 -0.12397546300310962 0.35269946885284992 0.42346894257763756 -0.02091403634487676 0.57388964667810438 -0.12461434140906701 0.36570196185717796 -0.17043946002766455 0.034084822387116062 -0.13622877045347118 0.2660664956951056 -0.35230885112141347
decision_type=2 2 2 2 2 2 2 2 2 2 2 2 2 2 2 2 2 2 2 2 2 2 2 2 2 2 2 2 2 2
left_child=2 3 4 10 5 8 7 18 -1 23 14 -10 -9 -8 24 -16 -12 -4 -7 -13 -21 -15 27 -6 -2 -20 -27 -5 -29 -14
right_child=1 -3 17 22 9 6 13 12 11 -11 16 19 29 21 15 -17 -18 -19 25 20 -22 -23 -24 -25 -26 26 -28 28 -30 -31
leaf_value=0.07295072788624174 -0.062075729998486401 -0.068199133865685116 0.042176536989220824 -0.032831923532701389 -0.019821122461762264 -0.066658223600939065 -0.026682735879672854 -0.054197116837527141 -0.079482408779027791 0.060868850373427014 -0.038254256016368636 -0.055766096881644148 -0.039377694376399347 -0.013019411270283511 -0.046593367290916649 -0.010713592719545209 -0.007083898551424943 0.065564239056062207 -0.0720688214677042 -0.075190774308131772 0.053636920697985049 0.042577743412017061 0.047001106995981451 0.040803859719054474 -0.029040104687984306 -0.055269202634609764 0.026429836832207804 -0.006562896178653012 0.036114895451006566 0.040989985851231675
leaf_weight=9.5683579146862012 369.18377631902695 1528.8341148346663 150.54412584006786 34.896402969956398 27.011778607964516 31.993507072329521 20.969795092940331 13.642246454954146 45.388704404234886 333.3858615309 199.82684125006199 23.112917006015778 7.8693506419658652 23.874746978282928 297.75094400346279 113.17181459069252 130.77601204812527 1667.9632737934589 10.162193328142164 6.137988448143008 18.827517598867416 439.74313431978226 35.768745258450508 44.688774511218071 65.583429545164108 10.055378973484038 36.109187498688698 74.886436432600021 43.306996122002602 85.363788038492203
leaf_count=46 1712 7825 699 142 115 132 88 57 194 1651 840 96 32 97 1369 490 552 8695 43 25 89 1969 150 196 284 42 148 301 174 363
internal_value=5.75928e-05 -0.052224 0.050384 -0.0343333 0.0301093 0.0181219 0.0262382 -8.4978e-05 -0.0354264 0.0532748 -0.0412127 -0.0465211 0.0229221 0.0368414 -0.0471894 -0.0367118 -0.0259243 0.0636281 -0.0279256 -0.0154037 0.0219635 0.0397147 0.00851436 0.0179646 -0.0570924 -0.00592561 0.00863448 -0.000477891 0.00907458 0.0342065
internal_weight=5900.4 2893.99 3006.41 1365.15 1187.91 782.819 679.783 195.196 103.035 405.086 1176.29 93.4671 106.875 484.588 845.69 410.923 330.603 1818.51 88.3203 48.0784 24.9655 463.618 188.859 71.7006 434.767 56.3268 46.1646 153.09 118.193 93.2331
internal_count=28616 13839 14777 6014 5383 3421 2971 817 450 1962 5247 404 452 2154 3855 1859 1392 9394 365 210 114 2066 767 311 1996 233 190 617 475 395
is_linear=0
shrinkage=0.05


Tree=14
num_leaves=31
num_cat=0
split_feature=0 0 3 1 2 0 3 2 0 1 3 0 0 0 2 0 1 1 2 1 0 3 1 1 1 0 1 3 2 3
split_gain=5746.85 325.672 313.335 148.972 124.158 123.974 69.6177 45.4602 45.3284 41.8082 38.7419 35.6708 34.6465 34.1849 32.4174 30.9737 38.9837 30.5547 30.2415 27.5634 27.4428 26.3147 28.1791 25.7803 21.2571 20.4934 21.4895 19.9304 19.0836 18.981
threshold=-0.12344073632799642 -0.11767958478291825 0.54843905024852702 0.37367960169683451 0.59532601916349093 -0.12461434140906701 0.16520100891014819 0.34804166789022323 -0.12505261219774624 0.46176590460686634 0.010492569298552254 -0.1219321436824016 -0.12428347073300573 -0.12478407029846351 -0.1590971506999955 -0.12103816609106738 -0.011185710765596451 0.29483071009780676 0.19326741921827142 0.55889043296723939 -0.12397546300310962 0.35269946885284992 0.42346894257763756 -0.02091403634487676 0.43918468966652241 -0.12473035782465937 0.17501728532904276 -0.17043946002766455 0.034084822387116062 0.36081956237546819
decision_type=2 2 2 2 2 2 2 2 2 2 2 2 2 2 2 2 2 2 2 2 2 2 2 2 2 2 2 2 2 2
left_child=2 3 4 10 5 8 7 20 -1 25 15 18 24 -10 -8 -2 -17 -4 29 -5 -7 -15 -23 -16 -9 -6 -27 -22 -29 -12
right_child=1 -3 17 19 9 6 14 12 13 -11 11 -13 -14 21 23 16 -18 -19 -20 -21 27 22 -24 -25 -26 26 -28 28 -30 -31
leaf_value=0.071398030910207341 -0.061020798469121597 -0.067001325154316324 0.040677021601297041 -0.0038628792615259793 -0.032947619434793372 -0.063867827431351124 -0.025274656552353732 -0.09207343943229801 -0.075422062188895592 0.059068895777493247 -0.064322818248326516 -0.011268322923448537 0.036298987219204576 -0.053169632160839302 -0.012366533470632405 -0.051482195712696299 -0.017168280607658404 0.064388323215424106 -0.023780520153897866 0.0407505151296799 -0.069695137007956556 -0.072085064454704556 0.051995659417568653 0.040996640919670015 0.0083982182351929838 -0.014316235483963716 0.055184841959106203 -0.053091541236651378 0.025129797985235992 -0.027368896005937601
leaf_weight=9.2945617735385877 277.33432134985924 1479.6054725050926 148.34574292600155 171.43358306586742 16.419818297028542 31.728383854031563 21.029538556933403 9.2348055094480532 45.438758417963982 330.05741809308529 124.00077167153358 169.95544537901878 84.731020167469978 23.031518846750259 23.878326401114464 222.35708147287369 131.85420942306519 1614.8518621921539 160.04417429864407 43.382393136620522 9.9873126447200757 6.0836618840694454 18.460136890411377 434.01498410105705 12.24509586393833 16.867718666791916 32.651105105876923 9.9471891671419126 36.079101115465164 48.277375340461731
leaf_count=46 1315 7825 699 694 69 132 88 38 194 1676 568 732 362 96 97 1052 585 8695 685 182 43 25 89 1969 52 69 148 42 148 201
internal_value=5.70244e-05 -0.0508028 0.0490773 -0.0330311 0.02903 0.0173944 0.0251913 -8.11241e-05 -0.0338851 0.0518073 -0.0402644 -0.0299006 0.0219206 -0.0444057 0.0354261 -0.0485069 -0.0387089 0.0623934 -0.0394295 0.00514686 -0.026714 -0.0147823 0.0212398 0.0382138 -0.0347973 0.0154594 0.0315105 -0.00566859 0.00822462 -0.0539672
internal_weight=5762.62 2828.24 2934.38 1348.64 1171.18 775.184 672.876 193.953 102.309 395.996 1133.82 502.278 106.211 93.0141 478.923 631.546 354.211 1763.2 332.322 214.816 87.742 47.5753 24.5438 457.893 21.4799 65.9386 49.5188 56.0136 46.0263 172.278
internal_count=28616 13839 14777 6014 5383 3421 2971 817 450 1962 5138 2186 452 404 2154 2952 1637 9394 1454 876 365 210 114 2066 90 286 217 233 190 769
is_linear=0
shrinkage=0.05


Tree=15
num_leaves=31
num_cat=0
split_feature=0 0 2 1 1 0 1 1 0 4 2 2 0 0 1 0 2 1 2 0 2 2 4 0 2 0 2 0 0 5
split_gain=5432.75 313.711 191.717 114.409 57.8062 44.5724 36.5898 34.937 32.1169 33.0886 30.4515 30.2394 28.5181 25.682 38.6248 20.6237 24.9459 18.8037 15.3461 14.3278 14.569 13.4861 13.4408 12.3228 11.9086 11.9067 11.7874 11.6189 31.9015 10.9056
threshold=-0.12344073632799642 -0.11767958478291825 0.54248225842426712 0.2634425011689816 0.29483071009780676 -0.12439089307418942 0.42346894257763756 0.568700555771261 -0.12170864928456805 1.0716890947641027 0.044022977315708693 0.32890699278871277 -0.12361908512234852 -0.12456062391840446 0.69640792179212097 -0.12154102685717748 0.26515549430744295 -0.05846654975882843 0.44931224784590279 -0.11846505852002982 -0.1590971506999955 0.034084822387116062 0.97534026838863364 -0.12293411094545988 0.054321263540591351 -0.12092642215018143 1.0000000180025095e-35 -0.12478407029846351 -0.1248291604495252 0.90144041133160757
decision_type=2 2 2 2 2 2 2 2 2 2 2 2 2 2 2 2 2 2 2 2 2 2 2 2 2 2 2 2 2 2
left_child=2 3 4 15 5 24 -4 8 9 23 -7 13 27 14 -6 16 -2 26 -14 20 -19 -10 29 -5 -1 -24 -17 28 -13 -22
right_child=1 -3 6 7 11 10 -8 -9 21 -11 -12 12 18 -15 -16 17 -18 19 -20 -21 22 -23 25 -25 -26 -27 -28 -29 -30 -31
leaf_value=-0.096024283170849642 -0.057482205262391686 -0.065894875792730623 0.036036799262989472 -0.03829572616117112 -0.02394517368952441 -0.018680058662732237 0.062427061783113837 0.035710720441413865 0.029936123412953704 0.033893731103777629 0.030457194630346081 0.043246250689389566 0.022332372343449376 0.036383912237804968 0.043042597930876496 -0.05076191669324779 -0.03248198392965447 -0.04401704379635149 -0.060304101339938999 0.017403369877504078 -0.029832249455116141 -0.017925576498709898 -0.031900454632874518 -0.016059733513035742 -0.019280798833699247 0.067180229386684318 -0.030006754279191212 0.054028956935564747 -0.05841686018634909 0.012546197491608686
leaf_weight=5.7091265320777884 302.22853913903236 1428.1172830015421 144.23008425533772 127.05208027362823 49.813078358769417 36.696563690900803 1470.1977220773697 39.023455783724785 49.885387048125267 24.159069031476974 223.96090392768383 160.98901438713074 17.192373737692836 253.49186077713966 37.884254157543182 178.8329389244318 148.96216067671776 78.622298523783684 8.3452269881963712 19.648586794734001 84.543102771043777 20.877785161137581 4.7420548796653739 122.26821792125702 44.114716723561287 8.4091302305459958 110.78612752258778 396.18867912888527 8.1050543040037137 18.503638610243797
leaf_count=25 1442 7813 684 532 237 157 8070 166 205 100 989 865 74 1181 200 848 665 354 35 90 384 87 22 514 199 38 516 2015 36 83
internal_value=0.000344745 -0.0495947 0.0487065 -0.0322038 0.0339422 0.0152568 0.0600694 -0.00912583 -0.0142085 -0.0219772 0.0235394 0.0401669 0.047011 0.0283153 0.00499278 -0.0414629 -0.0492283 -0.0345125 -0.00467174 -0.0232905 -0.0273946 0.0158151 -0.0161475 -0.0273911 -0.0280745 0.0314537 -0.0428226 0.0493459 0.0383733 -0.0222225
internal_weight=5623.58 2766.66 2856.92 1338.54 1242.49 310.481 1614.43 383.266 344.243 273.479 260.657 932.01 590.82 341.189 87.6973 955.279 451.191 504.088 25.5376 214.469 194.82 70.7632 116.198 249.32 49.8238 13.1512 289.619 565.283 169.094 103.047
internal_count=28626 13859 14767 6046 6013 1370 8754 1604 1438 1146 1146 4643 3025 1618 437 4442 2107 2335 109 971 881 292 527 1046 224 60 1364 2916 901 467
is_linear=0
shrinkage=0.05


Tree=16
num_leaves=31
num_cat=0
split_feature=0 0 3 2 0 3 3 0 0 2 2 0 3 0 2 0 3 0 2 2 3 3 2 3 0 3 0 2 4 0
split_gain=5027.36 310.563 280.968 109.334 117.799 64.9628 54.0448 50.6085 45.0057 31.0144 29.6374 29.877 28.3155 28.1517 22.0661 25.2531 42.0592 21.2031 25.6871 20.2549 17.2777 16.7437 16.6783 14.9937 14.5987 50.7748 13.7229 15.9745 13.4697 12.8747
threshold=-0.12344073632799642 -0.11767958478291825 0.54843905024852702 0.57661404665988225 -0.12473035782465937 -0.010042996419618233 0.16520100891014819 -0.12505261219774624 -0.12428347073300573 0.34804166789022323 0.10083055858262817 -0.12428347073300573 0.40307960522875502 -0.1219321436824016 0.75681758608772565 -0.1246729743289999 0.18240986645667703 -0.12103816609106738 0.4219304684031896 0.29373732209607278 -0.19741993156817111 0.90479940894886701 0.46246499027735916 -0.13622877045347118 -0.12473035782465937 0.78594260636694713 -0.12391856860914489 0.13536480398097889 -0.22434741398351407 -0.12505261219774624
decision_type=2 2 2 2 2 2 2 2 2 2 2 2 2 2 2 2 2 2 2 2 2 2 2 2 2 2 2 2 2 2
left_child=2 5 3 4 7 17 8 -1 22 23 11 -8 13 -7 15 16 -5 18 -2 24 -19 -14 -6 -10 25 -4 -25 -28 -12 -18
right_child=1 -3 19 14 6 12 10 -9 9 -11 28 -13 21 -15 -16 -17 29 20 -20 -21 -22 -23 -24 26 -26 -27 27 -29 -30 -31
leaf_value=0.069265242603638325 -0.056633556317344208 -0.064882671713153747 -0.076101720974486919 -0.052593929326691435 -0.08299341624142248 -0.033284533467206182 -0.072090616327815382 -0.067891287700730774 -0.053044745585831658 0.033437943561092198 0.020512313868071931 0.015824730970315094 -0.0022002808061630723 -0.0089244269791686672 0.061331470805748849 0.053801859464912831 0.065550138230081045 -0.041057378795484198 -0.012948686394291345 0.062306551394755549 -0.017379010894369652 0.092817168186141996 -0.0095762504067989397 -0.03675621001109481 0.052203078878087984 0.051469500903234135 -0.030946840228471065 0.038131672652837338 0.041535792671079624 0.021198990425063274
leaf_weight=7.7084676027297965 277.24357815086842 1379.1188116669655 10.564886823296545 16.93494088947773 19.666761741042137 343.55068461596966 11.670221105217932 52.747464165091515 17.207268998026848 75.371360257267952 100.99785631895065 56.208577394485474 122.7674206495285 181.12988583743572 190.3831844329834 112.94067384302616 23.196177631616592 241.95898240804672 38.299190893769264 1490.2529981136322 113.03068195283413 4.8184145987033835 12.751139655709265 17.336081340909004 140.2740415930748 29.801443666219711 12.136353909969328 26.96184441447258 310.15519399940968 55.549082279205322
leaf_count=40 1344 7813 50 75 82 1534 49 228 74 328 460 240 508 792 1032 557 129 1158 166 8520 523 21 54 72 722 161 51 111 1455 277
internal_value=0.000334661 -0.0482809 0.0474016 0.0280234 0.0164009 -0.0309723 0.0225159 -0.0504031 -0.000724805 0.0108905 0.0313182 0.000709679 -0.0197378 -0.024875 0.0490229 0.0377903 0.0188902 -0.0419007 -0.0513313 0.0603899 -0.0335181 0.00138815 -0.0541158 -0.0121867 0.0445781 0.0180809 0.000271285 0.0166892 0.0363715 0.0342636
internal_weight=5492.73 2701.92 2790.82 1119.92 720.919 1322.8 660.463 60.4559 181.431 149.013 479.032 67.8788 652.266 524.681 399.004 208.621 95.6802 670.532 315.543 1670.89 354.99 127.586 32.4179 73.6415 180.64 40.3663 56.4343 39.0982 411.153 78.7453
internal_count=28626 13859 14767 5314 3244 6046 2976 268 772 636 2204 289 2855 2326 2070 1038 481 3191 1510 9453 1681 529 136 308 933 211 234 162 1915 406
is_linear=0
shrinkage=0.05


Tree=17
num_leaves=31
num_cat=0
split_feature=0 0 3 2 0 0 3 3 0 2 2 0 3 0 2 2 2 0 2 3 3 3 3 0 3 3 0 0 2 4
split_gain=4657.5 308.619 274.115 103.215 92.2998 67.7815 61.1678 54.0483 42.191 36.2088 32.5264 27.0631 25.828 25.8536 23.9953 20.9051 20.4072 20.0772 24.4147 16.4983 16.2204 15.3239 14.6302 13.9483 55.4252 13.7432 12.5974 12.4438 14.4845 12.4368
threshold=-0.12344073632799642 -0.11767958478291825 0.54843905024852702 0.6801358001953558 -0.12473035782465937 -0.12505261219774624 -0.010042996419618233 0.16520100891014819 -0.12428347073300573 0.34804166789022323 0.10083055858262817 -0.12428347073300573 0.40307960522875502 -0.1219321436824016 0.57026150803621845 0.46246499027735916 0.29373732209607278 -0.12103816609106738 0.4219304684031896 0.28433877194545798 -0.19741993156817111 0.90479940894886701 1.0000000180025095e-35 -0.12461434140906701 0.78594260636694713 -0.13622877045347118 -0.12281853389314025 -0.12391856860914489 0.13536480398097889 -0.22434741398351407
decision_type=2 2 2 2 2 2 2 2 2 2 2 2 2 2 2 2 2 2 2 2 2 2 2 2 2 2 2 2 2 2
left_child=2 6 3 4 5 -1 17 8 15 25 11 -9 13 -8 -7 -6 23 18 -2 -16 -19 26 -17 24 -4 -10 -14 -27 -29 -12
right_child=1 -3 16 -5 7 14 12 10 9 -11 29 -13 21 -15 19 22 -18 20 -20 -21 -22 -23 -24 -25 -26 27 -28 28 -30 -31
leaf_value=0.06593551328579314 -0.055023516262793906 -0.063949028918309697 -0.061988450363096192 0.054380693916820239 -0.079493575894261481 -0.066103865034510198 -0.031893870671912287 -0.068737779415683181 -0.051066907692641397 0.035691076657044657 0.023592850291858411 0.015081997202142917 -0.014803157001860828 -0.0084979425036892393 -0.05378895223897609 -0.053021163723671549 0.061326354690412789 -0.039665778439534193 -0.012331876320096049 0.015965994738359815 -0.016614900769637921 0.089398584321221053 0.026802645474157158 0.05233696063035817 0.053656415907483636 -0.035081022333473065 0.018092764758232061 -0.029549145013699631 0.036385278816164289 0.042496341994103688
leaf_weight=16.764328688383102 271.24173326790333 1330.5226961821318 14.363018959760664 262.84496633708477 19.509832546114922 50.455628082156181 340.67830783128738 11.628469601273535 16.985699161887169 90.107914805412292 115.92266295850277 56.032410427927971 75.309193298220634 180.71993401646614 14.252646386623381 10.468909323215486 1439.6528747826815 238.0266045331955 38.206499502062798 20.917189508676529 112.33558502793312 4.7541363835334769 12.708183631300924 125.1709056198597 37.182785555720329 17.257724568247795 47.433091282844543 12.076438739895819 26.84609679877758 348.83963373303413
leaf_count=94 1344 7813 67 1435 82 218 1534 49 74 399 539 240 311 792 62 45 8520 1158 166 104 523 21 56 660 206 72 197 51 111 1683
internal_value=0.00032769 -0.0469919 0.0462423 0.0270329 0.0184833 -0.0260047 -0.0297521 0.0246524 0.00290254 0.0144737 0.033066 0.000676395 -0.0188519 -0.0237847 -0.0440054 -0.0413562 0.059358 -0.0404719 -0.0497525 -0.0123023 -0.032275 0.00132078 -0.00925314 0.0433225 0.0214325 -0.0116567 -0.00209071 0.000258732 0.0159279 0.0377814
internal_weight=5359.22 2639.23 2719.99 1103.62 840.774 102.39 1308.71 738.384 205.961 163.274 532.423 67.6609 648.895 521.398 85.6255 42.6869 1616.37 659.81 309.448 35.1698 350.362 127.496 23.1771 176.717 51.5458 73.166 122.742 56.1803 38.9225 464.762
internal_count=28626 13859 14767 5314 3879 478 6046 3401 890 707 2511 289 2855 2326 384 183 9453 3191 1510 166 1681 529 101 933 273 308 508 234 162 2222
is_linear=0
shrinkage=0.05


Tree=18
num_leaves=31
num_cat=0
split_feature=0 0 1 1 2 2 1 1 0 0 4 0 2 0 2 1 2 0 0 1 2 1 0 1 0 0 0 0 0 0
split_gain=4316.49 306.823 188.28 111.643 66.482 35.2327 33.5593 30.7706 29.6999 28.7675 30.8664 22.9543 28.1782 19.3201 24.4817 19.1131 15.5612 39.0731 27.4163 18.3912 15.2482 13.4663 19.8573 13.4253 13.209 20.0223 14.0777 32.245 33.7147 33.0658
threshold=-0.12344073632799642 -0.11767958478291825 0.55342144563924889 0.2634425011689816 0.071750474892294927 0.39865306409376106 0.3021232329742039 0.568700555771261 -0.12428347073300573 -0.12170864928456805 0.35605020896217315 -0.12439089307418942 0.6801358001953558 -0.12154102685717748 0.26515549430744295 0.15259900345958269 0.35479063764852586 -0.12361908512234852 -0.12461434140906701 0.38646681407040984 1.0000000180025095e-35 0.69640792179212097 -0.12456062391840446 0.19984288645947426 -0.12478407029846351 -0.1248291604495252 -0.12505261219774624 -0.12495340216371589 -0.12499890658235149 -0.12500751515386599
decision_type=2 2 2 2 2 2 2 2 2 2 2 2 2 2 2 2 2 2 2 2 2 2 2 2 2 2 2 2 2 2
left_child=2 3 4 13 8 21 11 9 -1 10 -5 12 -6 14 -2 20 18 24 -8 -20 -15 22 -4 -10 25 26 -18 28 29 -28
right_child=1 -3 5 7 6 -7 16 -9 23 -11 -12 -13 -14 15 -16 -17 17 -19 19 -21 -22 -23 -24 -25 -26 -27 27 -29 -30 -31
leaf_value=-0.061995483767585291 -0.054208585688975033 -0.063086156575835536 -0.0098677807426853295 -0.028647047969427832 -0.018512397031396587 0.059714912680692456 -0.025804591856938969 0.03635542910048499 -0.025089311334763605 0.017977332827507974 0.0089174435294901797 0.028991678774457026 0.038243215430589492 -0.042286429427217692 -0.028955069441618728 -0.0040550613374098991 0.063506281714396109 -0.022661840108132533 0.050210009357741871 0.017501364181825942 -0.022926831048666718 0.049347409893069683 0.040890419617814394 0.020146901958122635 0.052334188869881164 -0.054723517098592293 -0.086818653275479454 0.043210958104103733 -0.11281182595030409 0.063769634454052468
leaf_weight=21.238433480262756 285.81955046951771 1282.5019644498825 32.343904882669449 192.73168767988682 65.354901909828186 1315.3954584747553 21.334796041250229 38.97029572725296 24.580921664834023 70.077941596508026 76.348311424255371 250.91366064548492 32.86769825220108 263.22033669054508 144.48421891033649 57.278725370764732 41.416587516665459 20.994741052389145 88.283359944820404 83.740627855062485 165.76253601908684 80.375344187021255 47.663408130407333 49.292297959327698 353.84677304327488 5.9767896384000769 5.3095923662185713 90.191271245479584 7.1650592982769004 11.629935950040817
leaf_count=99 1442 7813 162 824 304 7964 106 166 106 292 322 1150 165 1287 665 252 252 91 447 402 796 446 239 227 1923 28 27 526 34 69
internal_value=0.000320714 -0.0457523 0.0451294 -0.0285817 0.0301874 0.0570173 0.0337198 -0.00572231 -0.00988647 -0.0105572 -0.0179886 0.0209703 0.000479427 -0.0380123 -0.0457291 -0.0311835 0.0398184 0.0442011 0.0276571 0.0342876 -0.0348057 0.0348924 0.0203708 0.00509479 0.0469241 0.0350843 0.0385315 0.0294815 -0.0218895 0.0165686
internal_weight=5227.11 2577.2 2649.92 1294.69 1174.14 1475.78 1079.03 378.128 95.1117 339.158 269.08 349.136 98.2226 916.565 430.304 486.262 729.89 536.531 193.359 172.024 428.983 160.383 80.0073 73.8732 515.536 161.689 155.712 114.296 24.1046 16.9395
internal_count=28626 13859 14767 6046 5956 8811 5524 1604 432 1438 1146 1619 469 4442 2107 2335 3905 2950 955 849 2083 847 401 333 2859 936 908 656 130 96
is_linear=0
shrinkage=0.05


Tree=19
num_leaves=31
num_cat=0
split_feature=0 0 3 1 1 0 0 1 2 0 2 3 3 0 1 1 0 3 1 2 0 3 0 0 3 3 0 3 1 0
split_gain=3999.09 304.314 274.284 103.879 101.787 75.6682 91.0843 59.7876 50.8019 92.0312 45.5256 37.9009 30.1338 31.0055 29.3613 28.2046 32.8931 27.2778 26.8019 26.4227 26.3273 29.0725 25.3408 23.708 22.7051 21.9533 21.2973 19.4935 18.6666 17.7332
threshold=-0.12344073632799642 -0.11767958478291825 0.54843905024852702 0.2634425011689816 0.70305074913908006 -0.12478407029846351 -0.12505261219774624 0.074244129670830328 0.3604236709571626 -0.12428347073300573 0.78227623307822147 -0.041520865014897441 0.38887515896050245 -0.12154102685717748 0.44382920561090922 0.35510404255470562 -0.12428347073300573 -0.072777839426995131 0.29483071009780676 0.40741087788131741 -0.12361908512234852 0.26100837060484372 -0.12439089307418942 -0.1230415398027052 0.31246220433946786 -0.010042996419618233 -0.12397546300310962 0.30581892598248922 0.43918468966652241 -0.12473035782465937
decision_type=2 2 2 2 2 2 2 2 2 2 2 2 2 2 2 2 2 2 2 2 2 2 2 2 2 2 2 2 2 2
left_child=2 3 4 12 5 6 -1 26 9 -9 -8 -11 13 19 23 16 24 -15 29 -2 21 22 25 -5 -10 -17 -7 -25 -27 -4
right_child=1 -3 18 14 -6 7 10 8 15 11 -12 -13 -14 17 -16 20 -18 -19 -20 -21 -22 -23 -24 27 -26 28 -28 -29 -30 -31
leaf_value=0.065893749458407661 -0.055870767146757254 -0.062287249267286383 0.0038005535703035803 -0.038949651616180775 0.055813244043455605 -0.053030038297018245 -0.066063705263403355 -0.055026194415676272 -0.076782966237943603 -0.036665000686325125 0.034493511892709959 0.03009612011027249 -0.0071326538300813805 -0.039728566674995448 0.013071169851845905 -0.070416960241335536 0.033771181415010655 -0.014265556723825413 0.059738445305715308 -0.014592717049297446 -0.010064692024586808 0.061932641812626692 0.046436518992649847 -0.012395050552062211 0.012099325856783121 -0.070870142055891747 0.0012399750952004174 0.036295593396905738 0.036847625963015489 0.046441134200764407
leaf_weight=22.179237797856331 309.63550469279289 1235.2023401111364 31.782527878880501 76.498751506209373 209.70148323476315 29.280730828642845 65.447434663772583 44.839148879051208 13.648954480886461 23.688027575612068 13.593383625149725 207.31420277059078 78.639901340007782 310.57214483618736 136.47988674044609 9.3791894763708097 67.810189053416252 159.04053629934788 1379.9220007807016 44.317372694611549 19.811308786273003 179.35467377305031 72.953168049454689 139.97485609352589 15.171946257352827 4.8740248382091549 47.248901963233948 24.094436064362526 23.004579946398735 104.72353662550449
leaf_count=127 1616 7813 161 336 1241 122 287 196 57 101 74 935 331 1571 560 39 308 721 8756 203 87 987 356 610 69 21 198 98 109 536
internal_value=0.000312597 -0.0445854 0.043973 -0.0274931 0.0245803 0.0169609 -0.023645 0.0223805 0.0270838 0.010526 -0.0487699 0.0232501 -0.036704 -0.0395277 -0.00545321 0.0383332 0.0147529 -0.0311052 0.0576477 -0.0507025 0.0456983 0.0495134 0.0293027 -0.0159625 -0.0299934 -0.00424643 -0.0195241 -0.00524457 0.0180153 0.0365132
internal_weight=5100.18 2514.46 2585.73 1279.25 1069.3 859.599 101.22 758.379 681.849 275.841 79.0408 231.002 902.205 823.566 377.048 406.008 96.6311 469.613 1516.43 353.953 309.377 289.566 110.211 240.568 28.8209 37.2578 76.5296 164.069 27.8786 136.506
internal_count=28626 13859 14767 6046 5314 4073 488 3585 3265 1232 361 1036 4442 4111 1604 2033 434 2292 9453 1819 1599 1512 525 1044 126 169 320 708 130 697
is_linear=0
shrinkage=0.05


Tree=20
num_leaves=31
num_cat=0
split_feature=0 0 3 1 2 0 1 0 2 0 3 3 0 2 0 0 2 1 0 3 1 3 0 1 0 3 1 2 1 3
split_gain=3625.03 306.774 286.806 99.1649 88.5737 61.5926 47.5644 57.5966 40.7208 39.1542 38.7772 33.463 34.7601 30.2484 41.4104 38.8542 29.8973 32.765 32.1466 30.1026 27.8394 26.4531 65.4218 25.3532 22.7663 22.7246 22.1604 21.2709 19.0518 18.649
threshold=-0.12344073632799642 -0.11767958478291825 0.48869333039222784 0.31444063373428727 0.7132991552941913 -0.12461434140906701 0.3088553591775528 -0.12397546300310962 0.29373732209607278 -0.12505261219774624 0.33770533466229208 0.29181168512448025 -0.12154102685717748 0.3604236709571626 -0.12428347073300573 -0.12361908512234852 0.45518809308885194 0.69640792179212097 -0.12478407029846351 0.19230333655915635 -0.05846654975882843 0.67081486982318228 -0.1246729743289999 0.33670700890298483 -0.12299031356785051 -0.32156488768163849 -0.26478268134683858 0.40741087788131741 0.37884454745708868 -0.35230885112141347
decision_type=2 2 2 2 2 2 2 2 2 2 2 2 2 2 2 2 2 2 2 2 2 2 2 2 2 2 2 2 2 2
left_child=2 3 4 11 5 9 7 10 21 -1 -7 12 27 14 -8 25 -11 18 -18 -20 -14 22 -4 -21 -5 -15 -9 -2 -6 -22
right_child=1 -3 8 24 28 6 13 26 -10 16 -12 -13 20 15 -16 -17 17 -19 19 23 29 -23 -24 -25 -26 -27 -28 -29 -30 -31
leaf_value=0.064954255659350549 -0.054708822521863799 -0.061537662900717473 -0.091104539348049213 -0.018224642378283851 0.00081155420306920243 -0.061599739858768966 -0.041356222092951811 -0.075248241544835226 0.058460501324880114 -0.069147280373153028 0.0093144444460475963 -0.012826969844746995 -0.040345352210340121 -0.057336639261149139 0.02461943668468888 -0.020884584328029098 -0.066850587157584726 0.041790212511544474 -0.078707221648955342 -0.065270771110889844 -0.036649721772318143 0.048937727643408029 0.03208656257255682 0.060482597900930191 0.010076210287652961 0.049907545674467174 0.024576286693521673 -0.017965468947574358 0.058263747301002249 -0.0050551239887671748
leaf_weight=12.636254444718359 301.24250553548336 1170.815841794014 13.04922494292259 115.90745548903942 15.910372421145437 47.871417820453644 28.786611467599869 5.8060908168554297 1394.3715760409832 31.644377827644348 32.274024561047554 158.47219502925873 245.15172868967056 5.056778445839881 136.85475419461727 23.01494799554348 30.61009448766708 21.096689254045486 8.0252063870430046 5.1111117154359844 69.954210728406906 113.13677504658699 61.896133184432983 18.571489676833153 183.66134689748287 213.1148579120636 130.94818890094757 45.313203737139702 155.07517890632153 140.53612397611141
leaf_count=75 1613 7698 58 490 71 205 125 24 9097 138 145 687 1250 23 618 101 129 115 33 21 345 661 313 95 770 1120 578 208 944 652
internal_value=0.000384439 -0.0431103 0.0425975 -0.0259904 0.0204372 0.0130463 0.0195234 0.000613509 0.0555147 -0.0185912 -0.0330431 -0.0338226 -0.0379703 0.0296052 0.0131536 0.0409038 -0.0277665 -0.0120682 -0.0303011 0.00498313 -0.0288932 0.033676 0.010637 0.0333429 -0.000873795 0.0474218 0.0203381 -0.0499045 0.0529178 -0.0155553
internal_weight=4935.92 2431.05 2504.86 1260.24 922.408 751.423 623.728 216.9 1582.45 127.695 80.1454 960.67 802.198 406.828 165.641 241.187 115.059 83.4146 62.3179 31.7078 455.642 188.082 74.9454 23.6826 299.569 218.172 136.754 346.556 170.986 210.49
internal_count=28402 13713 14689 6015 4560 3545 2939 952 10129 606 350 4755 4068 1987 743 1244 531 393 278 149 2247 1032 371 116 1260 1143 602 1821 1015 997
is_linear=0
shrinkage=0.05


Tree=21
num_leaves=31
num_cat=0
split_feature=0 0 3 1 1 0 2 1 3 2 0 2 1 3 0 3 0 0 3 1 1 3 0 0 2 2 2 0 2 3
split_gain=3363.85 304.072 277.921 92.1427 87.8402 49.008 88.6116 64.3331 48.0177 37.694 36.2222 38.6004 33.3327 31.6435 33.4781 26.6722 26.1321 24.4379 56.0101 26.04 23.4324 21.0939 24.2451 20.5607 19.7391 18.6069 18.4352 18.2831 18.0664 17.8769
threshold=-0.12344073632799642 -0.11767958478291825 0.49601949385159233 0.31444063373428727 0.70305074913908006 -0.12428347073300573 0.39865306409376106 0.36529127775048459 0.18240986645667703 0.29373732209607278 -0.12478407029846351 0.7132991552941913 1.0000000180025095e-35 0.29181168512448025 -0.1219321436824016 -0.17043946002766455 -0.12499890658235149 -0.12473035782465937 0.89674986310408888 0.78003727604745765 0.12816660757737217 -0.21013776099357453 -0.11896567874089392 -0.12299031356785051 0.38665859902520561 -0.076240358027531555 0.50534009899339749 -0.12445319897079611 -0.076240358027531555 0.029949774608616267
decision_type=2 2 2 2 2 2 2 2 2 2 2 2 2 2 2 2 2 2 2 2 2 2 2 2 2 2 2 2 2 2
left_child=2 3 4 13 5 6 -1 -8 27 17 11 16 -7 14 24 26 -10 18 19 -4 21 -16 25 29 -2 -23 -14 -9 -17 -5
right_child=1 -3 9 23 -6 12 7 8 10 -11 -12 -13 15 -15 20 28 -18 -19 -20 -21 -22 22 -24 -25 -26 -27 -28 -29 -30 -31
leaf_value=-0.057074917431575611 -0.056907825821908953 -0.060850071601936229 -0.097096815807340309 -0.048762103622823127 0.052923516751267122 -0.021939429397463087 -0.040461284802825931 -0.043072654946136935 0.033462150038432836 0.057732913234264431 0.057441820822187017 0.058943991553514541 -0.045936610545545924 -0.012225494734498472 -0.047305827972080765 -0.014376885636991172 -0.07094155428043146 0.043012345634979909 0.05569938855248055 0.043345488728705917 -0.0084305667509508644 -0.049922273006177832 0.014255806058178659 0.0095635117541232311 -0.020873360049950655 -0.018204237120699657 0.039512990753737882 0.037803681892216466 0.032351193815942529 -0.0050506127475994714
leaf_weight=60.941015407443047 227.59568904340267 1125.9790327697992 14.248440161347391 32.537188157439232 166.51328781247139 38.593992590904236 47.647752895951271 29.576338276267052 9.0557100027799624 1332.0043363720179 90.241467833518982 18.06401027739048 20.323441535234455 157.96850816905499 183.01943425834179 21.855088412761688 17.724402859807014 141.55702252686024 20.257019728422165 4.2955710291862479 107.15925414860249 79.235191643238068 34.301282405853271 183.82762013375759 45.622338309884071 111.03150078654289 9.1555096209049207 9.1496334224939329 386.38016492128372 83.206718727946281
leaf_count=270 1257 7698 65 146 1036 159 207 130 47 9019 506 107 88 687 998 93 75 799 125 24 489 395 169 770 212 548 41 43 1855 344
internal_value=0.000376436 -0.0420198 0.041623 -0.0249967 0.0200378 0.0128204 -0.0036831 0.0110092 0.0251191 0.0548283 0.0391902 0.00246168 0.0226053 -0.0326499 -0.0367446 0.0265329 -0.0356374 0.0333765 -0.00177781 -0.0645645 -0.029236 -0.034706 -0.0244374 -0.000830483 -0.0508907 -0.031413 -0.0193979 -0.0239643 0.0298496 -0.0173385
internal_weight=4809.07 2371.48 2437.58 1245.5 925.222 758.709 282.4 221.459 173.812 1512.36 135.086 44.8441 476.308 945.933 787.965 437.714 26.7801 180.358 38.801 18.544 514.747 407.587 224.568 299.572 273.218 190.267 29.479 38.726 408.235 115.744
internal_count=28402 13713 14689 6015 4657 3621 1385 1115 908 10032 735 229 2236 4755 4068 2077 122 1013 214 89 2599 2110 1112 1260 1469 943 129 173 1948 490
is_linear=0
shrinkage=0.05


Tree=22
num_leaves=31
num_cat=0
split_feature=0 0 3 2 1 0 3 0 0 1 1 1 3 0 0 1 2 2 2 1 0 3 2 2 3 2 2 3 5 3
split_gain=3122.1 301.216 271.227 103.803 86.5834 73.717 59.1547 59.0505 48.3689 40.4551 35.3807 33.8287 32.7628 32.4409 31.1593 30.166 29.3695 28.2981 28.0333 34.7351 26.5651 25.8251 25.6925 23.1651 20.6016 17.9708 17.287 16.8804 23.4288 15.8595
threshold=-0.12344073632799642 -0.11767958478291825 0.57987691572973632 0.6801358001953558 0.37019619871380344 -0.12473035782465937 0.26976800279385288 -0.12505261219774624 -0.12428347073300573 0.18346413157836308 0.41687939301142779 0.36031840116212749 0.29914924664940667 -0.12428347073300573 -0.12154102685717748 -0.05846654975882843 0.36570196185717796 0.44345652701599175 0.49249215007118263 0.54739421371457742 -0.12361908512234852 0.22053077857917189 0.022862104410069434 0.2465388958820329 1.0000000180025095e-35 -0.010472508006161934 0.30808674440081085 -0.35230885112141347 0.76074110872385703 -0.33519164242231175
decision_type=2 2 2 2 2 2 2 2 2 2 2 2 2 2 2 2 2 2 2 2 2 2 2 2 2 2 2 2 2 2
left_child=2 4 3 5 12 7 8 -1 10 26 -7 13 14 -8 23 -16 -13 -12 -9 -20 -18 -21 -11 -2 -19 -4 -10 -17 -29 -24
right_child=1 -3 25 -5 -6 6 11 18 9 22 17 16 -14 -15 15 27 20 24 19 21 -22 -23 29 -25 -26 -27 -28 28 -30 -31
leaf_value=0.06264551441364942 -0.054357742703086312 -0.060210465313453157 0.026175198953929908 0.050713507984317521 0.0042894812858948169 -0.083626035420839295 -0.032430601727919228 -0.080189145644011875 -0.059677656387240707 -0.034778126006600761 -0.05938101696776437 0.020340218354598653 -0.010071025136749959 0.024474404019390779 -0.037970464607038595 -0.031947487905195526 0.060765415759174969 -0.046992760846179538 -0.070408648352028078 -0.059812365332304752 -0.041191405310190846 0.040700838182408244 -0.035126173700256724 -0.028791333154573742 0.046053948261644426 0.057369050978127605 -0.0015496970662063109 -0.012048523682936924 0.039260616427497862 0.033713732130713533
leaf_weight=15.691986188292502 239.07912677526474 1082.1528005748987 47.959059745073318 247.58383621275425 221.13097241520882 23.534072980284691 30.022919461131096 31.640157416462898 21.480128437280655 16.722575351595879 17.4005097001791 87.671407639980316 167.67030601203442 151.07523070275784 237.57935374975204 74.064878016710281 150.827142983675 8.1714202016592044 21.057159200310707 8.8865890800952929 6.6713951081037512 22.751581788063049 8.8220707774162275 140.76716895401478 21.872260704636574 1238.4258684664965 31.617722913622856 123.24494323134422 27.149543881416321 162.04983791708946
leaf_count=103 1351 7698 283 1573 913 101 133 143 93 72 77 429 726 710 1254 372 923 36 95 40 29 126 38 700 113 8665 134 575 124 773
internal_value=0.000368133 -0.0409678 0.0406742 0.0222687 -0.0240475 0.0138645 0.0193245 -0.0264156 0.00276877 0.0134651 -0.0335034 0.0314294 -0.0302544 0.0150405 -0.0342741 -0.0255524 0.0435352 -0.00864075 -0.0429869 -0.0206494 0.0564467 0.0124685 0.0243709 -0.0448831 0.0207467 0.0562061 -0.0250647 -0.0124085 -0.00278608 0.0301595
internal_weight=4684.77 2312.84 2371.93 1085.55 1230.69 837.966 737.939 100.027 311.671 240.692 70.9783 426.268 1009.56 181.098 841.885 462.039 245.17 47.4442 84.3355 52.6953 157.499 31.6382 187.594 379.846 30.0437 1286.38 53.0979 224.459 150.394 170.872
internal_count=28402 13713 14689 5741 6015 4168 3661 507 1437 1110 327 2224 5102 843 4376 2325 1381 226 404 261 952 166 883 2051 149 8948 227 1071 699 811
is_linear=0
shrinkage=0.05


Tree=23
num_leaves=31
num_cat=0
split_feature=0 0 1 1 2 2 1 2 0 0 0 0 2 1 0 1 2 0 0 0 1 0 0 0 4 0 0 1 2 4
split_gain=2898.29 298.409 191.352 80.6474 55.5711 35.838 34.2681 22.3186 31.8935 26.0354 18.7737 17.9936 25.0077 22.8242 16.8804 16.5244 14.5168 14.282 23.9921 14.191 19.6701 12.8893 12.6833 17.3133 12.3031 11.9725 12.2873 11.7224 11.6426 18.5643
threshold=-0.12344073632799642 -0.11767958478291825 0.55342144563924889 0.31444063373428727 -0.064316068705384352 0.39865306409376106 0.3021232329742039 0.32890699278871277 -0.12361908512234852 -0.12461434140906701 -0.12288165824017697 -0.12103816609106738 0.20094224857828877 -0.05846654975882843 -0.12428347073300573 0.47818402332386084 0.50534009899339749 -0.12439089307418942 -0.12499890658235149 -0.12439089307418942 0.79629753399607062 -0.1248535143445945 -0.12505261219774624 -0.12495340216371589 0.16699218324989182 -0.12444456219808359 -0.12445319897079611 0.43573896005983176 -0.17237203810764759 1.0233189129707072
decision_type=2 2 2 2 2 2 2 2 2 2 2 2 2 2 2 2 2 2 2 2 2 2 2 2 2 2 2 2 2 2
left_child=2 3 4 11 14 19 17 9 -9 -8 15 12 -2 -13 -1 -5 -10 18 -6 20 22 -20 -4 -24 -17 26 -23 -12 -15 -30
right_child=1 -3 5 10 6 -7 7 8 16 -11 27 13 -14 28 -16 24 -18 -19 21 -21 -22 25 23 -25 -26 -27 -28 -29 29 -31
leaf_value=-0.079983551880747572 -0.045498854841300236 -0.059614700690318025 0.062321244339994752 -0.028937365193669108 0.058505371861520696 0.056259540613446658 -0.042499117149217676 0.04124960272381132 0.006733240333072126 0.023955537785895792 -0.000741036269660116 -0.032892442667714593 -0.023590925094147272 -0.022731342254836515 -0.011117994601582165 -0.0112220891651559 -0.079781456189124647 0.020351033172313193 -0.057586115698625567 0.048946934676250164 0.047790548261155426 -0.0045246073603779835 -0.087082748234294405 0.00096596811082050142 0.036930330558654932 -0.065045747763864709 0.06768990784615396 0.026441521317386231 -0.0044716458482537335 0.065355905780326698
leaf_weight=11.505908712744711 312.99393333494663 1039.401279643178 6.6812690496444693 79.544152483344078 13.841706201434134 1092.4532723724842 16.452109634876251 491.04224093258381 16.799009218811992 141.50520940124989 92.033216178417206 215.77839167416096 223.11488863825798 75.356566980481148 39.267427697777748 36.512706413865089 6.8161457479000083 255.62127673625946 13.367684498429297 56.075542852282524 31.519204795360565 54.137545898556702 6.492474526166915 39.860026225447655 20.834867984056473 7.1556333005428376 6.6096140444278708 69.699189513921738 79.543091624975204 10.812264382839201
leaf_count=56 1710 7698 44 345 81 7895 83 3126 75 716 393 1149 1101 362 180 151 29 1230 64 313 205 272 31 221 86 32 36 285 382 51
internal_value=0.00036036 -0.0399423 0.039762 -0.02313 0.0243339 0.0532012 0.0268671 0.0334742 0.03852 0.0170339 -0.000560423 -0.030475 -0.0363813 -0.0221748 -0.0267238 -0.0141872 -0.0182379 0.0141965 -0.00234428 0.0294432 0.0165083 -0.012708 -0.00208347 -0.0113668 0.0062721 -0.00387304 0.00333272 0.0109734 -0.00821908 0.00388418
internal_weight=4562.83 2255.62 2307.2 1216.22 1074.12 1233.08 1023.35 672.615 514.657 157.957 298.624 917.599 536.109 381.49 50.7733 136.892 23.6152 350.733 95.1122 140.629 84.553 81.2705 53.0338 46.3525 57.3476 67.9028 60.7472 161.732 165.712 90.3554
internal_count=28402 13713 14689 6015 5980 8709 5744 4029 3230 799 1260 4755 2811 1944 236 582 104 1715 485 814 501 404 296 252 237 340 308 678 795 433
is_linear=0
shrinkage=0.05


Tree=24
num_leaves=31
num_cat=0
split_feature=0 0 3 2 1 0 3 0 0 1 1 1 3 0 2 0 1 2 0 2 3 2 2 3 1 0 1 0 5 3
split_gain=2685.65 295.859 269.237 96.8725 74.5875 69.3228 55.5946 53.9817 44.4516 36.2718 31.236 30.6465 29.7206 31.3294 28.689 28.5957 25.7805 24.8993 24.5328 23.4066 23.0653 21.3033 19.3248 19.2181 17.8152 17.7044 21.091 17.221 16.4733 16.1857
threshold=-0.12344073632799642 -0.11767958478291825 0.57987691572973632 0.6801358001953558 0.31444063373428727 -0.12473035782465937 0.26976800279385288 -0.12505261219774624 -0.12428347073300573 0.18346413157836308 0.36031840116212749 0.41687939301142779 0.29181168512448025 -0.1219321436824016 0.36570196185717796 -0.12428347073300573 0.75476456954276494 0.44345652701599175 -0.12361908512234852 0.091570630822748383 -0.21013776099357453 0.38665859902520561 0.38665859902520561 1.0000000180025095e-35 0.29483071009780676 -0.11896567874089392 -0.07101776402869768 -0.12299031356785051 1.54730380096752 0.029949774608616267
decision_type=2 2 2 2 2 2 2 2 2 2 2 2 2 2 2 2 2 2 2 2 2 2 2 2 2 2 2 2 2 2
left_child=2 4 3 5 12 7 8 -1 11 -10 15 -7 13 22 -12 -8 -9 -13 -16 -11 -15 -18 -2 -19 -4 26 -22 29 -28 -6
right_child=1 -3 24 -5 27 6 10 16 9 19 14 17 -14 20 18 -17 21 23 -20 -21 25 -23 -24 -25 -26 -27 28 -29 -30 -31
leaf_value=0.061311228611109048 -0.054053185290158179 -0.059059089763736417 0.035816844124225949 0.048685114822805318 -0.046056147366496047 -0.080642234005747299 -0.030862688705619507 -0.055982204989588551 -0.024809693860078513 -0.024856410896067823 0.018506034276158646 -0.057943802972345464 -0.0094829631681052195 -0.037925710753869468 0.05925342670960751 0.022701859997570774 -0.084797055114617728 -0.047253570771241413 -0.038298438251907485 0.028967098651428814 -0.037275536313689767 0.051973892548135309 -0.01774713342636047 0.043140678607731298 0.05684816541721837 0.016098642400727604 -0.010717774284009586 0.008971305910676677 0.085042379479922103 -0.0040939432366599296
leaf_weight=14.587996110320089 210.68420322239399 997.77429163455963 110.93388472497463 232.95371370017529 31.80258646607399 23.226700633764267 29.935174167156219 68.196977004408836 52.846596226096153 23.105700120329857 85.97908042371273 17.234348356723785 155.4749872982502 226.03255686163902 141.49584673345089 148.61822871863842 3.837389111518859 8.163754418492319 6.7524550110101691 160.57498902082443 109.53249886631966 11.032310992479323 44.371001452207565 21.01769645512104 1090.7079952508211 36.548116087913513 117.4153496325016 183.32488675415516 4.6696814447641364 82.839473500847816
leaf_count=103 1257 7698 634 1573 146 101 133 324 227 100 429 77 687 1257 923 710 16 36 29 783 572 64 212 113 8314 182 566 770 22 344
internal_value=0.000350622 -0.0389304 0.0387464 0.0202446 -0.0222312 0.0121313 0.0175004 -0.0273967 0.00135622 0.011694 0.0294749 -0.0337542 -0.029377 -0.0335052 0.0414838 0.0137216 -0.0429754 -0.0102912 0.0548101 0.0221965 -0.0261601 0.0166777 -0.0477372 0.0178521 0.0549066 -0.016243 -0.0213464 -0.000534224 -0.007055 -0.0157346
internal_weight=4451.67 2200.47 2251.2 1049.56 1202.7 816.605 718.951 97.6547 306.17 236.527 412.781 69.6425 904.728 749.253 234.227 178.553 83.0667 46.4158 148.248 183.681 494.198 14.8697 255.055 29.1815 1201.64 268.166 231.618 297.967 122.085 114.642
internal_count=28402 13713 14689 5741 6015 4168 3661 507 1437 1110 2224 327 4755 4068 1381 843 404 226 952 883 2599 80 1469 149 8948 1342 1160 1260 588 490
is_linear=0
shrinkage=0.05


Tree=25
num_leaves=31
num_cat=0
split_feature=0 0 3 1 1 0 0 3 3 0 1 1 0 0 0 1 1 1 0 1 0 0 1 1 0 0 5 3 0 0
split_gain=2549.98 275.144 253.424 102.263 84.4737 77.5006 48.0241 46.3094 41.5678 37.6003 34.6442 29.1859 29.0573 28.928 26.436 24.3449 23.4515 23.3661 22.907 22.2724 25.6323 21.1476 19.6207 18.2597 17.6715 23.6985 16.4479 16.4397 16.014 14.7786
threshold=-0.12344073632799642 -0.11767958478291825 0.59738410237985107 0.67644877123664637 0.43000089334797381 -0.12461434140906701 -0.12505261219774624 0.26976800279385288 0.078486091419796997 -0.12103816609106738 0.22424022853860456 0.29483071009780676 -0.1219321436824016 -0.12478407029846351 -0.12466801612893076 0.17501728532904276 0.54739421371457742 -0.02091403634487676 -0.12387112927513835 0.36031840116212749 -0.12361908512234852 -0.12428347073300573 0.023820410153720099 0.42346894257763756 -0.1246729743289999 -0.12472173055755344 0.65756567637040175 -0.15793564955076031 -0.12411122262567646 -0.12473035782465937
decision_type=2 2 2 2 2 2 2 2 2 2 2 2 2 2 2 2 2 2 2 2 2 2 2 2 2 2 2 2 2 2
left_child=2 4 3 5 8 6 -1 10 9 -2 18 -4 15 16 24 -10 -8 -11 -7 28 -21 23 -14 -12 25 29 -17 -23 -9 -15
right_child=1 -3 11 -5 -6 7 13 19 12 17 21 -13 22 14 -16 26 -18 -19 -20 20 -22 27 -24 -25 -26 -27 -28 -29 -30 -31
leaf_value=0.062459923460490063 -0.048620039150206795 -0.058539044880474789 0.028132944641360576 0.049411705083456423 0.012513375811235026 -0.057916579630862809 -0.072957729881461084 -0.0027048893466832171 -0.037145143739230578 -0.035672351621430329 -0.065451211427860687 0.056423801160807543 -0.011511680627399469 -0.0060765741750110252 -0.069130323958315101 -0.015242196025193597 -0.018464910256541102 -0.0092479465200234773 -0.0012445781639189345 0.046853448165966913 -0.024375089462977624 -0.017188445405781311 0.029653400397208981 0.0041544466304108095 0.069476663947887748 -0.064733132203061844 0.035127095287307196 0.028037488386079248 0.028743345192944376 0.067737072756016994
leaf_weight=16.089977383613586 299.29911589622498 970.25539341568947 99.91096405684948 232.34377583116293 148.90073747932911 31.199098348617554 44.269140586256981 61.672808453440666 157.45139369368553 195.17057722806931 13.285282060503958 1041.2355200946331 70.206343218684196 18.529538556933399 12.334549546241758 114.67965187132359 35.638455405831337 146.42441557347775 41.613801926374435 189.6362776979804 13.531731158494948 23.134811669588089 49.254517167806625 32.401601925492287 10.724794045090674 11.153311103582388 18.875279143452644 152.85890331864357 117.80624981224537 10.695114657282828
leaf_count=110 1731 7801 583 1639 612 135 207 295 809 1102 58 8263 328 101 56 509 190 703 182 1184 63 104 215 163 64 51 83 751 564 64
internal_value=-0.000245099 -0.0387391 0.0375601 0.0200661 -0.0227335 0.0119159 -0.0194472 0.0193004 -0.0277254 -0.0356818 0.00439556 0.0539468 -0.0153024 -0.028641 -0.0034317 -0.0238259 -0.0486542 -0.0243456 -0.0255276 0.0307714 0.0421094 0.0142241 0.00546096 -0.0160862 0.0124258 -0.00272746 -0.00812352 0.0220924 0.0179371 0.0209364
internal_weight=4380.58 2170.52 2210.07 1068.92 1200.26 836.575 159.435 677.141 1051.36 640.894 294.493 1141.15 410.467 143.345 63.4373 291.006 79.9076 341.595 72.8129 382.647 203.168 221.681 119.461 45.6869 51.1028 40.378 133.555 175.994 179.479 29.2247
internal_count=28720 13893 14827 5981 6092 4342 843 3499 5480 3536 1393 8846 1944 733 336 1401 397 1805 317 2106 1247 1076 543 221 280 216 592 855 859 165
is_linear=0
shrinkage=0.05


Tree=26
num_leaves=31
num_cat=0
split_feature=0 0 3 1 1 0 2 3 3 0 0 2 0 1 2 0 1 3 1 1 0 2 2 1 1 3 3 2 5 2
split_gain=2366.92 272.904 247.025 96.9331 77.6364 70.7544 47.7766 43.1258 39.2332 36.0332 30.8404 30.6924 30.6291 29.5282 26.7797 26.5801 25.9353 24.9151 22.6951 22.1247 21.5449 20.2554 18.6392 18.5497 17.6169 15.8099 15.6705 15.5936 15.2539 15.0133
threshold=-0.12344073632799642 -0.11767958478291825 0.59738410237985107 0.67644877123664637 0.43000089334797381 -0.12461434140906701 0.7431183179234534 0.10774811314357652 0.078486091419796997 -0.12103816609106738 -0.12505261219774624 -0.076240358027531555 -0.12478407029846351 0.29483071009780676 0.34804166789022323 -0.1219321436824016 -0.26478268134683858 0.35269946885284992 0.17501728532904276 0.12816660757737217 -0.12372011024706105 -0.010472508006161934 -0.27276331407802884 0.42346894257763756 0.023820410153720099 0.44687644333476512 -0.19741993156817111 0.37551289529521686 0.65756567637040175 0.48590191249709186
decision_type=2 2 2 2 2 2 2 2 2 2 2 2 2 2 2 2 2 2 2 2 2 2 2 2 2 2 2 2 2 2
left_child=2 4 3 5 8 6 10 14 9 27 -1 20 -12 21 -7 18 -13 -14 -10 26 -9 -4 -20 -19 -17 28 -11 -2 -24 -5
right_child=1 -3 13 29 -6 7 -8 11 15 19 12 16 17 -15 -16 24 -18 23 22 -21 -22 -23 25 -25 -26 -27 -28 -29 -30 -31
leaf_value=0.061660752318329029 -0.052348987214595723 -0.058054036953370851 -0.04902467403650218 0.018659253721873881 0.011895860423575166 -0.030653156066751227 0.036656597375421339 -0.058271369369557208 -0.035877101644821212 -0.040818192279543961 -0.06208699582627273 -0.051482606562113689 -0.048221492449241607 0.055845166653601487 0.012158473268154335 -0.010982457914207502 0.03014320923406132 -0.038565717183440887 -0.058464640514039747 0.00018734793879144024 0.028615707931334701 0.033897519319618888 -0.017988157102279828 0.04704362233253976 0.02798255282913735 0.03806928564574158 -0.015988235658211988 -0.020283663291427324 0.037309096588209766 0.054050259680180568
leaf_weight=8.1603974476456624 246.9004161208868 930.45030353963375 8.0175967514514905 35.589099831879139 148.8012488335371 60.436761394143105 31.286620259284973 17.978121370077137 154.93061791360378 151.01951891183853 64.463338427245617 9.9341509342193586 24.493327617645264 1000.4564947932959 92.333951011300087 69.917528837919235 476.84853833913803 9.235095679759981 15.941567108035086 76.647159084677696 11.829092636704443 90.40070541203022 81.248689845204353 20.097759939730167 49.577123731374741 21.352394387125969 109.70219640433788 44.794040769338608 14.732779771089552 189.66032341867685
leaf_count=59 1512 7801 38 194 612 263 197 81 809 892 303 42 110 8263 436 328 2625 43 72 347 52 545 368 131 215 87 566 219 65 1445
internal_value=-0.000238427 -0.0377851 0.0366938 0.01938 -0.0218777 0.0114608 -0.0186646 0.0185599 -0.026725 -0.0345553 -0.0323523 0.0254616 -0.038838 0.0532745 -0.00477799 -0.0146432 0.0284774 -0.0109945 -0.0228637 -0.0234282 -0.0237899 0.0271423 -0.00773582 0.0200906 0.00518373 -0.000843551 -0.0303707 -0.0474249 -0.00950025 0.0484585
internal_weight=4267.24 2116.02 2151.22 1052.35 1185.57 827.097 157.737 669.361 1036.76 629.063 126.45 516.59 118.29 1098.87 152.771 407.701 486.783 53.8262 288.206 337.369 29.8072 98.4183 133.275 29.3329 119.495 117.334 260.722 291.694 95.9815 225.249
internal_count=28720 13893 14827 5981 6092 4342 843 3499 5480 3536 646 2800 587 8846 699 1944 2667 284 1401 1805 133 583 592 174 543 520 1458 1731 433 1639
is_linear=0
shrinkage=0.05


Tree=27
num_leaves=31
num_cat=0
split_feature=0 0 3 1 1 0 2 1 2 0 0 1 1 3 0 3 3 3 0 3 3 5 3 2 0 3 3 2 0 1
split_gain=2197.34 270.299 240.802 92.4116 72.1936 68.9954 42.7621 40.5239 31.1 39.0306 36.4734 29.7456 28.1947 27.9048 24.4198 23.5535 23.3033 22.4831 23.5496 21.504 20.4152 19.6772 19.5192 18.4595 18.2475 25.5358 19.2497 16.9841 16.5612 16.5265
threshold=-0.12344073632799642 -0.11767958478291825 0.59738410237985107 0.66255409260536624 0.17501728532904276 -0.12461434140906701 0.65590572404562397 0.19984288645947426 0.36570196185717796 -0.12428347073300573 -0.12361908512234852 0.29483071009780676 0.48380214196826338 -0.041520865014897441 -0.12410508859361326 0.26100837060484372 0.098224033806202912 0.029949774608616267 -0.12103816609106738 0.11884389010764401 0.10774811314357652 0.83529709374084293 -0.11073847348725062 -0.010472508006161934 -0.12103816609106738 -0.19741993156817111 0.08731622828342557 -0.096595072569092971 -0.12276437684321403 0.4964001149362301
decision_type=2 2 2 2 2 2 2 2 2 2 2 2 2 2 2 2 2 2 2 2 2 2 2 2 2 2 2 2 2 2
left_child=2 4 3 5 24 6 -1 14 9 -9 15 23 17 -11 -7 -10 -12 18 -6 -8 -16 -19 -5 -4 26 -26 -2 -22 -28 -21
right_child=1 -3 11 22 12 7 19 8 10 13 16 -13 -14 -15 20 -17 -18 21 -20 29 27 -23 -24 -25 25 -27 28 -29 -30 -31
leaf_value=-0.040417168293545892 -0.051724618809111514 -0.05760025665308726 -0.045777842542802948 -0.0097258979576571314 -0.038246177770575915 -0.039426745950023628 -0.064289998494560074 -0.038003921791744028 0.022371399562922518 -0.036264532099277845 0.045722591627394164 0.055292300558483068 0.017090571622792178 0.025899456203058877 -0.030439149188191867 0.05331339222295163 -0.058078731129560329 -0.0065357137681094513 0.00071830897478665327 -0.0073584868230011195 -0.058718252975021125 0.044775386352696969 0.050145583928926978 0.032837915147521546 -0.0371933853088596 -0.0091940020663730544 -0.044822291732085767 0.026327380134786978 -0.015031741156521977 0.053335726650916196
leaf_weight=94.402723200619221 167.63611589372158 891.86751753091812 8.1532815098762494 14.516767248511313 119.97021719813347 39.015687763690948 7.2859737426042548 34.99426032602787 102.27192062139511 20.162143632769585 8.1438304334878939 960.93848680704832 101.2946462482214 172.54594418406487 27.451810389757156 154.28769390285015 16.088867664337158 189.414107427001 57.298733949661255 19.178825721144676 6.3798330128192893 20.729217976331711 218.73308654129505 88.695838361978531 160.90588669478893 164.86870115995407 84.813215166330338 73.5425665974617 103.68669621646404 27.012413375079632
leaf_count=481 1102 7801 38 93 634 172 33 166 539 87 37 8263 420 852 117 1042 71 837 252 97 26 90 1639 545 959 819 436 344 543 185
internal_value=-0.000232735 -0.0368629 0.0358495 0.0187159 -0.0210635 0.0106665 -0.0201806 0.0176321 0.0243056 0.0105741 0.0354408 0.0526305 -0.00639618 0.0193955 -0.00554889 0.040979 -0.0231944 -0.0125371 -0.0256517 0.0155428 0.00676103 -0.00147422 0.0464194 0.0262196 -0.0315752 -0.0230234 -0.0393979 0.0195386 -0.0284356 0.0281352
internal_weight=4156.29 2062.49 2093.8 1036.01 1170.62 802.764 147.88 654.885 508.495 227.702 280.792 1057.79 488.707 192.708 146.39 256.56 24.2327 387.412 177.269 53.4772 107.374 210.143 233.25 96.8491 681.911 325.775 356.136 79.9224 188.5 46.1912
internal_count=28720 13893 14827 5981 6092 4249 796 3453 2794 1105 1689 8846 2233 939 659 1581 108 1813 886 315 487 927 1732 583 3859 1778 2081 370 979 282
is_linear=0
shrinkage=0.05


Tree=28
num_leaves=31
num_cat=0
split_feature=0 0 3 2 0 1 0 3 1 0 0 3 1 0 3 1 0 0 0 5 2 0 0 3 2 5 1 0 3 3
split_gain=2039.59 267.846 234.991 102.27 103.386 67.286 56.1584 55.0923 42.9647 29.301 28.6105 25.7651 23.8866 48.0764 20.7176 20.703 24.1083 20.6421 20.1354 18.8475 18.3504 53.5919 24.3477 20.6495 24.2784 17.8503 18.3465 17.3836 24.0485 19.0208
threshold=-0.12344073632799642 -0.11767958478291825 0.68107391235645431 0.58204396104213119 -0.12473035782465937 0.17501728532904276 -0.12505261219774624 0.10774811314357652 0.47818402332386084 -0.1246729743289999 -0.12361908512234852 0.029949774608616267 0.3088553591775528 -0.12428347073300573 0.1371091091316842 0.37884454745708868 -0.12421031900708213 -0.12221003184646276 -0.12505261219774624 -0.48382645874607039 0.37058810864007913 -0.12361908512234852 -0.12428347073300573 0.47475717087561692 -0.020404614723093264 0.83529709374084293 0.568700555771261 -0.12103816609106738 -0.19741993156817111 0.08731622828342557
decision_type=2 2 2 2 2 2 2 2 2 2 2 2 2 2 2 2 2 2 2 2 2 2 2 2 2 2 2 2 2 2
left_child=2 5 3 4 6 27 -1 10 9 18 15 17 13 -9 -10 -6 -17 -7 -5 -15 22 -22 23 -14 -25 26 -13 29 -29 -2
right_child=1 -3 -4 8 7 11 -8 12 14 -11 -12 25 20 19 -16 16 -18 -19 -20 -21 21 -23 -24 24 -26 -27 -28 28 -30 -31
leaf_value=0.060530256616003766 -0.050782571687652628 -0.05717528194296434 0.054114002159588573 0.063110067091253927 -0.050849728453679459 -0.034936911284336944 -0.06062682771004884 -0.050176533443889039 0.020829882954495428 0.030173480637375211 0.029450115359183827 -0.0040013206772691583 -0.042004130581144883 0.043880618943286223 0.055320686002616692 -0.045410388625229975 0.020161196457817769 -0.0040667003579965529 -0.052585846515163952 0.00721632538228042 0.049400968585314092 -0.05811778548662308 0.030208100447930888 -0.089197051406805894 0.052756353750685728 0.045572471061817242 0.044514347926632059 -0.036114556968247315 -0.0087692036085690161 -0.027365576413460213
leaf_weight=11.07527471333742 162.34350205212831 854.51645319163799 900.29627114534378 4.4968505203723934 45.346197858452797 104.47896975278854 70.109455145895481 29.488048672676086 52.581575751304626 52.101327866315842 30.702292799949646 224.45594616234303 25.713231548666954 52.413499549031258 253.15569295734167 23.233951553702354 35.33805850148201 112.42008350789547 22.971142508089542 105.81544691324234 164.79878636449575 12.466363057494162 126.02409407496452 3.7109930217266109 15.993602789938448 23.785878539085388 21.338826909661293 157.51422797143459 164.22926397621632 186.15386946499348
leaf_count=86 1102 7801 7908 31 203 543 356 132 334 280 135 979 116 254 2087 107 172 514 107 513 1151 53 680 19 103 102 95 959 819 979
internal_value=-0.000225612 -0.035946 0.0350286 0.0199236 0.00919385 -0.0202631 -0.0440985 0.0156413 0.0408712 0.00814281 -0.0129569 -0.00610839 0.0228183 0.00843785 0.0493889 -0.0254859 -0.0058493 -0.0189367 -0.033645 0.0193614 0.0305596 0.0418396 0.0188964 -0.0124909 0.0260221 0.00421301 0.000210597 -0.030537 -0.0221565 -0.0382741
internal_weight=4049.07 2011.24 2037.83 1137.54 752.229 1156.72 81.1847 671.045 385.307 79.5693 134.621 486.48 536.424 187.717 305.737 103.918 58.572 216.899 27.468 158.229 348.707 177.265 171.442 45.4178 19.7046 269.581 245.795 670.241 321.743 348.497
internal_count=28720 13893 14827 6919 4080 6092 442 3638 2839 418 617 2233 3021 899 2421 482 279 1057 138 767 2122 1204 918 238 122 1176 1074 3859 1778 2081
is_linear=0
shrinkage=0.05


Tree=29
num_leaves=31
num_cat=0
split_feature=0 0 3 2 0 1 3 0 0 1 3 1 5 1 2 0 1 0 0 3 3 0 1 2 0 2 0 1 2 1
split_gain=1893.14 265.448 229.006 96.5998 94.1672 63.8833 52.1619 51.0672 43.4584 41.3959 34.6905 29.5493 27.8777 27.7614 27.7339 26.6673 22.0875 20.8675 20.8133 20.6491 20.6322 18.3359 18.2483 20.7199 18.0605 17.5122 20.194 17.3136 17.1742 18.2722
threshold=-0.12344073632799642 -0.11767958478291825 0.68107391235645431 0.58204396104213119 -0.12473035782465937 0.43000089334797381 0.32854695461358502 -0.12505261219774624 -0.12411122262567646 0.47818402332386084 0.40307960522875502 0.36031840116212749 0.77605489695015872 -0.011185710765596451 0.43103867261043877 -0.1246729743289999 0.13635711538636988 -0.12254092394709333 -0.12421031900708213 0.029949774608616267 0.1371091091316842 -0.12505261219774624 0.29483071009780676 -0.010472508006161934 -0.12361908512234852 0.15305905012789597 -0.12361908512234852 0.27887412351135615 0.45518809308885194 0.54142364189772563
decision_type=2 2 2 2 2 2 2 2 2 2 2 2 2 2 2 2 2 2 2 2 2 2 2 2 2 2 2 2 2 2
left_child=2 5 3 4 7 10 8 -1 14 15 12 18 17 -10 -6 21 -14 -2 -8 -19 -11 -5 23 -4 -13 26 -15 -21 -9 -30
right_child=1 -3 22 9 6 -7 11 28 13 20 -12 24 16 25 -16 -17 -18 19 -20 27 -22 -23 -24 -25 -26 -27 -28 -29 29 -31
leaf_value=0.059951348615254078 -0.045685762062536495 -0.056776945043442308 -0.061564812968761699 0.062353106298701028 -0.047931806961844008 0.011153189909323246 -0.019101151616072877 -0.08010495688676611 -0.047230346895393134 0.020006954644696845 0.0035773510272231589 0.046912055249817716 -0.021613255648412249 -0.041140849674916651 0.0022881778110064727 0.029010690009966606 0.015746650898503616 -0.033234796694839794 0.023499012822767298 -0.01964582276659281 0.054696406265162284 -0.049811975559893126 0.055759462470453228 0.037416842859726428 -0.015688587018724658 0.026413411793081088 0.030542128360367224 0.021743114937037771 -0.069019337587378604 0.0069889394583766279
leaf_weight=10.634274721145628 193.35517681390047 818.39936006814241 5.7377775013446799 4.3281442895531681 59.183354109525681 148.15286475419998 38.348151743412018 38.419374115765095 17.135858044028282 52.021722167730331 102.06474815309048 168.92627852410078 124.87109038978815 22.978446364402771 51.33921967446804 51.495852507650852 57.908090710639954 353.4945924654603 113.63221249729395 132.65909875929356 243.48814219981432 23.036011636257172 792.06482016295195 67.312473446130753 12.364931121468542 161.3630345761776 17.163621008396149 31.212161868810654 15.545430645346643 16.091796442866325
leaf_count=86 1106 7801 27 31 278 612 196 187 73 334 441 1186 746 103 268 280 286 2086 581 682 2087 107 7431 450 62 813 78 133 79 90
internal_value=-0.000217841 -0.0350362 0.0342406 0.019289 0.00885491 -0.0194794 0.0150669 -0.0421425 0.000949026 0.0400007 -0.0240379 0.0290107 -0.0271924 0.013866 -0.0246039 0.00781555 -0.00977689 -0.0316713 0.01275 -0.0264337 0.0485897 -0.032071 0.0535541 0.0296423 0.0426424 0.0190616 -0.0104912 -0.0117626 -0.0576399 -0.0303589
internal_weight=3944.73 1962.12 1982.61 1117.5 743.126 1143.72 662.435 80.6909 329.164 374.37 995.565 333.272 893.5 218.641 110.523 78.86 182.779 710.721 151.98 517.366 295.51 27.3642 865.115 73.0503 181.291 201.505 40.1421 163.871 70.0566 31.6372
internal_count=28720 13893 14827 6919 4080 6092 3638 442 1613 2839 5480 2025 5039 1067 546 418 1032 4007 777 2901 2421 138 7908 477 1248 994 181 815 356 169
is_linear=0
shrinkage=0.05


Tree=30
num_leaves=31
num_cat=0
split_feature=3 1 1 3 2 3 1 3 5 1 1 5 5 3 3 2 3 6 4 6 5 5 1 2 3 1 4 5 2 6
split_gain=1715.19 284.99 235.819 90.1986 67.1345 43.5993 40.7178 33.8929 25.6727 23.08 22.0675 20.8737 24.0474 17.7926 16.1593 14.1035 14.2144 12.635 12.2214 10.8241 10.5879 9.72606 9.38634 8.39297 8.28462 8.12437 8.02449 10.7482 7.99227 10.0268
threshold=0.19230333655915635 0.066179487506407023 0.3295031205587276 0.66150457243602845 0.57661404665988225 0.81740401211763214 0.80469900450017351 -0.27930002748434818 1.5863438819732469 -0.10852737766352673 0.31444063373428727 -0.8940516732231939 0.66886647994949977 0.65034044800697888 -0.27930002748434818 0.37058810864007913 0.36789591662828242 -1.1766684141840116 1.2306587753348996 0.15699498440631279 1.3070406661370388 -1.3157009122676273 -0.4401849087612697 0.14392569395431162 0.29181168512448025 0.51351039449109981 1.14402050548242 1.029860139275611 0.23902118959476035 -0.22065918730493247
decision_type=2 2 2 2 2 2 2 2 2 2 2 2 2 2 2 2 2 2 2 2 2 2 2 2 2 2 2 2 2 2
left_child=1 7 5 4 15 9 8 23 10 -2 21 24 13 -13 -12 17 -17 -4 -15 -14 -9 28 -22 -1 -11 -6 27 -23 -3 -30
right_child=2 6 3 -5 25 -7 -8 20 -10 11 14 12 19 18 -16 16 -18 -19 -20 -21 22 26 -24 -25 -26 -27 -28 -29 29 -31
leaf_value=-0.055675667122159184 -0.021840907499777139 -0.021374235719095303 0.035750262358528621 0.054950640619714532 0.02878295348715823 0.045038500007512507 0.054716080175755404 -0.039044120282119024 0.032496862559841334 -0.0017567061149438283 -0.029547866156314613 -0.014463154299413845 0.03849610114836536 0.040764363041956561 0.00020873566535360867 0.01067470746063536 0.038599924123263615 0.0046251457892305713 -0.047006361026350071 0.0015309084487762281 -0.051263413217865088 -0.032827795721982869 0.0017066478446209816 -0.030810886919927366 0.03910725886792419 0.054470481248432956 0.0015345198442267031 0.0011984469851359196 0.068591012509056207 -0.0074953719658551188
leaf_weight=816.51371162384748 101.45641551166773 19.438344165682793 39.04601376503706 761.7462854385376 36.076197110116482 58.548883177340031 24.18109367787838 267.24449069052935 31.839188173413277 16.120596364140511 54.500240750610828 195.84341521561146 46.565855048596859 25.1931825876236 280.13686124235392 73.605195373296738 119.64032023400068 197.67607075721025 4.7071205154061309 34.458355747163296 11.371811762452124 218.78434118628502 31.611655034124851 35.40981737524271 53.785715520381927 209.71938974410295 23.225204214453697 25.962565667927265 7.571098372340205 10.114724442362784
leaf_count=7864 490 114 194 7438 245 401 186 1735 162 79 253 958 233 165 1337 415 904 984 24 168 77 1256 186 249 267 1880 131 139 37 50
internal_value=0.000144362 -0.0343375 0.0325952 0.043154 0.0298565 0.00431302 -0.00902843 -0.0494895 -0.0113237 -0.000673969 -0.0135046 0.0050273 -0.000591449 -0.0089783 -0.00463753 0.0179409 0.0279635 0.00975906 0.0269469 0.0227754 -0.0353396 -0.0232302 -0.0123072 -0.0546422 0.0296839 0.0507002 -0.026553 -0.0292183 0.000754655 0.0250763
internal_weight=3832.09 1857.91 1974.19 1437.51 675.763 536.68 695.754 1162.15 671.573 478.131 639.733 376.674 306.768 225.744 334.637 429.968 193.246 236.722 29.9003 81.0242 310.228 305.096 42.9835 851.924 69.9063 245.796 267.972 244.747 37.1242 17.6858
internal_count=28621 13776 14845 12060 4622 2785 3665 10111 3479 2384 3317 1894 1548 1147 1590 2497 1319 1178 189 401 1998 1727 263 8113 346 2125 1526 1395 201 87
is_linear=0
shrinkage=0.05


Tree=31
num_leaves=31
num_cat=0
split_feature=0 0 3 2 1 3 0 0 0 1 1 0 2 0 1 0 3 1 0 3 0 0 2 1 2 0 0 3 0 5
split_gain=1593.68 279.299 223.491 69.3014 66.3569 46.9773 45.9231 38.3298 42.2673 31.995 27.4424 34.4112 29.9801 28.4618 24.6426 21.7104 28.3975 21.0562 21.0202 20.8844 21.0832 21.0178 21.2689 19.9758 28.5866 18.081 27.5663 22.0097 16.8776 16.6516
threshold=-0.12344073632799642 -0.11767958478291825 0.54843905024852702 0.75681758608772565 0.19199785069577049 0.18240986645667703 -0.12439089307418942 -0.12478407029846351 -0.12505261219774624 0.29483071009780676 0.33670700890298483 -0.12439089307418942 0.37058810864007913 -0.12361908512234852 0.31444063373428727 -0.12248720951847065 -0.13622877045347118 0.80469900450017351 -0.12428347073300573 0.20074701994659291 -0.12276437684321403 -0.12137081103725832 0.054321263540591351 0.70305074913908006 0.47257886148614997 -0.12483758219701178 -0.12499890658235149 0.93521198699906194 -0.12397546300310962 1.4482508314442966
decision_type=2 2 2 2 2 2 2 2 2 2 2 2 2 2 2 2 2 2 2 2 2 2 2 2 2 2 2 2 2 2
left_child=2 4 3 5 19 6 17 8 -7 25 11 -9 18 -14 28 16 -6 -1 -12 21 -21 -2 29 -10 -25 26 -4 -28 -8 -23
right_child=1 -3 9 -5 15 7 14 10 23 -11 12 -13 13 -15 -16 -17 -18 -19 -20 20 -22 22 -24 24 -26 -27 27 -29 -30 -31
leaf_value=-0.060686355735772815 -0.045856904763025716 -0.056081393831256848 0.050007066119442695 0.050038931843235601 -0.05023018864184417 0.057341559490329375 -0.056837011767508196 -0.048458101646254401 -0.049788711219847896 0.052397336378260655 -0.025340096216696126 0.016254302599070923 0.050922334643365458 -0.030793536054706201 0.017358544636449268 0.010494095255681323 -0.0046115380673715893 0.044609994944892595 0.025281759714152474 -0.033235891973384842 0.0041716538967133581 -0.03709661197425794 -0.0047481054518697203 -0.11151501196497382 0.051402460707791545 0.034047119146400046 -0.10790428862591567 0.028440523143406966 -0.0044689941568339031 0.0109404941279735
leaf_weight=47.899702705442905 175.83908373117447 752.29941387474537 9.2365182191133517 119.78421983122826 40.099325127899647 16.123046986758709 21.790062695741653 23.672297552227974 46.867456860840321 872.52566983550787 28.128931701183319 155.40463188290596 161.87734334170818 11.406761154532431 111.14451887458563 195.0811113268137 228.5577637553215 5.2701825946569434 75.680566892027855 63.384978204965591 92.833046987652779 203.0807017236948 96.678957834839821 3.4551403671503058 12.199912101030348 84.235436111688614 8.8709148764610273 4.4420392960309973 52.348020270466805 19.799020335078239
leaf_count=226 1254 7809 68 1033 213 150 96 105 227 8724 131 765 1211 48 567 885 1043 36 408 318 445 1221 560 14 98 540 43 29 234 120
internal_value=0.000141804 -0.0325381 0.0327395 0.01465 -0.0166583 0.009168 -0.00928853 0.017397 -0.0148406 0.0492357 0.0229549 0.00769993 0.0328137 0.0455432 0.00246587 -0.00220167 -0.0114205 -0.0502494 0.0115649 -0.0269466 -0.0110063 -0.0319732 -0.0243337 -0.0334546 0.0154458 0.0234021 -0.0163633 -0.0624111 -0.0198606 -0.0328293
internal_weight=3740.02 1867.65 1872.36 893.053 1115.35 773.269 238.452 534.816 78.6456 979.311 456.171 179.077 277.094 173.284 185.283 463.738 268.657 53.1699 103.809 651.616 156.218 495.398 319.559 62.5225 15.6551 106.785 22.5495 13.313 74.1381 222.88
internal_count=28621 13868 14753 5349 6059 4316 1159 3157 489 9404 2668 870 1798 1259 897 2141 1256 262 539 3918 763 3155 1901 339 112 680 140 72 330 1341
is_linear=0
shrinkage=0.05


Tree=32
num_leaves=31
num_cat=0
split_feature=0 0 3 2 1 0 0 3 1 0 2 2 0 1 2 0 0 1 0 3 3 0 3 0 2 2 0 2 1 3
split_gain=1478.32 275.595 217.377 79.0567 61.6066 52.542 86.3387 59.4076 36.2176 28.9924 25.6985 25.5513 24.3203 24.083 23.7366 22.8497 22.6635 21.423 19.8853 22.0768 19.7648 20.7598 19.5322 19.3564 17.4863 16.8007 20.0687 16.8723 16.2112 16.1026
threshold=-0.12344073632799642 -0.11767958478291825 0.65034044800697888 0.75681758608772565 0.19199785069577049 -0.12478407029846351 -0.12505261219774624 0.24694571193543538 0.33670700890298483 -0.12428347073300573 0.49249215007118263 0.071750474892294927 -0.12439089307418942 0.75476456954276494 0.36570196185717796 -0.12361908512234852 -0.12456062391840446 0.16705632796969622 -0.12265694362071648 0.20074701994659291 0.20074701994659291 -0.11910731526863995 -0.21013776099357453 -0.12276437684321403 0.46246499027735916 0.12752149920897707 -0.12154102685717748 0.40741087788131741 0.32202568465887565 -0.031627800985400842
decision_type=2 2 2 2 2 2 2 2 2 2 2 2 2 2 2 2 2 2 2 2 2 2 2 2 2 2 2 2 2 2
left_child=2 4 3 5 20 6 -1 9 12 24 -8 -11 -9 -12 16 -16 -10 -13 19 -6 21 25 -23 -22 -7 -2 27 -27 -26 -30
right_child=1 -3 -4 -5 18 7 10 8 14 11 13 17 -14 -15 15 -17 -18 -19 -20 -21 23 22 -24 -25 28 26 -28 -29 29 -31
leaf_value=0.057224767703195727 -0.044674183522230626 -0.05575040755583003 0.051566213985629585 0.050306332311587931 -0.027471643959702544 -0.057740989168558479 -0.078501737711385716 -0.036487657135753436 -0.050372048730610734 -0.04143252678785226 -0.038932600075559987 -0.020803004935087754 0.016491131525843389 0.041949603189031466 0.052574106445264349 -0.027783353454139199 0.026552896803473405 0.02173144906661216 0.0085644957012536767 0.0029672007617170763 -0.032021799592109983 -0.028919429242631196 0.015542524071795301 0.0039567645683014508 -0.073767676755856285 -0.051523207961629784 -0.0018570540832871787 0.00052578124671964755 -0.051339516859131629 0.028834208785818577
leaf_weight=27.979941844940186 234.5687860250473 719.75020887702703 797.77723902463913 149.87612907588482 118.4343821182847 31.423712648451328 32.88815950602293 25.193988919258118 10.612814031541346 24.069677263498306 47.901403412222862 36.91296212375164 154.53224644064903 11.392067834734915 174.86964403837919 9.3177899718284589 97.90019928663969 149.49111299961805 224.99868869036436 119.85011693835258 62.521132439374924 61.387380883097649 41.332043424248695 92.977211758494377 7.5509992390871039 64.79765473306179 63.301226869225502 20.494702085852623 8.5145203545689565 23.682709641754627
leaf_count=274 1563 7809 8166 1387 603 151 165 115 51 109 257 160 782 93 1459 39 561 775 1026 512 318 412 224 445 34 481 360 115 41 134
internal_value=0.000139348 -0.0316753 0.0319981 0.0167547 -0.0159891 0.0110027 -0.019704 0.0158958 0.0267318 -0.00228026 -0.0430543 0.00704834 0.00906458 -0.0233927 0.03758 0.0485089 0.0190295 0.0133085 -0.00209584 -0.0121618 -0.0260244 -0.0309899 -0.0110289 -0.0105091 -0.0298673 -0.0363411 -0.0231865 -0.0390165 -0.00783126 0.00763236
internal_weight=3646.3 1824.41 1821.89 1024.11 1104.66 874.234 120.162 754.072 472.427 281.646 92.1816 210.474 179.726 59.2935 292.7 184.187 108.513 186.404 463.283 238.284 641.38 485.882 102.719 155.498 71.1719 383.162 148.594 85.2924 39.7482 32.1972
internal_count=28621 13868 14753 6587 6059 5200 789 4411 3007 1404 515 1044 897 350 2110 1498 612 935 2141 1115 3918 3155 636 763 360 2519 956 596 209 175
is_linear=0
shrinkage=0.05


Tree=33
num_leaves=31
num_cat=0
split_feature=3 1 1 3 0 1 0 0 1 2 2 0 2 0 1 3 2 3 2 0 5 3 0 2 3 0 0 3 2 0
split_gain=1375.76 258.045 220.87 100.116 59.4561 49.7787 47.308 38.8066 34.1784 30.8146 29.791 27.4756 44.8404 25.7226 21.6984 19.9753 19.9312 18.975 18.8272 22.5333 18.6758 18.3307 46.2832 15.7693 14.6726 14.6664 13.7004 19.6105 14.2127 12.7866
threshold=0.19230333655915635 0.066179487506407023 0.54142364189772563 0.72108800313974986 -0.12478407029846351 0.14438268384559502 -0.11767958478291825 -0.12505261219774624 0.81742467569727417 -0.17237203810764759 0.46246499027735916 -0.12445319897079611 0.34804166789022323 -0.12221003184646276 0.39771141134233484 0.53960064455601775 0.84737638155593287 -0.072777839426995131 0.022862104410069434 -0.12421031900708213 1.1560930881521585 0.67081486982318228 -0.12478407029846351 -0.064316068705384352 -0.2917622453919762 -0.12260122323779318 -0.11910731526863995 -0.21013776099357453 -0.2005018463578869 -0.12416709459611944
decision_type=2 2 2 2 2 2 2 2 2 2 2 2 2 2 2 2 2 2 2 2 2 2 2 2 2 2 2 2 2 2
left_child=1 6 3 4 7 29 26 -2 11 25 21 16 13 14 -13 -11 -3 -15 19 -5 -19 22 -4 -16 -14 -7 -1 -28 -29 -6
right_child=2 8 10 18 5 9 -8 -9 -10 15 -12 12 24 17 23 -17 -18 20 -20 -21 -22 -23 -24 -25 -26 -27 27 28 -30 -31
leaf_value=-0.038530985698197434 0.058518622212825833 -0.056391320865207123 -0.056791488294561043 -0.087663951190089323 -0.044902758429586666 -0.041934115700198379 -0.055390893849962076 -0.064905235313163764 0.055056317202435895 0.018025733416512129 0.053766525713553573 -0.040410362396279341 -0.019940098098183218 -0.014441159616317333 -0.051322480172374799 0.046959628973376202 0.04412343599986529 0.0092567506024540183 0.048499807137810644 0.034633968578171907 0.099028002745416482 0.050504307950119426 0.032763135943570457 0.004363709602747126 0.019495836669852204 0.010079810911966641 -0.036015440289970974 -0.020806979989681052 0.041170318690436497 -0.0060168633314696858
leaf_weight=281.64226981252432 7.4812470450997344 44.954505309462547 17.97671527415514 5.6724773347377804 23.690536692738533 28.614261314272881 674.91008164733648 42.823504321277142 20.877952829003334 382.24815836548805 682.00174798816442 134.41646575927734 27.756578899919987 138.80195961147547 16.036360815167427 70.681290574371815 5.5396300554275504 66.170719414949417 202.45169938355684 11.208816066384314 6.3494609743356696 60.983240462839603 73.071743860840797 61.350381404161453 156.99600926041603 25.747482150793076 51.197334080934525 17.62175415456295 19.471148923039436 196.37781511247158
leaf_count=1864 69 223 96 34 109 131 7684 226 177 2116 7393 825 133 783 69 540 40 320 1946 61 30 603 433 265 800 108 361 97 105 980
internal_value=0.000136392 -0.0319176 0.0303183 0.0144352 0.00602067 0.00965649 -0.0475141 -0.0465498 -0.0079266 0.0182717 0.0493049 -0.00992388 -0.00698 -0.0159534 -0.0282674 0.022541 -0.045364 -0.00361136 0.0442697 -0.00646076 0.0171166 0.0292903 0.0150814 -0.00717578 0.0135711 -0.0172986 -0.0331435 -0.0159578 0.0117267 -0.010203
internal_weight=3555.12 1724.09 1831.03 996.997 777.664 727.36 1044.84 50.3048 679.25 507.291 834.033 658.372 607.878 423.125 211.803 452.929 50.4941 211.322 219.333 16.8813 72.5202 152.032 91.0485 77.3867 184.753 54.3617 369.933 88.2902 37.0929 220.068
internal_count=28621 13776 14845 6320 4279 3984 10111 295 3665 2895 8525 3488 3225 2292 1159 2656 263 1133 2041 95 350 1132 529 334 933 239 2427 563 202 1089
is_linear=0
shrinkage=0.05


Tree=34
num_leaves=31
num_cat=0
split_feature=0 0 3 1 0 1 3 0 0 1 4 0 0 0 3 0 3 3 3 1 0 4 3 0 0 1 1 5 1 0
split_gain=1281.7 265.429 204.248 70.1776 57.8449 53.2924 44.631 43.082 31.012 26.9792 22.8174 19.7006 19.1174 18.3634 17.7122 19.3648 21.0804 17.4299 17.3363 17.2954 16.4208 19.5874 16.0575 19.7786 15.9941 15.2466 14.4397 16.3716 13.7322 16.8102
threshold=-0.12344073632799642 -0.11767958478291825 0.65034044800697888 0.64674687584900181 -0.12478407029846351 0.19199785069577049 0.26976800279385288 -0.12505261219774624 -0.12428347073300573 0.33670700890298483 -0.18757061230103017 -0.12439089307418942 -0.12293411094545988 -0.12361908512234852 0.46844742722715904 -0.12147946636493186 -0.14804976510902454 0.040805908494046306 0.20074701994659291 0.29483071009780676 -0.11880321828152891 -0.60726196874253735 -0.072777839426995131 -0.11880321828152891 -0.12125391938223161 0.43573896005983176 -0.20586584969695729 1.1774824889861646 0.80469900450017351 -0.12473035782465937
decision_type=2 2 2 2 2 2 2 2 2 2 2 2 2 2 2 2 2 2 2 2 2 2 2 2 2 2 2 2 2 2
left_child=2 5 3 4 7 14 8 -1 25 11 -10 -8 18 -11 15 -2 -17 28 -7 -4 26 -22 23 -14 -16 -6 -18 -28 29 -5
right_child=1 -3 19 17 6 12 9 -9 10 13 -12 -13 22 -15 24 16 20 -19 -20 -21 21 -23 -24 -25 -26 -27 27 -29 -30 -31
leaf_value=0.05871805045676929 -0.03775595104215651 -0.055156001202799766 0.027660789387075516 -0.095341210124492357 -0.060257273338515382 -0.032462455281224926 -0.031440573672921281 -0.048169064720104196 -0.016349807581215427 0.039327381971950064 0.018265763405177188 0.016043296374901508 -0.013771190529237202 -0.013527990045856756 -0.0041622710294234545 -0.030944267964430446 -0.032982975018911828 0.045065081167160036 -0.0006594953318974085 0.053144678048216577 -0.020260446740849855 0.067286632270973298 0.015475618604345787 0.074625347008216728 0.092829240113355388 -0.011797037885503108 -0.0078656234053636961 0.062180079326625337 0.048950166801298496 0.0090870601711097437
leaf_weight=11.014175571501253 235.84567809104919 658.65831393003464 74.013839729130268 5.563107684254649 27.590744279325008 78.861086890101433 25.733336642384529 65.430524617433548 70.1618272960186 209.65619070082903 148.08367370814085 144.51878037303686 108.4650589004159 17.830514207482338 37.067635208368301 180.89504174888134 54.916670054197311 203.02506712079048 93.842255383729935 662.84241958707571 11.101129829883577 15.051675975322722 173.18715984374285 6.7200498580932608 4.8009406477212897 39.421360991895199 73.851597234606743 9.4042142629623395 10.464069150388239 12.541297703981401
leaf_count=103 1636 7809 538 30 132 414 119 359 334 1623 752 743 535 86 166 1225 300 1928 400 7628 56 77 761 31 20 211 390 48 93 74
internal_value=0.000133768 -0.0301224 0.0306487 0.0158257 0.00847813 -0.0149117 0.0130947 -0.0327687 -0.00199774 0.023919 0.00713751 0.00886618 -0.00202557 0.0351846 -0.0244495 -0.0267127 -0.0191682 0.0399196 -0.0151816 0.0505849 -0.00620468 0.0301254 0.00585345 -0.00861402 0.00695945 -0.0317495 -0.0130811 4.64344e-05 0.00335293 -0.0230016
internal_weight=3470.56 1742.67 1727.89 991.035 759.441 1084.01 682.996 76.4447 285.258 397.739 218.246 170.252 461.076 227.487 622.935 581.066 345.22 231.594 172.703 736.856 164.325 26.1528 288.372 115.185 41.8686 67.0121 138.172 83.2558 28.5685 18.1044
internal_count=28621 13868 14753 6587 4462 6059 4000 462 1429 2571 1086 862 2141 1709 3918 3732 2096 2125 814 8166 871 133 1327 566 186 343 738 438 197 104
is_linear=0
shrinkage=0.05


Tree=35
num_leaves=31
num_cat=0
split_feature=3 1 1 3 3 2 1 2 5 3 3 1 2 1 1 2 2 5 4 1 2 2 5 6 4 5 5 4 1 3
split_gain=1185.08 221.844 213.302 97.5781 45.2779 33.0954 31.4207 20.3485 20.2755 18.6024 18.2064 17.3767 15.892 15.0608 11.6088 10.0991 9.61616 9.22842 9.02346 8.87159 8.6057 8.58823 10.362 8.21924 8.7673 8.16447 10.6126 7.06268 7.03475 7.02261
threshold=0.18240986645667703 0.55342144563924889 0.074244129670830328 0.74300415299408207 -0.21013776099357453 0.39865306409376106 0.81742467569727417 -0.17237203810764759 1.5863438819732469 -0.25230160730121182 0.67081486982318228 0.16705632796969622 0.022862104410069434 0.34956885933132159 -0.011185710765596451 0.6801358001953558 0.3604236709571626 -1.2865088206500621 1.4572922682379719 -0.70344142327050319 -0.2005018463578869 1.0000000180025095e-35 1.4801737157127917 -1.4463626325592436 -0.28867246475345881 0.6443785721579961 -0.8940516732231939 0.16699218324989182 0.034907445251347709 0.48869333039222784
decision_type=2 2 2 2 2 2 2 2 2 2 2 2 2 2 2 2 2 2 2 2 2 2 2 2 2 2 2 2 2 2
left_child=2 3 4 7 20 10 8 -2 9 -4 -3 19 -5 16 -14 23 18 -18 -11 -9 -1 22 -6 -13 -25 26 28 -15 -21 -26
right_child=1 5 6 12 21 -7 -8 11 -10 13 -12 15 14 27 -16 -17 17 -19 -20 25 -22 -23 -24 24 29 -27 -28 -29 -30 -31
leaf_value=-0.054376570193747004 -0.016831733237843042 0.0089919258778112469 -0.028107804565783785 -0.0030011871356749949 -0.040851628483704293 0.053301988284927694 0.058435756259747132 -0.049576342804590945 0.030229514682781899 -0.025643405451048085 0.049162437205190763 0.042592812027021171 0.0091249412163264855 -0.0053222429402083908 0.052049844335556775 0.040940058085750047 0.04189422009579543 -0.0090543960880464496 0.020982977689874574 -0.001752705380828569 -0.040543471948992015 -0.017489162221995671 0.010378222605420213 -0.0018993934205534619 0.009634571039053302 0.015903483873620554 -0.016649284312419854 0.012599624695863397 0.037473113571189882 0.025915979869809813
leaf_weight=595.28947196900845 92.624734975397587 72.758556939661503 141.71447087079287 16.577668122947216 110.60888087004423 638.90248742699623 17.084494449198246 10.103272065520285 29.415325321257114 156.85989694297314 46.064360029995441 20.156721040606499 17.359192535281181 144.2765406742692 170.02901254594326 30.732005827128887 11.343470349907873 41.058933764696121 11.11150600761175 34.788356497883797 138.61037509888411 121.78045380115509 10.837557964026926 115.80572365224361 243.49911474436522 50.329430475831032 102.08491156250238 88.81081136316061 17.022972226142883 90.974389337003231
leaf_count=7223 430 407 809 95 820 7493 158 48 151 924 481 112 123 704 1822 228 55 203 65 171 1239 771 75 643 1356 252 528 424 87 703
internal_value=5.74332e-05 0.0283366 -0.0308598 0.0130195 -0.0455677 0.0487956 -0.00846289 0.00521979 -0.0102928 -0.0122955 0.0245649 0.00807447 0.0439222 -0.00735388 0.0480734 0.0131701 -0.0167253 0.00197437 -0.022559 -0.00384074 -0.0517639 -0.0268717 -0.03628 0.011356 0.00995769 -0.00157814 -0.00729524 0.00150634 0.0111352 0.014063
internal_weight=3388.62 1769.81 1618.8 1012.09 977.127 757.725 641.675 808.122 624.591 595.176 118.823 715.497 203.966 453.461 187.388 501.168 220.374 52.4024 167.971 214.329 733.9 243.227 121.446 470.436 450.279 204.226 153.896 233.087 51.8113 334.474
internal_count=28600 14979 13621 6598 10128 8381 3493 4558 3335 3184 888 4128 2040 2375 1945 3042 1247 258 989 1086 8462 1666 895 2814 2702 1038 786 1128 258 2059
is_linear=0
shrinkage=0.05


Tree=36
num_leaves=31
num_cat=0
split_feature=3 0 1 3 1 0 0 2 0 2 0 1 0 0 2 0 2 4 1 3 2 3 0 0 1 0 3 2 0 2
split_gain=1096.41 233.082 215.363 92.6085 48.7211 44.709 36.9174 33.567 30.9523 25.2151 26.5089 24.9763 33.5889 23.601 24.3844 21.7599 18.9316 24.1272 27.8746 18.9119 18.5617 18.1991 40.3867 18.8376 16.6881 16.437 18.248 15.3824 13.5068 13.2279
threshold=0.18240986645667703 -0.11767958478291825 0.55342144563924889 0.74300415299408207 0.2389134171379759 -0.12478407029846351 -0.12505261219774624 0.45518809308885194 -0.12349661481450104 0.30091979341025044 -0.12445319897079611 0.81742467569727417 -0.12456062391840446 -0.12092642215018143 0.35479063764852586 -0.12281853389314025 -0.2005018463578869 0.97534026838863364 -0.29755960252757457 -0.25230160730121182 0.79078339975982026 0.67081486982318228 -0.12473035782465937 -0.12505261219774624 0.63878556101533568 -0.12361908512234852 0.36081956237546819 0.022862104410069434 -0.12421031900708213 0.43103867261043877
decision_type=2 2 2 2 2 2 2 2 2 2 2 2 2 2 2 2 2 2 2 2 2 2 2 2 2 2 2 2 2 2
left_child=1 4 3 5 13 6 -2 21 9 10 -7 12 20 14 -1 -10 -15 -18 -19 -14 -6 22 23 -4 -21 26 -12 28 -5 -8
right_child=2 -3 7 27 11 8 29 -9 15 -11 25 -13 19 16 -16 -17 17 18 -20 24 -22 -23 -24 -25 -26 -27 -28 -29 -30 -31
leaf_value=-0.043958931906696849 0.057042297969298494 -0.054611347535116123 0.058938561756668763 -0.061405563221488449 -0.068103631500279288 -0.061228690604079976 -0.10129528125116516 0.053348032610413057 -0.015789081958689392 0.026478887275290037 -0.028968489365395356 0.057991599984663245 -0.022495311141163626 -0.031701816282647059 -0.010322479634266784 0.0098504587875797214 -0.011960157861686988 -0.032367785346100263 0.080239592041505048 0.0018944400223902536 0.021633110018815682 0.049367597266546541 0.03212913104999577 -0.066672470478502388 0.048424832502287761 0.043322322117057825 0.013877063784929176 0.047456425481301572 0.031903376641930013 -0.040467377526853116
leaf_weight=206.14810302108526 8.4423476383090001 599.36407016962767 3.5560571551322964 6.1800112202763584 29.584726229310036 15.383200295269488 12.219069510698317 593.75547599047422 169.68144117295742 265.91060697287321 37.327835962176323 16.372587263584137 78.329470597207546 98.892055183649063 72.946284502744675 161.52612981200218 142.88525085896254 8.3441043645143527 16.098205044865608 284.44732735306025 7.1565586626529685 50.922061286866665 62.322808422148228 18.57919330149889 20.669929876923561 26.553392350673676 74.348417110741138 180.52062706649303 10.413418062031267 33.282241173088551
leaf_count=1559 88 7771 31 37 145 78 63 7318 794 1845 186 158 381 650 374 762 888 55 96 1372 51 564 379 89 121 134 428 1945 58 180
internal_value=5.70788e-05 -0.0300412 0.0275525 0.0125061 -0.0150428 0.00498198 -0.0389853 0.0482254 0.00814123 0.0171621 0.00103421 -0.00259477 -0.00495552 -0.0250083 -0.0351674 -0.00328497 -0.0143579 -0.00410749 0.0417977 -0.000579584 -0.0506245 0.0257582 0.0115234 -0.0464929 0.00504661 0.00796328 -0.000444081 0.0432217 -0.00284835 -0.0568023
internal_weight=3312.16 1581.24 1730.92 1001.79 981.875 804.675 53.9437 729.136 750.731 419.523 153.613 436.561 420.188 545.314 279.094 331.208 266.22 167.328 24.4423 383.447 36.7413 135.38 84.4581 22.1353 305.117 138.23 111.676 197.114 16.5934 45.5013
internal_count=28600 13621 14979 6598 5850 4558 331 8381 4227 2671 826 2228 2070 3622 1933 1556 1689 1039 151 1874 196 1063 499 120 1493 748 614 2040 95 243
is_linear=0
shrinkage=0.05


Tree=37
num_leaves=31
num_cat=0
split_feature=3 3 0 1 0 2 2 0 1 0 2 0 0 3 0 0 1 2 1 0 0 0 3 0 1 1 1 2 2 3
split_gain=1021.64 282.741 135.742 110.387 36.211 37.5241 35.1454 34.5777 32.3404 24.6875 22.9848 29.8751 21.3759 20.9293 20.8625 30.9842 20.7828 20.1883 18.8564 23.2649 18.8393 18.5492 27.0104 23.723 20.7543 17.6589 16.6876 15.8059 15.4533 14.8363
threshold=0.010492569298552254 0.66150457243602845 -0.11767958478291825 0.55342144563924889 -0.12478407029846351 0.13536480398097889 0.40369013588311548 -0.12473035782465937 0.2634425011689816 -0.12505261219774624 0.36570196185717796 -0.12075879972279084 -0.12366423176055642 0.50948976886327324 -0.12378286680229571 -0.12383185522267347 0.074244129670830328 0.3604236709571626 0.33670700890298483 -0.12445319897079611 -0.12410508859361326 -0.12428347073300573 0.40307960522875502 -0.1219321436824016 0.2634425011689816 0.63129917358161824 -0.05846654975882843 0.49249215007118263 -0.18503402828356072 -0.15793564955076031
decision_type=2 2 2 2 2 2 2 2 2 2 2 2 2 2 2 2 2 2 2 2 2 2 2 2 2 2 2 2 2 2
left_child=2 3 10 4 9 21 7 -5 -3 -2 11 25 13 14 15 17 29 20 19 -19 -7 -6 23 24 -23 -1 -25 -14 -26 -13
right_child=1 8 -4 6 5 12 -8 -9 -10 -11 -12 16 27 -15 -16 -17 -18 18 -20 -21 -22 22 -24 26 28 -27 -28 -29 -30 -31
leaf_value=-0.040438037582120126 0.05731005539893666 0.017695913366506368 -0.054362395294568558 -0.052566220631580764 -0.070842161297101455 -0.034618222726126309 0.045602775897920132 0.024402896105325547 0.052212567075963091 -0.05479805167599508 -0.002991620556228816 -0.033609673980702373 0.0047373639474337648 0.043622469520952528 0.043683653010660593 -0.11706898420754097 0.0083958682548187502 -0.048323395842854708 0.032429075169583842 0.016966461753489547 0.012969953528294512 -0.048849735858505876 0.017752019644457502 -0.022245467357439142 -0.046674375158525669 0.033887515527086666 0.016495590419034666 -0.027262360910752067 0.0056953262521211205 -0.00053519599557663277
leaf_weight=239.0344171449542 5.5611286461353293 76.673883385956287 568.76390963047743 18.488886930048466 12.296550266444681 41.714777633547783 220.29221457242966 69.223202884197235 590.49555506557226 41.985954485833645 142.88552428036928 109.48484626412392 262.13026136904955 65.018287189304829 45.306501418352127 4.9432622864842406 76.263878136873245 19.039286255836487 104.31683105230331 48.151316031813622 41.47496697306633 71.436420746147633 76.4414466843009 47.080317266285419 20.166478529572487 8.2678934186696988 67.863635800778866 45.251003637909889 46.722207456827164 49.117399901151657
leaf_count=1629 57 542 7723 97 62 204 2344 388 7634 220 762 822 1318 543 257 30 381 88 760 244 223 473 360 282 88 36 313 216 217 287
internal_value=5.64285e-05 0.0215374 -0.0366877 0.00857729 0.000965103 0.00295453 0.0349453 0.00817853 0.0482458 -0.0416858 -0.0206048 -0.0258243 0.00977124 0.0178675 0.0123763 0.0069132 -0.0130531 0.0093195 0.0191234 -0.00153423 -0.0108927 -0.010546 -0.00829726 -0.0161594 -0.0301088 -0.0379532 0.000627498 2.65379e-05 -0.0100938 -0.0233669
internal_weight=3235.89 2042.07 1193.82 1374.9 1066.9 1019.35 308.004 87.7121 667.169 47.5471 625.054 482.168 677.346 369.965 304.947 259.64 234.866 254.697 171.507 67.1906 83.1897 342.007 329.711 253.269 138.325 247.302 114.944 307.381 66.8887 158.602
internal_count=28600 16960 11640 8784 5955 5678 2829 485 8176 277 3917 3155 3883 2349 1806 1549 1490 1519 1092 332 427 1795 1733 1373 778 1665 595 1534 305 1109
is_linear=0
shrinkage=0.05


Tree=38
num_leaves=31
num_cat=0
split_feature=3 3 0 1 1 0 0 2 0 0 2 0 2 0 0 1 3 2 3 1 3 0 1 0 1 0 2 1 0 2
split_gain=947.409 271.502 136.126 102.904 32.6247 32.1336 39.5394 29.9192 32.6337 23.2273 22.8642 22.3377 21.4914 27.5636 20.0294 19.7408 19.1684 16.9089 14.7873 14.7375 16.1056 14.7013 14.4404 13.8174 23.0857 12.8292 35.0154 29.3373 12.7393 30.3783
threshold=0.010492569298552254 0.66150457243602845 -0.11767958478291825 0.568700555771261 0.2634425011689816 -0.12473035782465937 -0.12344073632799642 0.53583105377803286 -0.12478407029846351 -0.12281853389314025 -0.064316068705384352 -0.12505261219774624 0.38423477047265098 -0.11969719587286314 -0.12505261219774624 0.11959351730844943 0.50948976886327324 0.022862104410069434 -0.15793564955076031 -0.10852737766352673 0.34578688321047818 -0.12378286680229571 0.34956885933132159 -0.12428347073300573 0.79629753399607062 -0.12411122262567646 0.3604236709571626 0.33670700890298483 -0.12154102685717748 0.20094224857828877
decision_type=2 2 2 2 2 2 2 2 2 2 2 2 2 2 2 2 2 2 2 2 2 2 2 2 2 2 2 2 2 2
left_child=2 3 12 5 -3 11 10 8 14 17 21 -2 13 22 -5 18 25 -8 -15 -11 -21 -7 28 24 -14 26 -12 -28 -1 -30
right_child=1 4 -4 7 -6 6 9 -9 -10 19 16 -13 23 15 -16 -17 -18 -19 -20 20 -22 -23 -24 -25 -26 -27 27 -29 29 -31
leaf_value=-0.049886782642899703 0.056599178724888455 0.016958745105384473 -0.054131701462728714 0.057806205564844074 0.051845151140672507 -0.061177702542238394 -0.048934785272308767 0.048128411289602151 0.030505807385720375 -0.014703165219015791 -0.033764970636906894 -0.043805455019891165 -0.05399529675500199 -0.026618243003165776 -0.054156286606204529 0.033383371608300107 0.038339698559344146 -0.012560979305878909 0.014014670718706355 0.002728902750833049 0.038282524638289489 0.010723814684172521 -0.01394896448775669 0.0068357436946298146 0.056718577977065102 0.019111391268228584 -0.018008377119754514 0.032988320541305925 -0.037123847459948865 0.0279728949039833
leaf_weight=119.41766234487295 6.1536294296383849 76.023405946791172 543.27235782891512 4.8956323638558414 565.57714308798313 16.403426326811317 40.293183334171772 173.19214376807213 78.793054215610027 93.127279929816723 50.918402448296547 55.505624905228615 23.686191193759445 77.505595080554485 21.701385341584682 26.29980343580246 78.533617593348026 154.31382334977388 31.487522140145302 178.62773901969194 38.765630841255188 12.546951189637182 83.758054688572884 101.9773565530777 5.8766469657421103 230.69209223985672 43.012432724237442 81.901915937662125 126.82316717505455 20.871382489800453
leaf_count=975 68 542 7723 48 7634 78 212 2009 501 542 247 306 117 590 109 128 653 768 179 930 167 57 383 524 60 1257 209 623 836 125
internal_value=5.55702e-05 0.0209029 -0.0358755 0.00824983 0.0477115 0.00126555 0.00338616 0.0353463 0.0143408 -0.00654851 0.0131492 -0.033785 -0.0198192 -0.0246704 -0.0335477 -0.0054977 0.0157255 -0.0200921 -0.0148796 0.00193945 0.00906883 -0.0300159 -0.0320632 -0.00188944 -0.031987 0.0113568 0.00118274 0.0154284 -0.0377433 -0.0279247
internal_weight=3161.95 2000.98 1160.98 1359.38 641.601 1080.8 1019.14 278.582 105.39 505.128 514.009 61.6593 617.703 486.163 26.597 135.293 485.058 194.607 108.993 310.521 217.393 28.9504 350.87 131.54 29.5628 406.525 175.833 124.914 267.112 147.695
internal_count=28600 16960 11640 8784 8176 6117 5743 2667 658 2619 3124 374 3917 3216 157 897 2989 980 769 1639 1097 135 2319 701 177 2336 1079 832 1936 961
is_linear=0
shrinkage=0.05


Tree=39
num_leaves=31
num_cat=0
split_feature=3 1 2 3 2 3 1 1 1 5 3 1 2 1 3 4 6 4 1 5 1 5 2 6 3 3 5 5 1 6
split_gain=880.043 231.732 169.637 66.3073 40.9408 31.2049 29.3918 26.8734 17.356 16.8792 16.4336 14.6936 14.2719 13.3609 13.2395 12.5442 12.3817 12.2175 10.4836 8.33182 7.98258 7.90545 7.86069 7.24717 6.74488 6.61287 6.54196 6.50399 7.75113 6.65953
threshold=0.26976800279385288 -0.13284919124624053 0.53230091402481661 0.74300415299408207 0.15305905012789597 -0.15793564955076031 0.36529127775048459 0.80469900450017351 0.44382920561090922 0.90144041133160757 -0.36655292410481194 0.2876574810541685 -0.2005018463578869 0.011917148921538097 0.83118360888686149 -0.01876976051400327 -1.4463626325592436 1.6281608025163641 0.066179487506407023 1.2028895098227148 -0.29755960252757457 -1.052135591597718 -0.05380945927065698 -0.41312693731312539 0.46844742722715904 -0.072777839426995131 0.53734117606955767 1.3070406661370388 -0.6817927540397849 -0.25465905783395176
decision_type=2 2 2 2 2 2 2 2 2 2 2 2 2 2 2 2 2 2 2 2 2 2 2 2 2 2 2 2 2 2
left_child=1 5 3 13 8 -1 14 9 12 10 -6 22 -3 24 20 16 -12 19 -17 -14 -4 -15 -5 26 -2 -21 -23 29 -29 -7
right_child=2 4 6 11 7 27 -8 -9 -10 -11 15 -13 17 21 -16 18 -18 -19 -20 25 -22 23 -24 -25 -26 -27 -28 28 -30 -31
leaf_value=-0.051669618134811794 -0.02146258754100179 -0.036961591410458197 -0.044239193605328658 -0.032627110490209957 -0.036670352345605534 -0.012279915918767396 0.052203565950981946 0.05476283648827325 0.004097249984665324 0.018275426890846259 0.033012308325821402 0.049202317537536046 -0.022078707607550582 0.028799614689347275 0.056684720795774912 -0.030572305117487333 -0.017794653008378424 0.036846512572016703 0.007096847232976238 -0.012189706790994173 0.013651938755606819 0.0099632035781317824 0.024979563813029806 0.0026827119478646999 0.0062305233985487027 0.053836398361117269 0.033781646071139808 -0.053488475016664296 0.019447108676875251 -0.038884278563033503
leaf_weight=567.25119768083096 60.743011198937893 143.80436185747385 6.7800435796380034 7.1156278401613227 39.969560064375401 37.741195693612099 560.12003327161074 21.518213197588921 61.155082777142525 84.59038020670414 13.02071503549814 130.14573214203119 198.43549916893244 45.709774985909462 17.295317530632019 20.106000363826752 151.70694383978844 10.140729568898676 227.07634019851685 8.8880348503589612 48.915886744856834 115.23216762393713 35.296611241996288 315.72520403563976 34.461259014904499 6.6144577264785758 38.446983635425568 4.7677678838372257 15.437282525002955 62.43437036126852
leaf_count=7917 303 1034 37 32 233 268 7730 237 265 464 69 1695 1323 276 171 128 815 67 1251 66 299 701 274 1919 169 38 235 34 99 451
internal_value=5.45042e-05 -0.0244792 0.02907 0.013507 -0.0089549 -0.0467629 0.0483146 -2.55622e-05 -0.020568 -0.00222317 -0.00606044 0.0408732 -0.0246682 0.00576964 0.0184712 -0.00309021 -0.0137787 -0.0167789 0.00403281 -0.0193208 0.00660467 0.00895007 0.0153147 0.00701716 -0.0114385 0.0159817 0.015922 -0.0236415 0.00223656 -0.0288611
internal_weight=3090.65 1674.66 1415.99 782.876 987.026 687.632 633.111 557.988 429.038 536.47 451.88 172.558 367.883 610.318 72.9912 411.91 164.728 224.079 247.182 213.938 55.6959 515.114 42.4122 469.404 95.2043 15.5025 153.679 120.381 20.2051 100.176
internal_count=28600 14759 13841 5604 5990 8769 8237 3197 2793 2960 2496 2001 2528 3603 507 2263 884 1494 1379 1427 336 3131 306 2855 472 104 936 852 133 719
is_linear=0
shrinkage=0.05


Tree=40
num_leaves=31
num_cat=0
split_feature=3 0 1 2 1 3 2 0 3 0 0 0 2 0 2 3 0 1 3 3 3 1 1 1 5 1 2 0 2 0
split_gain=826.678 282.708 152.023 68.2509 65.1266 26.3987 26.3477 34.8823 24.6368 50.4866 24.1611 23.6046 36.4037 24.4332 23.3419 21.9643 20.6792 27.4263 17.7735 16.6778 16.3412 15.1515 14.3405 13.6609 14.5566 13.1797 12.8005 12.7812 15.1965 14.8839
threshold=0.32854695461358502 -0.11767958478291825 0.36031840116212749 0.37058810864007913 0.27044015663706339 0.74300415299408207 0.84737638155593287 -0.12439089307418942 0.77581653955646246 -0.1246729743289999 -0.1246729743289999 -0.12103816609106738 0.2465388958820329 -0.12421031900708213 0.46246499027735916 -0.32156488768163849 -0.12478407029846351 0.80469900450017351 -0.21013776099357453 -0.021376318482674139 0.10774811314357652 0.69640792179212097 0.63129917358161824 -0.20586584969695729 1.0101398642722068 -0.02091403634487676 0.75681758608772565 -0.11969719587286314 -0.24247773251945104 -0.1219321436824016
decision_type=2 2 2 2 2 2 2 2 2 2 2 2 2 2 2 2 2 2 2 2 2 2 2 2 2 2 2 2 2 2
left_child=1 4 5 8 11 10 7 14 9 21 26 12 -1 -14 -6 -9 17 -16 25 -18 -15 -4 27 -20 -25 -13 -2 28 29 -17
right_child=2 -3 3 -5 6 -7 -8 15 -10 -11 -12 18 13 20 16 22 19 -19 23 -21 -22 -23 -24 24 -26 -27 -28 -29 -30 -31
leaf_value=-0.042111712189790484 -0.069213027927085641 -0.053740432242304376 -0.092140128070920091 0.050437871787616051 -0.061981670586680637 0.030543445216113543 0.051463323733627719 -0.026232486704983987 0.049294162784016479 0.018533031368413763 0.0025719749378375835 -0.036158045988085613 -0.062613462610610557 -0.020291894655228224 -0.062139187481714125 -0.054034347047467603 -0.048322356725748611 0.048722370291866705 -0.016264358753889967 0.028688271743071619 0.011351826028121619 -0.0010086298034057296 0.043335825009796942 0.0059919777311341731 0.061722746656720388 -0.0047083843623112751 0.031864416911387104 0.091974095902426042 0.0092995609838927712 0.0065898524558517975
leaf_weight=215.00496718287468 18.191049367189411 506.64481515437365 15.123917222023012 661.7988937497139 31.378914371132851 82.51088660210371 25.955356515944004 48.126167431473732 41.693419352173805 115.59333680570126 289.64558496326208 77.303438670933247 21.003844223916531 86.28889562189579 27.435572378337383 19.790847480297089 8.8942231461405736 7.0028458237648001 60.960806459188461 33.548685349524021 77.39038473367691 6.5303953140974036 29.008898414671421 80.282501421868801 13.719033181667326 58.539970301091671 3.7837969437241545 4.369514361023902 355.02579968422651 20.728043407201767
leaf_count=1652 96 7858 86 9223 156 773 285 234 526 694 1509 648 97 523 167 91 44 82 364 246 412 43 188 425 70 358 22 18 1800 86
internal_value=-0.000517384 -0.0220517 0.0310185 0.0430301 -0.00971841 0.00539576 0.00216796 -1.80273e-05 0.0156333 0.00540766 -0.00126284 -0.0202409 -0.0281264 -0.011845 -0.0256408 0.00579674 -0.0108084 -0.0395962 -0.00940295 0.0125501 -0.0053302 -0.0646572 0.00939049 0.00217046 0.0141256 -0.0226052 -0.0518087 0.00692817 0.00598869 -0.0230211
internal_weight=3043.27 1808.4 1234.87 840.74 1301.76 394.131 611.265 585.31 178.941 137.248 311.62 690.494 399.688 184.683 108.26 477.049 76.8813 34.4384 290.806 42.4429 163.679 21.6543 428.923 154.962 94.0015 135.843 21.9748 399.914 395.545 40.5189
internal_count=28776 15804 12972 10572 7946 2400 3397 3112 1349 823 1627 4549 2684 1032 695 2417 539 249 1865 290 935 129 2183 859 495 1006 118 1995 1977 177
is_linear=0
shrinkage=0.05


Tree=41
num_leaves=31
num_cat=0
split_feature=3 1 1 2 1 3 3 3 2 5 3 3 1 5 6 1 5 2 3 4 5 2 6 1 2 3 4 2 2 4
split_gain=764.878 251.697 146.769 66.2269 42.0343 26.774 25.644 23.4988 23.1615 22.6533 17.4973 15.5733 11.1823 10.6571 19.0957 10.0401 9.76162 9.24152 9.18755 9.12038 8.89802 9.39872 8.78643 8.55047 8.34094 8.06807 8.94241 8.37116 14.8176 9.16349
threshold=0.32854695461358502 -0.11923278908940374 0.37019619871380344 0.37058810864007913 0.31444063373428727 -0.19741993156817111 0.80388321190080014 0.77581653955646246 0.84737638155593287 1.4801737157127917 -0.56457427433967666 -0.48063820032721877 0.034907445251347709 -2.0323805799272692 -0.54806344461775069 0.81742467569727417 -1.052135591597718 -0.56761427554825128 -0.14804976510902454 1.6758648488361934 0.99344226478068653 0.30091979341025044 -1.1766684141840116 0.074244129670830328 -0.05380945927065698 0.7062671916557427 1.2306587753348996 0.47843061812129456 0.54248225842426712 -0.31298483094963775
decision_type=2 2 2 2 2 2 2 2 2 2 2 2 2 2 2 2 2 2 2 2 2 2 2 2 2 2 2 2 2 2
left_child=1 5 6 7 9 -1 12 22 10 11 -6 -3 -2 14 -13 -12 -14 -18 -11 20 21 -15 -4 -20 -8 27 -27 -19 29 -29
right_child=2 4 3 -5 8 -7 24 -9 -10 18 15 13 16 19 -16 -17 17 25 23 -21 -22 -23 -24 -25 -26 26 -28 28 -30 -31
leaf_value=-0.051144739223649816 -0.013077578480433068 -0.042489436973115378 0.03345505576189043 0.050187415031047483 -0.052604574848845009 -0.026950320365372954 -0.019566986325870703 0.0487162980191174 0.05070670037385118 -0.0096896975390202561 0.0012772155882225127 0.083162826265306772 0.032922310525851241 -0.026133819316348752 -0.02129220269671786 0.042344497801602494 -0.047768442535130774 0.0063793039277290561 0.0030980372836061643 0.013423071853859748 0.0032102654087266488 -0.0089370805268703356 -0.0012897123828801431 0.064411811043168885 0.044502814797363864 0.041164659474763797 -0.053815464404618978 0.012795831066331219 0.0098944026422097611 -0.076321759076185366
leaf_weight=515.42058090865612 101.97490567713976 61.954470604658127 21.909464575350285 628.68164078518748 14.810375288128851 146.94678478688002 5.6729112714529029 39.379375010728836 24.508152149617672 15.283176012337206 482.04318233579397 7.4541651159524944 30.805532775819302 281.00320827588439 10.593456644564865 15.357030175626276 8.6560300737619382 150.26345954090357 9.443573974072935 22.904717691242695 40.999184433370829 110.77629372477531 107.35295903682709 14.290700070559977 48.588507391512394 23.218942306935791 2.774254009127616 3.7522364258766201 18.326770178973675 12.47347880899906
leaf_count=7901 511 562 136 9148 72 1080 29 517 282 112 2526 40 173 1909 63 151 40 810 54 153 242 586 647 71 484 262 19 21 111 64
internal_value=-0.000502763 -0.0213795 0.0302582 0.042724 -0.00683939 -0.0457772 0.0058077 0.0149011 0.00322253 -0.0162363 0.000950518 -0.0189154 0.000878777 -0.0158324 0.0218506 0.00254515 0.00656541 0.00286579 0.0205461 -0.0173248 -0.0189521 -0.0212714 0.00459939 0.0400158 0.0378045 0.00494488 0.0310274 0.00127653 -0.0209146 -0.0557131
internal_weight=2977.62 1773.79 1203.83 797.323 1111.42 662.367 406.507 168.642 536.719 574.703 512.211 535.685 352.246 473.731 18.0476 497.4 250.271 219.465 39.0175 455.683 432.779 391.78 129.262 23.7343 54.2614 210.809 25.9932 184.816 34.5525 16.2257
internal_count=28776 15804 12972 10448 6823 8981 2524 1300 3031 3792 2749 3555 2011 2993 103 2677 1500 1327 237 2890 2737 2495 783 125 513 1287 281 1006 196 85
is_linear=0
shrinkage=0.05


Tree=42
num_leaves=31
num_cat=0
split_feature=3 0 1 3 1 0 0 1 0 2 2 1 0 2 0 0 0 2 2 4 3 2 3 2 0 1 1 2 2 0
split_gain=707.191 255.822 155.501 60.2496 48.9923 42.3261 37.6481 27.8141 25.2726 30.0272 24.5571 22.1528 34.0871 20.9152 20.845 19.5499 24.7431 19.4823 18.4032 17.7607 16.7737 16.3285 15.7865 14.699 13.219 15.1934 12.9969 12.9546 12.8557 23.7111
threshold=0.29914924664940667 -0.11767958478291825 0.54142364189772563 0.7935293011146497 0.2320125048613165 -0.1248535143445945 -0.12505261219774624 0.011917148921538097 -0.12103816609106738 0.2465388958820329 0.40369013588311548 0.80469900450017351 -0.12439089307418942 0.46246499027735916 -0.12344073632799642 -0.12478407029846351 -0.12505261219774624 0.57661404665988225 -0.30396860921144825 0.2660664956951056 -0.21013776099357453 0.72630138715924841 0.53960064455601775 0.87435259047064384 -0.12226374627508542 0.43000089334797381 -0.20586584969695729 -0.05380945927065698 0.063599211411449488 -0.12439089307418942
decision_type=2 2 2 2 2 2 2 2 2 2 2 2 2 2 2 2 2 2 2 2 2 2 2 2 2 2 2 2 2 2
left_child=1 4 3 5 8 6 -2 -7 9 -1 -4 12 13 -6 18 16 -15 22 -14 24 -10 -8 -9 -18 25 -16 -22 -5 29 -24
right_child=2 -3 10 27 11 7 21 17 20 -11 -12 -13 14 15 19 -17 23 -19 -20 -21 26 -23 28 -25 -26 -27 -28 -29 -30 -31
leaf_value=-0.043599988404166123 0.05562986108422352 -0.053371444265006146 0.02376056851585652 -0.018214959394597947 -0.0680799990026979 -0.014390417294315703 -0.084086414478134197 0.0057195141005693707 -0.02214375796942027 -0.012824601425473023 0.052539829255576223 0.046656124248406643 -0.080985471727477873 0.058049556782934268 -0.03852371376419781 0.0078583755027879232 -0.079990375441904391 0.051282145478903522 0.018315084032396955 0.011920271839813389 -0.015281167190684966 0.019441891829461495 -0.10086604600151268 0.039756849481042716 0.00305673119282754 -0.0025911971444359813 0.015238168376262365 0.048729551383274727 0.038669664134873383 0.019879166721565131
leaf_weight=172.80814255028963 7.489522408694028 462.93130643665791 88.345022894442081 7.7197342514991751 25.364642515778542 101.10850962251425 26.601721372455362 297.08390458673239 124.50912902504206 146.40991471707821 460.47337150946259 24.631722092628479 4.7797213941812506 4.8027136698365238 72.096030212938786 39.798859030008316 21.865063555538658 33.607930332422256 195.8153819590807 102.65534299612045 58.607030883431435 4.445012852549552 4.8710702210664776 2.9029370322823516 72.910980634391308 49.696994408965111 86.181580007076263 113.12718070670962 78.215176247060299 24.596199572086334
leaf_count=1443 97 7855 815 44 128 510 144 1684 978 844 7350 282 21 50 406 258 119 301 1099 481 360 29 24 33 333 207 463 1505 785 128
internal_value=-0.000486345 -0.0217758 0.0279882 0.0123458 -0.009646 0.00563315 -0.044991 0.00924932 -0.0199681 -0.0294848 0.0479071 0.000194416 -0.0017365 -0.0292276 0.0034936 -0.0150215 -0.0458152 0.0147017 0.015949 -0.00490865 -0.00868717 -0.0692641 0.0116644 -0.0659554 -0.0137815 -0.0238616 0.00288466 0.0444531 0.0280657 -8.05518e-05
internal_weight=2916.45 1668.77 1247.68 698.866 1205.84 578.019 38.5363 539.483 588.516 319.218 548.818 617.32 592.689 94.7342 497.954 69.3696 29.5707 438.374 200.595 297.359 269.298 31.0467 404.766 24.768 194.704 121.793 144.789 120.847 107.682 29.4673
internal_count=28776 15360 13416 5251 7505 3702 270 3432 4088 2287 8165 3417 3135 588 2547 460 202 2922 1120 1427 1801 173 2621 152 946 613 823 1549 937 152
is_linear=0
shrinkage=0.05


Tree=43
num_leaves=31
num_cat=0
split_feature=3 1 0 3 3 0 1 0 3 0 0 0 1 0 1 0 5 0 4 5 3 1 5 3 5 1 0 0 1 3
split_gain=658.359 257.683 105.447 88.5488 34.6832 33.8437 38.078 30.5909 28.3909 17.5203 22.7577 28.297 15.2223 27.8502 19.4889 18.4207 14.4655 14.3622 17.5241 14.011 13.9507 13.5364 11.8063 11.5043 11.3289 10.9058 13.966 15.5753 10.8315 10.3702
threshold=-0.051994018390322354 0.55889043296723939 -0.11767958478291825 0.74300415299408207 0.39608255966439881 -0.12478407029846351 0.27044015663706339 -0.12505261219774624 0.48869333039222784 -0.12428347073300573 -0.12344073632799642 -0.12260122323779318 0.43000089334797381 -0.12154102685717748 -0.16069188384970398 -0.12445319897079611 1.1312423036900761 -0.11969719587286314 1.0233189129707072 -1.7976290432644835 -0.56457427433967666 -0.19081279417309924 1.5127183838202658 -0.53026102639652017 -0.82812274700732158 0.81742467569727417 -0.12478407029846351 -0.12505261219774624 0.29483071009780676 0.1371091091316842
decision_type=2 2 2 2 2 2 2 2 2 2 2 2 2 2 2 2 2 2 2 2 2 2 2 2 2 2 2 2 2 2
left_child=2 3 12 5 25 7 9 -2 -8 19 24 -12 13 -1 -15 -14 -13 -16 22 -7 -17 -18 -19 -20 -11 26 27 -3 -5 -29
right_child=1 4 -4 28 -6 6 8 -9 -10 10 11 16 15 14 17 20 21 18 23 -21 -22 -23 -24 -25 -26 -27 -28 29 -30 -31
leaf_value=-0.040651824735376638 0.056043996305898319 0.055090302359691194 -0.053183319282072719 0.021625857351811051 0.049693960311669165 0.03093965321449085 0.0053667268309424438 -0.053445297407118411 0.035934113148099911 0.031869758434769559 -0.03096655197598383 -0.0064925996388529618 -0.051254901109779386 -0.033509216099641616 -0.01533426139620493 -0.049850397767759458 -0.0033687425132477911 -0.0031341875581708716 -0.011703733597128226 -0.051584269131293284 0.017589929402300811 0.068271552109869932 0.087757120830524588 0.1038760696212901 0.0021074084166216624 0.049053537535504003 0.025222799738088098 -0.087626666713450097 0.049157560848144301 -0.01338412193568771
leaf_weight=147.5410665050149 7.3518788889050475 6.3971927948296097 435.28885881602764 55.700450256466866 465.9015606045723 6.0304287970066062 453.28965732455254 48.235739953815937 91.256052628159523 42.938500270247459 132.62914431840181 209.2265146933496 14.911031648516653 79.841109037399292 100.92505370825529 8.6893913522362691 13.060461886227133 51.258205190300941 2.9524377137422562 34.967021182179451 65.255225405097008 13.31674239784479 3.8404866829514495 7.9507548436522466 125.20899475365877 27.795733697712421 78.337198615074158 6.3320461213588741 99.611984260380268 18.287669464945793
leaf_count=1110 96 85 7759 472 7493 29 2457 276 850 218 827 1281 96 671 643 39 87 334 21 172 318 70 24 48 643 352 556 34 1563 152
internal_value=-0.000471624 0.0160685 -0.0353342 0.00379795 0.0431881 -0.000882586 0.00100425 -0.0389645 0.0104893 -0.00794141 -0.00553344 -0.012493 -0.0192537 -0.0234667 -0.0131918 -0.000558189 -0.00209363 -0.00347395 0.0146619 -0.0394456 0.00966487 0.0327994 0.00320111 0.0725786 0.00970759 0.0210876 0.0139792 -0.0144179 0.0392837 -0.0324789
internal_weight=2854.33 1935.87 918.454 1332.82 603.051 1177.51 1121.92 55.5876 544.546 577.378 536.38 368.233 483.165 394.309 246.768 88.8556 235.604 166.927 66.0019 40.9974 73.9446 26.3772 55.0987 10.9032 168.147 137.15 109.354 31.0169 155.312 24.6197
internal_count=28776 17713 11063 9041 8672 7006 6634 372 3307 3327 3126 2265 3304 2851 1741 453 1438 1070 427 201 357 157 358 69 861 1179 827 271 2035 186
is_linear=0
shrinkage=0.05


Tree=44
num_leaves=31
num_cat=0
split_feature=3 1 1 3 3 2 3 2 1 5 1 3 2 2 2 6 5 1 3 1 2 2 4 2 3 2 6 5 4 5
split_gain=611.39 230.569 129.376 49.9125 39.4982 27.2562 25.7399 19.9863 19.1288 18.1769 15.285 12.9945 12.7466 12.4905 9.84871 9.55491 12.9637 9.316 9.14556 8.92457 8.58558 8.22967 8.03878 8.94875 7.97015 8.45698 7.87567 7.2968 7.08605 7.07204
threshold=0.34578688321047818 -0.17572381053426606 0.54142364189772563 0.7935293011146497 -0.18392305819567678 0.8366672136588561 -0.031627800985400842 0.27180275085460687 0.27044015663706339 0.99344226478068653 0.034907445251347709 -0.65512249277248635 -0.05380945927065698 0.6801358001953558 0.14392569395431162 -0.33526177557095965 2.1066416248562589 0.083441988139489068 0.88165897326036247 0.80469900450017351 -0.25849664063232419 -0.56761427554825128 1.6758648488361934 0.30091979341025044 0.10774811314357652 0.6187158919859681 0.066596525406327906 -1.9697677455685771 1.4311797294387014 0.62926005348945702
decision_type=2 2 2 2 2 2 2 2 2 2 2 2 2 2 2 2 2 2 2 2 2 2 2 2 2 2 2 2 2 2
left_child=1 6 3 10 11 8 14 18 9 22 29 -3 -5 21 -1 17 -17 -11 -4 -10 -13 -12 23 -6 27 26 -26 -25 -22 -2
right_child=2 4 7 12 5 -7 -8 -9 19 15 13 20 -14 -15 -16 16 -18 -19 -20 -21 28 -23 -24 24 25 -27 -28 -29 -30 -31
leaf_value=-0.051517039300542883 -0.019636259374383441 -0.047031110695316229 0.0070594478124275288 -0.018963579213435472 -0.024004004256055016 0.052111599349790719 -0.018417363683398687 0.051755899616923284 0.0025668812226452946 0.0035961778728336026 -0.032760949976416327 -0.037030875954405532 0.047798126898078996 0.048738080967115578 -0.021065305725044028 -0.012710121979959917 0.085708365844470544 0.067830127873447624 0.051873127051616376 0.041549243107971305 -0.015522449416706259 0.0099301220920082426 0.017744034133509039 0.036034336721530134 0.031164890447366686 -0.060290355152361641 -0.009421497112902185 -0.030116004080031573 0.02641978377690948 0.01248047546035966
leaf_weight=452.49455174803734 70.689313434064388 46.440413177013397 39.684001699090004 7.6707845702767363 199.47917183861136 23.354117408394814 76.007372494786978 431.07637231051922 482.26377657055855 10.087564520537855 11.659052379429339 46.97398466616869 105.21758037433028 20.435047149658203 28.207024853676558 30.948365986347198 3.7515145540237418 12.816289789974688 15.965113863348959 15.143212549388407 168.94017412140965 355.49328126013279 16.578769069164991 4.7375874221324912 27.356748104095459 4.2286625504493704 21.227392695844173 34.721102327108383 10.708594478666781 22.626906931400299
leaf_count=7845 357 461 295 44 1361 291 513 7443 2592 63 54 434 1505 196 255 181 18 65 230 161 1132 2502 107 23 146 20 109 190 72 111
internal_value=-0.000457861 -0.0190052 0.0290057 0.0133416 -0.00630874 -0.00118816 -0.045455 0.0481155 -0.00262996 -0.0113071 0.00631814 -0.0229364 0.0432617 0.010692 -0.0497302 0.0144745 -0.00206979 0.0395395 0.019916 0.00375367 -0.0179988 0.00857445 -0.0161238 -0.0180483 -0.00517296 0.00752902 0.0134319 -0.0221737 -0.0130223 -0.0118487
internal_weight=2796.98 1716.47 1080.52 593.792 1159.76 886.694 556.709 486.725 863.34 365.933 480.904 273.063 112.888 387.587 480.702 57.6037 34.6999 22.9039 55.6491 497.407 226.623 367.152 308.329 291.751 92.2715 52.8128 48.5841 39.4587 179.649 93.3162
internal_count=28776 16039 12737 4769 7426 5327 8613 7968 5036 2283 3220 2099 1549 2752 8100 327 199 128 525 2753 1638 2556 1956 1849 488 275 255 213 1204 468
is_linear=0
shrinkage=0.05


Tree=45
num_leaves=31
num_cat=0
split_feature=0 0 3 2 0 0 0 2 1 3 1 3 2 1 0 2 1 0 3 3 2 1 0 3 0 0 3 2 5 3
split_gain=595.294 202.333 146.016 56.2025 55.1138 49.1846 27.489 26.1983 22.1235 23.7644 21.5621 22.833 31.5318 20.8253 23.0393 33.3799 20.1909 19.6344 18.1546 16.4208 17.1454 16.5192 22.3234 16.3814 13.8182 13.7498 15.94 13.2343 12.716 12.2798
threshold=-0.12344073632799642 -0.11767958478291825 0.68107391235645431 0.7431183179234534 -0.1246729743289999 -0.12505261219774624 -0.12490008976973245 0.071750474892294927 0.056295875890931699 0.50948976886327324 0.42346894257763756 0.36789591662828242 0.34088796418751621 0.37019619871380344 -0.12103816609106738 0.19326741921827142 0.29483071009780676 -0.12321127827020324 -0.53026102639652017 -0.19741993156817111 -0.24247773251945104 -0.02091403634487676 -0.11969719587286314 0.36081956237546819 -0.12378286680229571 -0.12428347073300573 0.31246220433946786 -0.05380945927065698 0.74628924887281889 -0.010042996419618233
decision_type=2 2 2 2 2 2 2 2 2 2 2 2 2 2 2 2 2 2 2 2 2 2 2 2 2 2 2 2 2 2
left_child=2 13 3 4 5 -1 -7 25 24 18 -8 -12 -13 14 15 23 27 -15 -10 20 -16 -22 -23 -2 -9 -6 -27 -4 -21 -17
right_child=1 -3 16 -5 7 6 10 8 9 -11 11 12 -14 17 19 29 -18 -19 -20 28 21 22 -24 -25 -26 26 -28 -29 -30 -31
leaf_value=0.054727745758207137 -0.040942224928241816 -0.052944188074820278 -0.062185847939986466 0.044983349938997164 -0.057937661733757334 -0.063684466675775944 -0.062913003124904207 -0.031592354095642948 -0.072877444063620622 0.04848143625530308 -0.032970337088169509 -0.057247855474082558 0.05926457467507118 -0.024277858194486156 -0.0420351318142042 -0.026247835139005055 0.050883071953716601 0.011794221383391059 0.017616174937299143 -0.0011385571717274262 -0.024936195355067432 -0.01328377618592225 0.054611960399689977 -0.010350346641415707 0.018365208538089563 -0.031245456698728649 0.019868600588147725 0.026078495524825759 0.030954919038262509 0.00041748706277871476
leaf_weight=18.490162327885628 192.65257006138563 397.28425209969282 4.6330769360065451 113.0585530474782 14.426097996532915 45.207377325743437 17.587257947772741 35.090131036937237 5.6163694933056822 66.884902965277433 27.339530128985643 7.7697577103972462 22.985940039157867 49.346083328127861 45.0146559253335 60.024057798087597 399.87108558788896 160.16924659907818 420.27443032339215 130.10323962569237 50.744869656860828 28.398107342422009 21.102723054587841 56.621485978364944 22.858562454581261 28.293314844369888 33.09273025393486 50.949377678334713 40.463462598621845 153.81676508486271
leaf_count=297 1592 7720 22 1579 76 268 95 170 26 752 178 38 256 215 378 469 7371 686 2677 713 459 167 123 260 105 138 189 486 218 820
internal_value=0.000145444 -0.0228078 0.0239813 0.0120756 0.00721799 -0.0212189 -0.032835 0.0135441 0.0173376 0.0207742 -0.0144077 0.000276382 0.0298302 -0.0106953 -0.0144592 -0.0215604 0.0469581 0.00329835 0.0164228 -0.00404633 -0.0164006 -0.00488956 0.0156609 -0.0339934 -0.011886 -0.0140129 -0.00369027 0.0187212 0.00647496 -0.00706734
internal_weight=2720.17 1385.74 1334.43 878.975 765.917 139.38 120.89 626.537 550.724 492.776 75.6825 58.0952 30.7557 988.457 778.942 463.115 455.454 209.515 425.891 315.827 145.26 100.246 49.5008 249.274 57.9487 75.8121 61.386 55.5825 170.567 213.841
internal_count=28543 13820 14723 6844 5265 1132 835 4133 3730 3455 567 472 294 6100 5199 3141 7879 901 2703 2058 1127 749 290 1852 275 403 327 508 931 1289
is_linear=0
shrinkage=0.05


Tree=46
num_leaves=31
num_cat=0
split_feature=0 0 3 2 0 0 3 2 0 5 2 3 0 3 0 2 3 0 3 0 2 6 4 2 2 0 0 6 0 2
split_gain=549.931 197.926 141.595 53.3024 54.2684 38.3491 24.9416 23.513 21.6428 18.9782 17.9747 23.4618 17.1529 16.2201 15.9953 15.796 15.1843 16.9064 14.9199 11.8392 10.53 10.3912 10.7863 10.0441 9.7776 11.5941 10.1819 9.63593 9.10124 9.81531
threshold=-0.12344073632799642 -0.11767958478291825 0.68107391235645431 0.7132991552941913 -0.1246729743289999 -0.12505261219774624 -0.063548047476083405 -0.076240358027531555 -0.12490008976973245 0.56018077152666812 0.38423477047265098 0.38016702408636832 -0.11880321828152891 0.50948976886327324 -0.12361908512234852 0.25651743410847611 0.16520100891014819 -0.12271065804933914 -0.021376318482674139 -0.12103816609106738 -0.30396860921144825 1.2007943611430079 -0.70347944164922305 -0.22720801801610527 0.20830837771263264 -0.12315756384158058 -0.12231510629377317 -0.91751112579862915 -0.12154102685717748 0.10083055858262817
decision_type=2 2 2 2 2 2 2 2 2 2 2 2 2 2 2 2 2 2 2 2 2 2 2 2 2 2 2 2 2 2
left_child=2 9 3 4 5 -1 14 -8 -7 12 -10 -12 16 21 -6 -4 24 20 19 -11 -18 22 -9 -21 26 -26 -2 -24 29 -20
right_child=1 -3 15 -5 6 8 7 13 10 18 11 -13 -14 -15 -16 -17 17 -19 28 23 -22 -23 27 -25 25 -27 -28 -29 -30 -31
leaf_value=0.054890235302235559 -0.045824290013179003 -0.052794397344882241 0.019485600549411362 0.041507549048854515 -0.03175915308870024 -0.060686497412614053 -0.021972783336797294 -0.0090651436990507352 -0.058192918004119534 -0.028491957832927978 -0.032949108713322538 0.034316603498664541 0.013640014461232001 0.039453693891061348 0.029083561268146832 0.049889293582499217 -0.059548338151664874 0.0068109818383414794 -0.014279234500500235 -0.024642310275707614 -0.014145535945973044 0.042245345850252275 0.03644928807785968 0.015031036599728818 -0.043570236508998633 -0.0043513759860795108 -0.022749565413263371 0.012545018185901195 0.035633284066662628 0.019004553671147437
leaf_weight=14.001947794109581 61.468011140823364 378.95361337065697 47.991058554500341 127.45213194191456 46.772765055298805 43.157744754105806 37.898475021123886 49.428893785923719 18.38648048043251 53.370795048773289 27.011425632983446 24.925440546125174 50.901533529162407 80.459394365549088 14.046285286545752 388.98251162469387 14.083934910595415 119.16251379996538 37.290291406214237 23.37346251308918 136.91529387235641 32.391681049019098 48.999175980687141 50.254220098257065 22.867923706769943 107.11240331083536 215.11451720446348 301.96470718458295 34.431680858135223 54.556534498929977
leaf_count=228 510 7720 593 1788 235 250 197 269 100 393 172 255 357 836 67 7286 70 585 216 174 663 197 318 334 141 666 1533 1932 172 286
internal_value=0.000141319 -0.0221046 0.0233424 0.0116442 0.00649685 -0.0231806 0.0126792 0.0160324 -0.0328134 -0.0102481 -0.0157076 -0.000667078 -0.0143514 0.0188388 -0.0177074 0.0465502 -0.0164568 -0.00726898 0.00153989 -0.0105611 -0.0183803 0.0150062 0.0128026 0.00243654 -0.0225622 -0.0112513 -0.0278777 0.0158824 0.0137099 0.00549116
internal_weight=2663.73 1359.86 1303.87 866.897 739.444 127.483 611.961 551.142 113.481 980.903 70.3233 51.9369 727.626 513.244 60.8191 436.974 676.725 270.162 253.277 126.998 150.999 432.784 400.393 73.6277 406.563 129.98 276.583 350.964 126.279 91.8468
internal_count=28543 13820 14723 6844 5056 1005 4051 3749 777 6100 527 427 4525 3552 302 7879 4168 1318 1575 901 733 2716 2519 508 2850 807 2043 2250 674 502
is_linear=0
shrinkage=0.05


Tree=47
num_leaves=31
num_cat=0
split_feature=0 0 3 2 0 0 1 0 1 1 0 2 1 3 2 3 2 0 0 3 3 0 0 0 0 0 1 2 2 3
split_gain=506.881 193.838 137.266 50.7146 46.0719 42.2449 23.3607 21.6039 21.2469 20.1639 20.8861 22.1424 20.1152 20.0898 19.427 29.6383 19.3762 26.5142 23.9534 19.9912 18.2441 19.1497 17.8557 17.3983 15.9974 15.9043 22.6878 16.9274 16.4114 14.1183
threshold=-0.12344073632799642 -0.11767958478291825 0.68107391235645431 0.7431183179234534 -0.1246729743289999 -0.12505261219774624 0.12816660757737217 -0.12490008976973245 0.29483071009780676 0.37019619871380344 -0.12243348474258348 0.19326741921827142 0.41687939301142779 -0.021376318482674139 0.38423477047265098 0.36789591662828242 0.36570196185717796 -0.12371189516054157 -0.12428347073300573 -0.13622877045347118 0.26976800279385288 -0.12428347073300573 -0.1243293748877002 -0.12321127827020324 -0.12361908512234852 -0.12008811281186339 -0.16069188384970398 -0.14523266724441306 0.17629238044212533 1.0000000180025095e-35
decision_type=2 2 2 2 2 2 2 2 2 2 2 2 2 2 2 2 2 2 2 2 2 2 2 2 2 2 2 2 2 2
left_child=2 9 3 4 5 -1 24 -7 -4 10 11 -2 -9 25 -14 -16 18 20 22 -20 21 -18 -8 -11 -6 28 -27 -28 -12 -19
right_child=1 -3 8 -5 6 7 16 12 -10 23 13 -13 14 -15 15 -17 17 29 19 -21 -22 -23 -24 -25 -26 26 27 -29 -30 -31
leaf_value=0.05428937294716446 -0.042454622929959385 -0.052652631681692076 0.016556649455082971 0.043621860727043354 -0.022800688783340545 -0.057240648721971349 -0.013733795048116544 -0.062570999309757139 0.050392194572402862 -0.022015335217694779 -0.038160037761705179 -0.012390554551731141 -0.050124968475779498 0.0038203610198392977 -0.022447256468565348 0.060561916319077286 -0.012027440253307993 0.037021445672400774 -0.044913893864260174 0.017920432346477 0.045403526204639721 0.033277388762861092 -0.10609503039703903 0.011963735879423737 0.025039086603813401 -0.028286073584145834 -0.010113838517134693 0.034125331267464996 -0.0032554774742490494 -0.031724221416162206
leaf_weight=16.899397801607847 108.16038954257965 361.41786824539304 53.123035699129105 105.7446163892746 69.091134242713451 45.56543306261301 40.227722480893135 16.231439795345068 366.44376903399825 49.270095482468605 107.37643870711327 141.19592122733593 14.253679446876047 216.06171176582575 22.507311433553696 20.591058734804392 36.66996518149972 10.301422990858553 13.513878747820852 200.00462857633829 124.58309638127685 64.090443182736635 6.015321969985961 160.04268671572208 23.390851378440857 58.458581142127514 43.183155737817287 43.309083044528961 49.063793666660786 27.157749637961388
leaf_count=297 816 7720 508 1579 342 268 238 90 7371 215 919 834 79 1202 150 248 213 51 65 1150 1384 407 30 686 112 518 295 268 347 141
internal_value=0.000137338 -0.0213714 0.0226763 0.0112025 0.00663821 -0.0196916 0.0124624 -0.0301847 0.0461081 -0.0097893 -0.0135439 -0.0254311 -0.0134307 -0.00781551 0.000476728 0.0172119 0.0165617 0.0261338 0.00687759 0.0139436 0.032609 0.0167895 -0.0257482 0.00396541 -0.0107009 -0.016157 -0.0042247 0.012038 -0.027213 -0.0128189
internal_weight=2613.95 1337.54 1276.41 856.839 751.095 136.048 615.046 119.149 419.567 976.122 766.809 249.356 73.5835 517.453 57.352 43.0984 522.564 262.803 259.762 213.519 225.344 100.76 46.243 209.313 92.482 301.391 144.951 86.4922 156.44 37.4592
internal_count=28543 13820 14723 6844 5265 1132 4133 835 7879 6100 5199 1650 567 3549 477 398 3679 2196 1483 1215 2004 620 268 901 454 2347 1081 563 1266 192
is_linear=0
shrinkage=0.05


Tree=48
num_leaves=31
num_cat=0
split_feature=3 0 2 3 0 0 2 0 0 0 2 0 0 0 2 3 3 3 6 2 4 3 3 2 6 0 6 3 0 0
split_gain=473.917 173.833 145.409 52.1068 54.0289 29.0019 26.13 28.5727 24.2986 22.1057 22.2623 22.0575 19.0934 18.7457 16.0979 16.5065 14.9892 14.461 15.048 13.5193 22.6786 13.4645 12.4562 11.0121 10.0587 9.95719 9.13257 9.08617 8.48975 8.3983
threshold=0.18240986645667703 -0.11767958478291825 0.57661404665988225 0.7935293011146497 -0.12473035782465937 -0.12505261219774624 0.34804166789022323 -0.12103816609106738 -0.12349661481450104 -0.12445319897079611 0.84737638155593287 -0.12366423176055642 -0.12281853389314025 -0.12490008976973245 -0.1338787294345602 0.50948976886327324 -0.44662946584286328 -0.021376318482674139 0.73772738218537881 -0.17237203810764759 0.97534026838863364 0.66150457243602845 -0.12406960264858199 -0.30396860921144825 -0.55863932559688645 -0.118295324417784 -1.3334021993112555 0.33770533466229208 -0.12349661481450104 -0.12439089307418942
decision_type=2 2 2 2 2 2 2 2 2 2 2 2 2 2 2 2 2 2 2 2 2 2 2 2 2 2 2 2 2 2
left_child=1 6 3 4 5 -2 7 17 14 10 -8 27 23 21 29 -16 25 -1 -19 -18 -21 -7 -22 -10 -11 -9 -25 -4 -26 -6
right_child=2 -3 11 -5 8 13 9 16 12 24 -12 -13 -14 -15 15 -17 19 18 -20 20 22 -23 -24 26 28 -27 -28 -29 -30 -31
leaf_value=-0.036663404108832912 0.054317099286673026 -0.05246180126043716 0.025078549296438879 0.040941299193541197 -0.084925840815220782 -0.065878145706984539 -0.044594733133788186 -0.036107627780645066 -0.055181306785282859 0.027539053442618547 0.042543427442279833 -0.02905423030688092 0.011155578479380281 -0.024730065665439678 0.013220581719470903 0.036836356452050877 -0.012509750990109073 -0.024045709590484216 0.0099809430389468934 0.0032297199294761395 0.096678739957990784 -0.16223032503523291 0.018350503860238673 0.035270572861614904 0.014816492502112311 0.012521252804076439 -0.012408104107044399 0.049098603863850725 -0.0083800910965066179 -0.0085082466220086032
leaf_weight=161.75868040323257 7.4370913580059996 343.04247867316008 44.003932189196348 114.61328786611557 4.4097272455692318 21.89315810799599 38.695103168487549 49.618602335453033 14.140000864863394 56.957656614482403 9.0427217707037908 9.8699972704052907 159.90978720784187 31.773434098809958 268.2133053727448 102.18215376883745 93.306601405143738 139.29923074692488 42.37700842320919 104.69772528856993 11.081073969602587 4.3454897105693808 9.3653469830751401 10.795086219906805 77.610530778765678 13.361181907355784 144.25408329069614 373.91796460002661 80.210425898432732 19.469165489077568
leaf_count=1341 124 7706 486 1908 23 114 225 388 72 314 114 52 778 257 1768 1175 617 893 245 666 73 33 50 52 444 103 704 7267 438 113
internal_value=0.000134522 -0.0222351 0.0208103 0.00943911 0.00486194 -0.0386414 -0.0105502 -0.0161114 0.00879803 0.00268713 -0.0280886 0.0448247 -0.0012323 -0.0505586 0.0171703 0.0197355 -0.00430034 -0.0257901 -0.0161088 0.00189546 0.0126359 -0.0818354 0.060801 -0.0129407 0.00952751 -0.025791 -0.00908854 0.0465695 0.00302713 -0.0226203
internal_weight=2561.65 1230.42 1331.23 903.436 788.822 65.4492 887.382 624.865 723.373 262.516 47.7378 427.792 329.099 58.0121 394.274 370.395 281.431 343.435 181.676 218.451 125.144 26.2386 20.4464 169.189 214.779 62.9798 155.049 417.922 157.821 23.8789
internal_count=28543 13617 14926 7121 5213 528 5911 4376 4685 1535 339 7805 1606 404 3079 2943 1897 2479 1138 1406 789 147 123 828 1196 491 756 7753 882 136
is_linear=0
shrinkage=0.05


Tree=49
num_leaves=31
num_cat=0
split_feature=1 3 3 2 2 3 5 2 2 6 5 3 1 3 5 5 1 3 3 1 1 5 2 4 5 2 3 2 6 3
split_gain=441.714 209.103 87.7342 47.9937 33.6654 22.8917 16.966 16.2573 14.6295 11.7084 10.721 9.54158 9.46355 9.41889 9.40777 9.3665 8.57636 10.0432 8.35137 16.4536 8.19666 6.8553 6.81186 6.8063 8.57936 6.67218 6.65665 6.73384 6.61524 6.44474
threshold=0.066179487506407023 0.54843905024852702 -0.21013776099357453 0.7132991552941913 0.26515549430744295 -0.35230885112141347 0.99344226478068653 0.36570196185717796 0.081065168035279175 -0.46650181186699186 0.60161599744205818 0.97431767461514196 -0.70344142327050319 0.7935293011146497 -0.52384220588617669 0.39753257425086502 0.50201239203199066 0.77581653955646246 0.32136522299104581 0.36529127775048459 0.13635711538636988 -0.91101727610706462 0.45518809308885194 -0.13708626306692961 0.34397577132990181 -0.25849664063232419 0.20074701994659291 0.84737638155593287 -0.18945285297187409 0.29914924664940667
decision_type=2 2 2 2 2 2 2 2 2 2 2 2 2 2 2 2 2 2 2 2 2 2 2 2 2 2 2 2 2 2
left_child=2 3 8 5 11 -2 7 14 -1 -9 13 -3 -12 21 25 23 17 -6 -11 22 -17 -4 -20 24 -16 -7 27 -5 -23 -27
right_child=1 4 10 26 16 6 -8 9 -10 18 12 -13 -14 -15 15 20 -18 -19 19 -21 -22 28 -24 -25 -26 29 -28 -29 -30 -31
leaf_value=-0.049790218234817996 -0.023476852245430217 0.0069670219589577772 -0.0091696165166010434 0.00081396624964322987 0.021050636135058462 -0.017246339628091394 0.021953932306655217 0.02393054902853186 -0.019363711301778018 -0.0038832772957235967 -0.046402831229404744 0.050541461879009542 0.0038844455529483627 0.028990290849046543 -0.025851938236655277 -0.035725579466558945 0.052110718188117022 0.050696277239179625 0.016274678077316296 0.030898183688574405 0.0080999930371299534 -0.014536749651059009 -0.029824769810997895 -0.0075396856914851269 0.04586799448551105 0.0025475493154557462 0.049233481783146078 0.048836654762931392 -0.034488996455641269 0.025562786095760855
leaf_weight=370.33793957158923 91.944720920175314 76.576824091374874 86.340777188539505 18.104670237749819 56.681721873581409 27.152714498341084 101.65405890718102 95.978924818336964 44.22394485026598 152.41935051232576 10.27248604595661 15.028679214417933 104.83405193686485 9.9132796153426153 106.14398491382599 11.891908820718525 297.04881029576063 57.600363839417696 12.803128853440283 59.763877917081118 103.74337959289551 69.708827096968889 21.419774912297726 197.67876868322492 4.3403039239346972 96.184480600059032 56.274005934596062 12.231522895395754 102.81908010318875 44.484407871961594
leaf_count=7932 615 647 579 137 684 147 599 687 453 897 86 225 685 93 582 86 6640 1077 77 667 547 489 115 1119 27 562 956 158 740 235
internal_value=0.000130334 0.0144173 -0.0305952 0.00318793 0.0415278 0.000432941 0.00255563 0.000444379 -0.0465444 0.00911565 -0.0133717 0.0141158 -0.000603356 -0.0188398 -0.0045739 -0.00854158 0.0476325 0.0359926 0.00334503 0.0150672 0.00359298 -0.0206714 -0.0125785 -0.013095 -0.0230345 0.00544563 0.039056 0.0201767 -0.0264274 0.00982577
internal_weight=2515.6 1717.15 798.45 1214.21 502.936 1127.6 1035.66 934.005 414.562 342.385 383.889 91.6055 115.107 268.782 591.62 423.798 411.331 114.282 246.406 93.9868 115.635 258.869 34.2229 308.163 110.484 167.822 86.6102 30.3362 172.528 140.669
internal_count=28543 17486 11057 8213 9273 6962 6347 5748 8385 2443 2672 872 771 1901 3305 2361 8401 1761 1756 859 633 1808 192 1728 609 944 1251 295 1229 797
is_linear=0
shrinkage=0.05


Tree=50
num_leaves=31
num_cat=0
split_feature=3 3 0 1 0 2 0 0 0 1 1 0 1 0 0 1 3 0 2 1 3 4 2 0 2 3 6 2 0 2
split_gain=412.353 183.769 99.0781 73.6121 36.7474 34.8795 33.7067 29.8052 28.6561 20.2024 19.8851 23.8804 19.6212 22.4095 18.5444 24.2977 18.5352 13.3214 17.5749 15.1751 14.9042 15.4334 13.1334 17.6681 12.6013 15.2044 12.7176 12.5249 12.0806 11.7691
threshold=-0.051994018390322354 0.72108800313974986 -0.11767958478291825 0.64674687584900181 -0.1248535143445945 0.34804166789022323 -0.12505261219774624 -0.12428347073300573 -0.12366423176055642 0.2876574810541685 0.36031840116212749 -0.12445319897079611 0.14438268384559502 -0.12103816609106738 -0.11880321828152891 0.3021232329742039 0.26100837060484372 -0.12103816609106738 -0.1590971506999955 -0.081505386780538203 -0.36655292410481194 0.99727619698788494 0.21695625359100604 -0.12456062391840446 0.30091979341025044 0.21069450596580633 0.19909916670493508 0.40741087788131741 -0.12456062391840446 -0.2005018463578869
decision_type=2 2 2 2 2 2 2 2 2 2 2 2 2 2 2 2 2 2 2 2 2 2 2 2 2 2 2 2 2 2
left_child=2 3 14 4 6 7 -2 -6 10 -3 11 -7 13 24 15 17 28 27 -19 -20 -21 -22 23 -5 -9 -26 -27 -1 -12 -16
right_child=1 9 -4 22 5 8 -8 12 -10 -11 16 -13 -14 -15 29 -17 -18 18 19 20 21 -23 -24 -25 25 26 -28 -29 -30 -31
leaf_value=-0.050618592416003853 0.054251242784411152 0.016387890962212614 -0.052219538555687575 -0.054743841030029286 -0.041823888318419856 -0.03127386231720785 -0.055220850181033232 -0.027647319341877082 -0.0033647187279691546 0.050024103354861661 -0.028845056719943765 0.020970901379535896 0.0055902943752570763 0.0086404222627565735 -0.015081551238897279 -0.0033700040344022313 0.048046892646022923 -0.042448964155349406 -0.030185126887745481 -0.021029836853660736 0.017841909801425943 0.11047222079076585 0.043857657353167045 0.030943267964175333 -0.037837712071573874 0.078606700676994823 -0.021599824788019112 -0.010128799893171819 0.025216090451731173 0.031534551539455329
leaf_weight=87.399324927479029 8.2623984031379205 52.173560462892056 313.78315912187099 8.3294953070580977 48.477897986769676 29.050735872238874 47.200158823281527 150.38041657209396 152.27469429373741 309.18155225366354 13.514606043696402 88.517497453838587 410.56205408647656 87.9298583753407 23.741089358925819 147.74100346490741 101.36336725205183 48.936441816389561 35.450388416647911 20.325621664524078 25.834830932319168 5.4443204998970023 129.72105348110199 21.658167537301779 9.3002731427550334 9.3065682202577573 4.7990704774856559 24.440663643181324 43.905160129070282 31.510713495314121
leaf_count=928 150 486 7744 44 276 153 281 1035 755 7059 73 527 2145 540 194 787 1337 418 307 136 147 26 2186 137 65 49 25 133 299 234
internal_value=-7.88761e-05 0.0134627 -0.0306456 0.00506679 0.000838663 0.00275683 -0.0389125 -0.00396006 0.0140516 0.0451676 0.0236483 0.00806139 -0.0012297 -0.0119284 -0.0156298 -0.0194197 0.0351894 -0.0289875 -0.0184749 -0.00499833 0.012304 0.0339648 0.0369638 0.00714247 -0.0223356 0.0117918 0.0445141 -0.0417703 0.012492 0.0115041
internal_weight=2490.52 1725.91 764.608 1364.55 1204.84 1149.38 55.4626 720.756 428.626 361.355 276.351 117.568 672.278 261.716 450.824 395.573 158.783 247.832 135.992 87.0552 51.6048 31.2792 159.709 29.9877 173.786 23.4059 14.1056 111.84 57.4198 55.2518
internal_count=28676 17622 11054 10077 7710 7279 431 4135 3144 7545 2389 680 3859 1714 3310 2882 1709 2095 1034 616 309 173 2367 181 1174 139 74 1061 372 428
is_linear=0
shrinkage=0.05


Tree=51
num_leaves=31
num_cat=0
split_feature=3 3 0 2 0 0 2 0 0 2 0 2 2 2 3 3 0 0 2 0 3 0 0 3 0 5 5 0 2 3
split_gain=381.641 175.415 98.4444 63.6992 27.8795 48.8124 33.4591 31.4692 18.0958 17.4776 17.0206 17.349 15.9561 15.4949 14.6473 14.1086 21.7135 13.8393 15.4556 13.038 34.406 24.0805 12.8163 13.4682 12.6052 12.4378 14.2723 12.0142 11.33 12.969
threshold=-0.051994018390322354 0.72108800313974986 -0.11767958478291825 0.75681758608772565 -0.12478407029846351 -0.12505261219774624 0.34804166789022323 -0.12366423176055642 -0.12428347073300573 0.43814067711713817 -0.11880321828152891 0.38423477047265098 0.40369013588311548 0.64859141617519989 0.46844742722715904 0.26976800279385288 -0.12439089307418942 -0.12103816609106738 -0.17237203810764759 -0.1248535143445945 0.91343711129956395 -0.12499890658235149 -0.12495340216371589 0.36789591662828242 -0.12499890658235149 0.40900424338425539 -0.56982781771645608 -0.1243293748877002 0.10969996338137507 0.39608255966439881
decision_type=2 2 2 2 2 2 2 2 2 2 2 2 2 2 2 2 2 2 2 2 2 2 2 2 2 2 2 2 2 2
left_child=2 3 10 4 5 -2 8 15 27 -7 11 17 19 -9 25 16 -8 -1 -19 20 21 -3 24 -24 -11 26 -10 28 -6 -30
right_child=1 12 -4 -5 6 9 7 13 14 22 -12 -13 -14 -15 -16 -17 -18 18 -20 -21 -22 -23 23 -25 -26 -27 -28 -29 29 -31
leaf_value=-0.035368152102404744 0.053320297337991554 0.023211541521652817 -0.052106669796572351 0.046492755752909287 -0.054462101364967146 -0.07459711805530031 -0.022269325969404091 -3.4615573372760173e-05 0.0050871735854646312 -0.017431075127120981 0.010841756293878485 -8.6002534777020783e-05 0.050784857367502739 -0.091219812224167737 0.017097381899025307 0.034263279579222407 0.026803898428049013 -0.035379848427867018 -0.001504514088070097 0.03442453159705227 0.037054608423005668 -0.21735944295154253 -0.036607484129281199 0.028319062348098847 -0.091483759684790833 0.0083337983940026915 -0.014419270860300148 -0.10232334405794392 -0.037194102544403404 0.028333056752782727
leaf_weight=149.63585869222879 16.969354927539825 1.617252144962549 299.10997698828578 86.046851579099894 17.543428905308247 25.108504857867956 33.433128230273724 146.56006015837193 142.22142811864614 12.073602728545666 55.642696738243103 94.642589904367924 262.69116821885109 4.8118217289447776 105.39277808740735 171.18728842586279 69.19278347492218 52.684575662016869 93.299837991595268 70.898482665419579 9.110727380961178 2.9153246954083434 15.785561230033638 16.16863152757287 10.965955290943384 168.08666774630547 275.27144208177924 5.2304766476154319 14.880659475922586 15.329920236021279
leaf_count=1265 354 28 7744 1568 95 141 191 725 838 76 428 542 6301 26 613 1904 452 433 642 1010 178 28 110 173 60 958 1587 28 73 105
internal_value=-7.64441e-05 0.0130041 -0.0299151 0.00486406 0.00203514 -0.023713 0.00417296 0.0153616 -0.00222157 -0.0400323 -0.0150291 -0.0187177 0.0447044 -0.00293322 -6.2184e-05 0.0254755 0.010817 -0.0246826 -0.0137298 0.025811 -0.01895 -0.131522 -0.024251 -0.00375504 -0.0526773 -0.00315057 -0.00777428 -0.0303821 -0.0225024 -0.0039433
internal_weight=2444.51 1699.49 745.016 1352.26 1266.21 97.0716 1169.14 425.185 743.957 80.1023 445.906 390.263 347.233 151.372 690.972 273.813 102.626 295.62 145.984 84.5418 13.6433 4.53258 54.9938 31.9542 23.0396 585.58 417.493 52.9845 47.754 30.2106
internal_count=28676 17622 11054 10077 8509 914 7595 3298 4297 560 3310 2882 7545 751 3996 2547 643 2340 1075 1244 234 56 419 283 136 3383 2425 301 273 178
is_linear=0
shrinkage=0.05


Tree=52
num_leaves=31
num_cat=0
split_feature=0 3 2 3 0 0 2 0 0 0 0 2 6 2 0 3 2 0 2 0 0 0 0 0 3 0 3 0 3 4
split_gain=358.686 219.758 74.5782 37.8971 36.0639 31.5694 24.665 22.5234 18.0522 17.0786 15.9782 15.7276 14.4613 12.2938 12.244 29.3958 12.0001 13.4438 15.4695 22.4278 11.6483 26.4251 17.6443 22.7996 11.6414 19.0794 11.2991 11.2566 10.9155 10.4528
threshold=-0.11767958478291825 0.72108800313974986 0.6801358001953558 -0.041520865014897441 -0.12478407029846351 -0.12505261219774624 0.34804166789022323 -0.12366423176055642 -0.11880321828152891 -0.12428347073300573 -0.12361908512234852 0.40369013588311548 -1.1322752642454155 0.43814067711713817 -0.1248535143445945 0.91343711129956395 -0.1590971506999955 -0.12421031900708213 0.38423477047265098 -0.12103816609106738 -0.12231510629377317 -0.12344073632799642 -0.12378286680229571 -0.12383185522267347 0.26976800279385288 -0.12439089307418942 0.40307960522875502 -0.1243293748877002 -0.48063820032721877 0.9354486842742421
decision_type=2 2 2 2 2 2 2 2 2 2 2 2 2 2 2 2 2 2 2 2 2 2 2 2 2 2 2 2 2 2
left_child=1 2 3 8 5 -5 9 24 16 27 -4 14 -11 -7 15 -3 -1 -18 19 -19 21 22 23 -14 25 -8 -23 -6 -21 -30
right_child=-2 11 10 4 6 13 7 -9 -10 12 -12 -13 20 -15 -16 -17 17 18 -20 28 -22 26 -24 -25 -26 -27 -28 -29 29 -31
leaf_value=-0.036711124210265726 -0.052087578522480388 -0.11717965393449166 0.038554468186209466 0.053722842083644307 -0.021509563826204506 -0.071915388306099323 -0.024029927842562259 -0.0015784993575644159 0.010851053870046002 0.018952844913552994 -0.03851963049130272 0.050577368003447656 -0.003355908299061185 -0.027286961743402501 0.033983766087772781 0.036394232690690774 -0.057506513981101709 -0.032610532080734347 0.0086373804582801621 -0.034325969971833986 0.007659357241075174 -0.027630742455299097 0.021791963326255867 -0.11623981539268909 0.031569814248197971 0.024739077735291843 -0.0018247536236746466 -0.10061054335725561 -0.000374430152256593 0.048638579352069611
leaf_weight=78.996722124516964 291.25725431740284 4.8182068467140189 135.92976610735059 9.4326566755771619 47.292076297104359 24.751705329865217 29.481453746557236 145.25210478156805 56.825443245470524 92.919961873441935 7.0743063539266577 250.87897416949272 87.609121326357126 40.980177473276854 69.006045181304216 8.8196829222142679 17.408645465970039 124.88910023868084 67.70796661823988 18.896989084780216 195.33955263346434 140.67865314334631 92.335607875138521 4.713710904121398 155.45487147197127 62.719905164092779 60.728116646409035 4.9703357219696036 62.502831138670444 13.170147627592085
leaf_count=696 7846 56 2201 192 272 141 164 720 432 518 40 6301 523 292 1009 178 93 1055 358 144 1072 899 508 29 1729 409 270 27 424 78
internal_value=-7.23673e-05 0.00710225 0.000116264 -0.00291211 0.00170964 -0.0318169 0.00396066 0.0140531 -0.0154495 -0.00149693 0.0347417 0.0443456 0.000637154 -0.044092 0.0254281 -0.0178628 -0.0193458 -0.0148419 -0.0122555 -0.0187014 -0.00229006 -0.00732421 0.00633735 -0.0091194 0.0232212 0.00914515 -0.0198497 -0.0290323 -0.000332909 0.00815581
internal_weight=2402.84 2111.58 1778.06 1635.06 1194.66 75.1645 1119.5 392.908 440.398 726.587 143.004 333.523 674.325 65.7319 82.6439 13.6379 383.572 304.576 287.167 219.459 581.405 386.065 184.658 92.3228 247.656 92.2014 201.407 52.2624 94.57 75.673
internal_count=28676 20830 13286 11045 7765 625 7140 3022 3280 4118 2241 7544 3819 433 1243 234 2848 2152 2059 1701 3301 2229 1060 552 2302 573 1169 299 646 502
is_linear=0
shrinkage=0.05


Tree=53
num_leaves=31
num_cat=0
split_feature=0 3 2 2 2 0 3 0 3 0 0 0 0 0 2 0 0 6 3 3 6 5 4 2 3 2 0 0 2 3
split_gain=339.098 208.057 47.9604 41.8823 33.9217 25.2667 40.5186 23.416 19.3304 21.049 17.4861 15.7551 17.3363 15.4206 19.7755 17.4664 14.0463 12.4844 11.5962 11.3828 11.2747 10.9766 10.0289 9.66576 9.59016 9.44246 9.02839 7.91217 8.94895 7.53098
threshold=-0.11767958478291825 0.53960064455601775 0.75681758608772565 0.43103867261043877 -0.17237203810764759 -0.1248535143445945 0.91343711129956395 -0.12505261219774624 0.11884389010764401 -0.11880321828152891 -0.12361908512234852 -0.12478407029846351 -0.12505261219774624 -0.12445319897079611 0.38423477047265098 -0.12103816609106738 -0.12271065804933914 -0.48958228521232722 -0.14804976510902454 -0.27930002748434818 1.788707182830511 0.51482749339391198 -0.43960521014046 -0.12129001785264081 0.7935293011146497 0.44345652701599175 -0.118295324417784 -0.12456062391840446 0.27180275085460687 -0.44662946584286328
decision_type=2 2 2 2 2 2 2 2 2 2 2 2 2 2 2 2 2 2 2 2 2 2 2 2 2 2 2 2 2 2
left_child=1 2 4 5 16 6 7 -3 9 13 -5 12 -10 -6 15 19 -1 25 -18 -15 -21 29 -11 -24 27 -13 -20 28 -7 -17
right_child=-2 3 -4 10 8 24 -8 -9 11 22 -12 17 -14 14 -16 21 18 -19 26 20 -22 -23 23 -25 -26 -27 -28 -29 -30 -31
leaf_value=-0.043661735834655824 -0.051984177206133408 0.054215149620750615 0.040359831774350825 0.048216199637036411 -0.045096227271296217 -0.06371033117267802 0.038439236373220331 -0.10334630673096484 0.053193196244174762 -0.007912960843812154 -0.040946418434238588 0.012512025876721662 -0.031886781039031774 -0.045550144587467548 0.0081877068882844142 -0.041850151281104399 -0.029985488101316411 0.0030429279820998996 -0.0087126697143156909 -0.019175069402032365 0.039074268815828615 0.0228479885996591 0.11764199319003787 0.034371332210230893 0.043094614384330696 0.040581290646197143 0.045295446622598615 0.021525790283323028 0.017837567135765849 -0.0019293289184690362
leaf_weight=52.018731918185949 277.58965697139502 2.8338680416345623 64.249767959117889 300.69913177192211 29.069516319781542 6.1792171858251077 13.877433273941277 14.044054672122003 6.8686115220189086 10.989576302468775 5.6012046411633483 137.24072507768869 46.672718282788992 41.059927646070719 141.93402045592666 14.343324281275271 75.19525808468461 476.53448294475675 115.96064228564501 193.49664998799562 8.6799945682287198 40.656628683209419 4.3149736598134067 18.115947932004929 48.852212179452181 38.329276114702225 8.2913399338722211 94.444220151752234 7.3848993927240372 66.991073578596115
leaf_count=297 7846 46 1062 7403 161 38 314 85 146 78 30 766 334 375 771 113 690 3033 653 1415 53 256 24 131 831 339 44 814 99 429
internal_value=-6.9604e-05 0.00684236 -0.0019581 0.0351906 -0.00373894 0.016587 -0.0248518 -0.0768911 -0.000429482 -0.00728078 0.0465857 0.00510141 -0.0209722 -0.00968023 -0.00765025 -0.0138052 -0.0205227 0.0072422 -0.0144877 -0.0215487 -0.0166743 0.00163458 0.0312183 0.0503899 0.0247118 0.0186399 -0.00510871 0.0163972 -0.0193121 -0.00896937
internal_weight=2362.52 2084.93 1591.01 493.916 1526.76 187.616 30.7554 16.8779 1275.3 569.652 306.3 705.646 53.5413 536.231 507.162 365.228 251.466 652.104 199.447 243.237 202.177 121.991 33.4205 22.4309 156.861 175.57 124.252 108.008 13.5641 81.3344
internal_count=28676 20830 11170 9660 10108 2227 445 131 8424 3806 7433 4618 480 3573 3412 2641 1684 4138 1387 1843 1468 798 233 155 1782 1105 697 951 137 542
is_linear=0
shrinkage=0.05


Tree=54
num_leaves=31
num_cat=0
split_feature=1 3 0 2 0 3 0 1 0 2 0 3 3 3 0 0 2 0 4 0 2 2 3 0 0 3 1 1 4 2
split_gain=329.01 148.909 112.377 54.213 38.5337 20.0818 18.2758 16.4327 15.0513 14.031 24.3981 21.939 18.6433 13.1838 17.2616 13.8988 29.3974 13.0095 18.3438 14.0916 17.4093 12.8442 12.0609 11.9548 11.9096 26.3252 20.7377 11.717 12.2386 20.2234
threshold=0.15259900345958269 0.67081486982318228 -0.11767958478291825 0.60736597625306243 -0.12478407029846351 0.48869333039222784 -0.12505261219774624 0.63878556101533568 -0.12456062391840446 0.2465388958820329 -0.12103816609106738 0.41068005961822979 -0.14804976510902454 -0.30721799072294614 -0.12170864928456805 -0.12231510629377317 -0.1590971506999955 -0.12349661481450104 1.0716890947641027 -0.12411122262567646 0.3604236709571626 0.32890699278871277 0.26100837060484372 -0.118295324417784 -0.12478407029846351 0.91343711129956484 0.63129917358161824 -0.26478268134683858 0.44241642269525233 -0.17237203810764759
decision_type=2 2 2 2 2 2 2 2 2 2 2 2 2 2 2 2 2 2 2 2 2 2 2 2 2 2 2 2 2 2
left_child=2 3 9 4 6 7 -2 8 -6 10 11 -1 27 14 -10 16 -15 19 -19 20 -18 24 -22 -14 25 26 -3 -12 -29 -30
right_child=1 21 -4 -5 5 -7 -8 -9 13 -11 12 -13 23 15 -16 -17 17 18 -20 -21 22 -23 -24 -25 -26 -27 -28 28 29 -31
leaf_value=-0.04276394450788059 0.054487273226918168 -0.19449577504995885 -0.051809725144984359 0.032491471651825039 -0.035040461006945571 0.024720826343178855 -0.049788043583627102 0.0299539073180102 -0.047299170029779979 -0.002404083692070911 -0.050476071371016742 -0.0036043612456854376 0.0017630442364946143 -0.041625635803567665 0.0022829969829471527 0.017619791025299692 -0.028689889706056605 -0.010595977992550498 0.04257751000001965 0.018703810303345638 -0.011933720274538304 0.050202812118216061 0.031109904177399336 0.056181009566122875 0.035148573795889239 0.045060658817624985 0.02475894674778056 -0.027308565048064271 -0.038445414767388525 0.049416951338695107
leaf_weight=129.01792602986097 4.6176493205130091 2.9349162727594358 261.20306940376759 168.39903347939253 29.891418639570475 104.89157973229885 46.679049246013165 47.802080903202295 31.078365106135607 216.78779544308782 27.117553159594536 49.485363937914371 100.85971233993769 39.843821540474892 40.337146729230881 135.45156054198742 43.464946672320366 198.83437332138419 17.6601835899055 176.98393731191754 29.187547363340855 253.76967008784413 36.784088715910912 11.21465429663658 38.800304610282183 5.9325756467878819 1.7049529626965521 48.282964341342449 10.858549594879152 16.502402395009995
leaf_count=1261 88 20 7794 2526 194 1019 293 322 205 1383 296 268 568 212 248 654 220 1042 90 1075 169 6955 356 59 553 120 27 430 109 120
internal_value=-6.77297e-05 0.0144831 -0.0243664 0.00627753 0.0017891 0.00411072 -0.0404013 0.00149767 -0.000247348 -0.0126175 -0.0182466 -0.031908 -0.00689558 0.00114003 -0.019294 0.00329173 -0.000283993 0.00299133 -0.00625844 0.00998288 -0.00412084 0.0456631 0.0120663 0.00720835 0.0223298 -0.0247143 -0.113929 -0.0222777 -0.0121689 0.0145476
internal_weight=2326.38 1455.05 871.33 1151.91 983.508 932.211 51.2967 827.319 779.517 610.127 393.339 178.503 214.836 749.626 71.4155 678.21 542.759 502.915 216.495 286.421 109.437 303.142 65.9716 112.074 49.3727 10.5724 4.63987 102.761 75.6439 27.361
internal_count=28676 16388 12288 8713 6187 5806 381 4787 4465 4494 3111 1529 1582 4271 453 3818 3164 2952 1132 1820 745 7675 525 627 720 167 47 955 659 229
is_linear=0
shrinkage=0.05


Tree=55
num_leaves=31
num_cat=0
split_feature=1 3 0 1 0 3 0 5 0 0 0 3 0 3 1 3 3 0 0 0 0 1 6 3 5 0 3 1 0 0
split_gain=300.688 166.023 74.7393 53.3196 25.3062 25.919 20.3421 18.2928 17.9475 13.0128 22.7418 13.735 12.9962 15.2758 12.541 12.3049 11.6581 12.3269 13.8883 19.7151 16.6079 15.1984 10.5926 10.186 10.1251 10.0441 11.784 10.04 9.6947 10.7758
threshold=0.011917148921538097 0.68107391235645431 -0.11767958478291825 0.57388964667810438 -0.1248535143445945 0.29914924664940667 -0.12439089307418942 0.86589919009658323 -0.12505261219774624 -0.12505261219774624 -0.12490008976973245 0.14585462505982513 -0.11880321828152891 -0.14804976510902454 0.3295031205587276 -0.051994018390322354 -0.36655292410481194 -0.12047613183662413 -0.12344073632799642 -0.12378286680229571 -0.12293411094545988 0.24680838677453024 1.9670074931998074 0.92553812294634463 -0.61267172256713986 -0.12456062391840446 0.89674986310408888 0.45045422494087922 -0.11862956198106932 -0.11813180980727683
decision_type=2 2 2 2 2 2 2 2 2 2 2 2 2 2 2 2 2 2 2 2 2 2 2 2 2 2 2 2 2 2
left_child=2 3 12 4 8 6 -6 16 -2 -5 11 -11 15 -14 25 -1 28 18 19 21 -20 -18 -9 -17 -7 26 -3 -22 -8 -30
right_child=1 14 -4 9 5 24 7 22 -10 10 -12 -13 13 -15 -16 23 17 -19 20 -21 27 -23 -24 -25 -26 -27 -28 -29 29 -31
leaf_value=-0.034165960203398009 0.054401072973008724 -0.053122602266857555 -0.051709493399375056 0.052274751773597611 -0.037871303770829007 0.025170623901493629 -0.03631748154126762 0.019256181311974239 -0.058529917236483091 -0.083285478461827753 0.028123068338445602 -0.001786905494061759 -0.015293909033726405 0.040182591904709464 0.048523577187249423 -0.015239275676425688 -0.050579437184336024 0.019910867524359169 -0.032309876926036069 0.023841172378550407 -0.010447490298962671 -0.00017962216916498239 -0.063332073090447472 0.049095035772059155 0.0059881211346644106 0.037503762687985352 0.034109653277545247 0.021008875260023711 0.067591621582068565 -0.025687454525944859
leaf_weight=104.24726372584701 4.0108574442565432 8.3570499457418901 242.29383375868201 37.210393134504557 45.835197698324919 89.994475461542606 52.630915757268667 98.384117949754 28.641024850308895 6.3055491857230654 156.12908337637782 28.700838796794415 30.799024164676666 20.781216502189636 256.74083261564374 225.65593290701509 19.200133673846722 47.305307045578957 83.538065776228905 73.69752860814333 170.92432351782918 67.704317636787891 4.0419689491391173 6.3250283263623706 291.9573360607028 27.629654623568058 7.2129890881478778 29.786882638931274 5.2076981887221336 7.6360207349061948
leaf_count=1067 84 76 7615 953 256 634 387 587 166 50 1641 346 295 110 7245 1401 90 265 533 390 1152 421 29 70 2044 317 109 121 30 124
internal_value=-0.000544147 0.0106835 -0.0299236 0.00320168 -0.00128602 1.57937e-05 -0.00566136 -0.00342466 -0.0446578 0.0252229 0.0199564 -0.0164669 -0.0163122 0.00705708 0.0443297 -0.0198972 -0.00699206 -0.00435515 -0.00693558 0.00481776 -0.0135763 -0.0113146 0.0159971 -0.0134852 0.0105079 0.0194052 -0.0127113 -0.00577916 -0.0268131 0.0121341
internal_weight=2278.88 1648.78 630.102 1348.84 1120.5 1087.84 705.892 660.057 32.6519 228.346 191.135 35.0064 387.808 51.5802 299.941 336.228 557.631 492.157 444.851 160.602 284.249 86.9045 102.426 231.981 381.952 43.1997 15.57 200.711 65.4746 12.8437
internal_count=28608 18050 10558 10303 7313 7063 4385 4129 250 2990 2037 396 2943 405 7747 2538 3513 2972 2707 901 1806 511 616 1471 2678 502 185 1273 541 154
is_linear=0
shrinkage=0.05


Tree=56
num_leaves=31
num_cat=0
split_feature=0 1 3 3 3 0 0 0 2 0 0 1 2 0 0 2 1 3 1 2 2 3 2 3 0 2 0 2 3 0
split_gain=279.769 185.446 49.3513 33.3175 26.6011 31.3749 25.5983 21.3323 28.3466 30.0597 17.8683 17.7625 16.7717 25.2086 15.8038 15.7097 14.8922 14.8755 13.785 13.4132 13.1098 15.5973 12.4638 12.4466 12.9447 12.0018 23.2972 11.9436 11.348 15.4985
threshold=-0.11767958478291825 0.57388964667810438 0.29914924664940667 0.39608255966439881 0.88165897326036247 -0.1248535143445945 -0.12505261219774624 -0.12439089307418942 0.1192460672459985 -0.12154102685717748 -0.12360446526856979 0.12816660757737217 0.3604236709571626 -0.12445319897079611 -0.12276437684321403 0.31533635236442442 0.36529127775048459 0.55564112003464061 0.41458895275485247 0.071750474892294927 0.60736597625306243 0.74300415299408329 -0.010472508006161934 -0.063548047476083405 -0.12114991654801498 0.79078339975982026 -0.12473035782465937 1.0000000180025095e-35 -0.21013776099357453 -0.11880321828152891
decision_type=2 2 2 2 2 2 2 2 2 2 2 2 2 2 2 2 2 2 2 2 2 2 2 2 2 2 2 2 2 2
left_child=1 2 7 25 5 6 -4 -1 9 18 12 28 13 22 -12 -5 -14 -15 -9 -20 21 -8 -7 24 -10 26 -3 -6 -11 -30
right_child=-2 3 4 15 27 10 20 8 23 11 14 -13 16 17 -16 -17 -18 -19 19 -21 -22 -23 -24 -25 -26 -27 -28 -29 29 -31
leaf_value=-0.040166724285158051 -0.051730717289663358 -0.027813868091551952 0.052705835959606484 0.017466300624950679 -0.033491705908285645 -0.1171591406495671 -0.062348719543994541 -0.042282775064990979 -0.019546695513536869 -0.031515870415760094 -0.01178730395913827 0.011546576591893806 0.013087935367238636 0.0024878026873683171 0.015863839763541856 0.051102133269137921 0.044756552034909511 0.039473154600101215 -0.019049104892966087 0.071348394069931917 -0.017239572640889614 -0.18449006242321275 -0.025001478904525389 0.0063053516630550161 0.011104028150250486 0.049148314181378383 0.023056317505735627 0.047275182420165505 -0.015947606124741918 0.028275898872856871
leaf_weight=52.28423210605979 238.40433084592223 31.275129765272141 6.5201663002371779 40.92914505302906 4.9928443878889075 4.7067135870456722 16.285686437040571 120.94689099490643 116.37180669233203 70.274913258850574 144.77561274170876 88.422176644206047 75.459421366453171 93.427256792783737 80.355697929859161 228.60192375257611 73.069961857050657 38.344053193926811 26.923473998904232 4.8414598405361167 13.119416220113633 3.1134256869554511 16.637555524706841 333.50439863279462 48.930950678884983 22.070845056325197 80.280018195509911 54.993944937363267 87.471462704241276 25.612990885972977
leaf_count=301 7778 271 162 510 39 25 95 1105 811 764 698 437 592 537 370 6694 1187 485 120 21 116 28 131 1949 327 436 579 1300 597 143
internal_value=-0.000525861 0.00556403 -0.00206659 0.0358737 0.00889278 0.00553623 -0.0377141 -0.00909661 -0.00733719 -0.016834 0.00874146 -0.00686041 0.016697 0.00508499 -0.00191783 0.0459944 0.0286675 0.0132501 -0.0345841 -0.00527115 -0.0558439 -0.0819516 -0.0453235 0.000744795 -0.0104738 0.0154597 0.00879457 0.0405528 -0.0157369 -0.00593123
internal_weight=2242.95 2004.54 1601.39 403.157 625.802 565.815 39.0387 975.585 923.301 424.493 526.776 271.782 301.645 153.116 225.131 269.531 148.529 131.771 152.712 31.7649 32.5185 19.3991 21.3443 498.807 165.303 133.626 111.555 59.9868 183.359 113.084
internal_count=28608 20830 12340 8490 5765 4426 401 6575 6274 3187 4025 1941 2957 1178 1068 7204 1779 1022 1246 141 239 123 156 3087 1138 1286 850 1339 1504 740
is_linear=0
shrinkage=0.05


Tree=57
num_leaves=31
num_cat=0
split_feature=0 1 3 3 3 0 0 0 1 5 1 3 0 3 3 0 0 0 1 0 5 4 1 0 0 3 1 3 0 0
split_gain=264.87 173.384 41.1298 39.8561 22.5504 27.725 21.5455 20.5706 21.6491 19.1317 16.7289 14.3103 13.9523 13.2453 12.1337 21.0314 14.2945 19.4494 18.4188 15.5751 13.18 11.5906 10.9072 16.8603 14.9139 10.5717 10.343 10.0261 12.0298 9.73687
threshold=-0.11767958478291825 0.55342144563924889 0.29914924664940667 0.39608255966439881 0.88165897326036247 -0.1248535143445945 -0.12505261219774624 -0.12439089307418942 0.093910722937980348 2.0254933035218827 0.011917148921538097 0.68107391235645431 -0.11896567874089392 -0.21013776099357453 -0.36655292410481194 -0.11862956198106932 -0.12147946636493186 -0.12344073632799642 0.51351039449109981 -0.12361908512234852 0.11567633939705843 0.3336663619141339 0.81742467569727417 -0.1248535143445945 -0.12505261219774624 -0.063548047476083405 0.44382920561090922 -0.15793564955076031 -0.11955363068278969 -0.12231510629377317
decision_type=2 2 2 2 2 2 2 2 2 2 2 2 2 2 2 2 2 2 2 2 2 2 2 2 2 2 2 2 2 2
left_child=1 2 7 22 5 6 -4 -1 12 14 -7 -12 -9 21 15 -10 17 18 19 25 27 -14 23 24 -3 -16 29 28 -18 -19
right_child=-2 3 4 -5 -6 10 -8 8 9 -11 11 -13 13 -15 16 -17 20 26 -20 -21 -22 -23 -24 -25 -26 -27 -28 -29 -30 -31
leaf_value=-0.040841767938684305 -0.051646554294363711 0.053045494656347926 0.052666980865162361 0.045024961778278118 0.038963693464009339 -0.010490847605422418 -0.0536880728156309 -0.021903236743353253 -0.034327230028646592 0.06768087301264937 0.0090745509216503747 0.03925792897400595 -0.040280462978498452 0.027367642838498893 -0.029960801908703896 0.057942404083285493 0.01045478819399759 -0.026639835436242123 -0.055920018742918833 0.040094393256295817 0.042322001371134371 0.019707580077500751 0.044435700376362491 0.015588962149788858 -0.052461786193330119 0.010814259206531451 0.0067536920489263026 -0.013760334875510306 0.10762156137208011 -0.0022180959802148869
leaf_weight=47.729302819818258 227.13745020888746 4.1276126243174103 5.6309735830873242 273.70461407676339 53.097273895516992 100.11440845578909 30.853621710091829 278.96299923956394 52.983114875853062 9.9305586665868741 367.66343996673822 43.964981321245432 21.374334461987019 31.126160323619843 18.957142561674118 6.990600273013114 14.115853741765024 122.82709740102291 10.176114864647387 40.790760725736618 35.089588925242424 12.919306866824625 23.520471684634686 107.02320418506861 17.764701928943396 98.450273375958204 51.876983776688576 33.239005692303181 4.1136809214949599 61.12456725910306
leaf_count=275 7778 89 143 7525 1194 536 217 2375 366 52 2540 785 222 173 97 36 78 874 64 201 166 124 396 783 139 600 213 155 21 391
internal_value=-0.000506321 0.00535956 -0.00238776 0.0336134 0.00785105 0.00483771 -0.0372734 -0.00884977 -0.00716261 -0.00110192 0.00784001 0.0122984 -0.0170296 0.00375253 -0.00234217 -0.0235722 0.000252253 -0.00369662 0.00928365 0.0134779 0.0186924 -0.0176814 0.0131236 0.00741078 -0.0325693 0.00423053 -0.0129641 0.00258253 0.0323815 -0.0185248
internal_weight=2207.38 1980.24 1554.1 426.141 601.325 548.227 36.4846 952.777 905.048 560.665 511.743 411.628 344.383 65.4198 550.735 59.9737 490.761 404.203 168.374 158.198 86.5581 34.2936 152.436 128.916 21.8923 117.407 235.829 51.4685 18.2295 183.952
internal_count=28608 20830 11898 8932 5415 4221 360 6483 6208 3314 3861 3325 2894 519 3262 402 2860 2440 962 898 420 346 1407 1011 228 697 1478 254 99 1265
is_linear=0
shrinkage=0.05


Tree=58
num_leaves=31
num_cat=0
split_feature=0 1 2 0 0 0 0 0 0 0 0 0 1 1 0 2 4 2 2 0 0 1 2 2 0 0 0 4 2 4
split_gain=250.772 162.338 39.8299 30.232 23.7188 17.7201 17.7756 14.4432 26.8746 14.2225 11.5909 30.9714 11.7543 11.2135 19.4719 11.5641 13.8491 10.8576 9.91104 9.56911 10.4446 9.01831 13.5725 11.9461 8.22189 8.18029 9.58925 7.92265 7.48383 7.32742
threshold=-0.11767958478291825 0.57388964667810438 0.044022977315708693 -0.12505261219774624 -0.12421031900708213 -0.12344073632799642 -0.12265694362071648 -0.12495340216371589 -0.12499890658235149 -0.12500751515386599 -0.1248535143445945 -0.12505261219774624 0.36529127775048459 -0.045419082378554541 -0.12020006698623777 -0.17237203810764759 1.5853818344925668 0.5567783332126085 -0.25849664063232419 -0.12495340216371589 -0.12499890658235149 0.39303790757652096 0.16810002428717702 0.34804166789022323 -0.12500751515386599 -0.12494518186924926 -0.12490008976973245 -0.22434741398351407 0.44345652701599175 0.99727619698788494
decision_type=2 2 2 2 2 2 2 2 2 2 2 2 2 2 2 2 2 2 2 2 2 2 2 2 2 2 2 2 2 2
left_child=1 2 4 -3 -1 10 21 8 9 -5 11 -4 28 -6 15 -15 -17 -9 -16 20 24 23 -23 -7 -14 -21 -27 -12 -13 -20
right_child=-2 3 5 7 13 6 -8 17 -10 -11 27 12 19 14 18 16 -18 -19 29 25 -22 22 -24 -25 -26 26 -28 -29 -30 -31
leaf_value=-0.072351552624929399 -0.051566637197012169 0.051635400483420704 0.052762932889304316 -0.030776217432115473 -0.023591782216774805 -0.032031673367117423 0.0051814533151429689 0.017196303064212964 -0.091777953843687005 0.052948591745281305 0.0016480477404005643 -0.13263943540399817 -0.046647955525412482 -0.024245536355663181 -0.00018689994903856375 -0.0076611136413479441 0.052408178153126705 0.040789087903865054 0.025831258381224211 0.055429825363006717 -0.096553396860598384 0.05014533070662968 -0.0093388873100946155 -0.0047431026271604259 0.052053934998052269 -0.083078614925734193 0.015575253287759687 0.014841766783548269 -0.048550559224982706 0.088298280096377912
leaf_weight=16.786270897835493 216.38621980324388 153.56242168694735 14.245360042899845 8.5998799651861226 140.91559541597962 93.118744112551212 252.45215534046292 109.73190965130925 7.4817720651626578 12.365932734683156 158.41834153234959 3.5277991481125346 5.8452763408422461 122.47968819364905 40.571858689188957 114.18300548940897 10.475541740655897 87.772654293105006 25.938484422862533 6.332129498943682 5.8530802149325565 11.899162240326403 49.404714211821556 70.445960097014904 3.3016509022563687 3.5910868085920811 7.8424068000167697 403.83059461414814 10.585496395826338 5.7318977564573279
leaf_count=110 7778 5152 381 57 1234 692 1713 1110 51 344 1243 30 28 741 237 770 60 1776 150 157 34 51 207 371 97 24 123 3781 79 27
internal_value=-0.000489714 0.00515704 -0.00190521 0.0345173 -0.0139719 0.00332495 -0.00392506 0.0228835 -0.0104253 0.0186059 0.00887632 -0.0118018 -0.0314215 -0.0118429 -0.00665912 -0.013334 -0.00261326 0.0276811 0.0161755 -0.0149897 -0.044396 -0.0141486 0.00220708 -0.0202787 -0.0110208 0.00983888 -0.0154104 0.0111243 -0.0695697 0.0371369
internal_weight=2173.68 1957.29 1577.78 379.515 477.082 1100.69 477.321 225.952 28.4476 20.9658 623.373 61.1243 46.8789 460.296 319.38 247.138 124.659 197.505 72.2422 32.7656 15 224.869 61.3039 163.565 9.14693 17.7656 11.4335 562.249 14.1133 31.6704
internal_count=28608 20830 12340 8490 3329 9011 3034 3338 452 401 5977 953 572 3219 1985 1571 830 2886 414 463 159 1321 258 1063 125 304 147 5024 109 177
is_linear=0
shrinkage=0.05


Tree=59
num_leaves=31
num_cat=0
split_feature=0 1 3 1 3 0 3 0 2 5 2 0 2 0 3 0 1 2 0 3 2 2 3 1 2 0 3 3 0 2
split_gain=237.436 152.536 47.498 28.7781 26.219 24.6664 26.2101 23.1579 20.6404 16.918 16.7942 14.0712 17.3567 22.0862 18.7127 14.0595 13.0451 16.3767 12.6659 13.4526 11.6676 11.2839 12.3188 11.1756 10.4205 17.8024 11.6024 10.0472 11.2698 9.60549
threshold=-0.11767958478291825 0.61912866528056731 0.80388321190080014 0.011917148921538097 0.40307960522875502 -0.1248535143445945 0.29914924664940667 -0.12505261219774624 0.57661404665988225 1.5863438819732469 -0.010472508006161934 -0.12439089307418942 0.32251462186099739 -0.12170864928456805 -0.010042996419618233 -0.12411122262567646 0.17501728532904276 -0.1590971506999955 -0.11910731526863995 -0.051994018390322354 0.43103867261043877 -0.58690876968771011 -0.21013776099357453 0.45673040853040653 0.79078339975982026 -0.12473035782465937 0.21069450596580633 -0.38357061315860469 -0.118295324417784 0.55151621969068476
decision_type=2 2 2 2 2 2 2 2 2 2 2 2 2 2 2 2 2 2 2 2 2 2 2 2 2 2 2 2 2 2
left_child=1 2 3 18 24 7 9 -5 -8 11 15 20 13 14 23 -4 -16 -18 19 -1 -7 -20 -23 -13 25 26 -3 28 -15 -9
right_child=-2 4 10 5 -6 6 8 29 -10 -11 -12 12 -14 27 16 -17 17 -19 21 -21 -22 22 -24 -25 -26 -27 -28 -29 -30 -31
leaf_value=-0.036380861516435742 -0.051490738464545771 -0.061629971152027951 -0.096949677155369965 0.053255404930696429 0.046808713077542419 -0.070395794864173605 0.0087162947433264051 -0.077789279997921165 0.05001328537424618 0.03063658613991976 0.042800507266794185 -0.049701419174413786 0.0081878597146225005 -0.028529498697292106 -0.037714598206148364 0.031722873724721483 -0.040110441729357876 0.0043915192750309216 -0.049418540352425711 -0.013038695752403604 -0.015676321412544277 -0.011653676176585094 0.034526551668788596 -0.003426771328172506 0.048206126691548667 0.024313028746040827 0.0048591018844432636 0.011606564238213539 0.045030341692320147 -0.027609486856526602
leaf_weight=87.170075982809067 206.12868873216212 12.226136200129988 4.1630231700837612 6.2778551895171395 213.4613347183913 13.931589983403681 388.23149140737951 17.415652524679899 32.814010959118605 33.946605551987886 75.8636020924896 59.152251087129116 209.27647999674082 33.716855734586716 34.019596535712481 4.3321217857301217 24.994251608848572 119.57992152124643 8.5207466110587102 211.46042800322175 32.392208889126778 27.941558755934238 29.887948267161846 16.739806592464447 19.736768696457148 53.015292949974537 14.160836441442369 126.76313023269176 6.1578045040369025 21.080346144735813
leaf_count=955 7778 83 36 170 6578 78 2979 107 492 192 1958 601 1197 249 296 31 134 633 75 1332 192 301 166 76 445 423 163 685 34 169
internal_value=-0.000471912 0.00495333 -0.00119686 -0.00319611 0.0369403 0.000609067 0.0020491 -0.0357896 0.0119348 -0.00380778 0.0353351 -0.00553562 -0.00358117 -0.00942976 -0.0186955 -0.0313328 -0.00985717 -0.00330206 -0.0154618 -0.0198523 -0.0321329 0.00429875 0.0122136 -0.0394944 0.0156922 0.0076103 -0.0259479 0.0047207 -0.0171697 -0.0503109
internal_weight=2144.56 1938.43 1625.83 1541.47 312.6 1176.49 1131.72 44.7739 421.046 710.671 84.3587 676.724 630.4 421.124 254.486 8.49514 178.594 144.574 364.981 298.631 46.3238 66.3503 57.8295 75.8921 99.139 79.4023 26.387 166.638 39.8747 38.496
internal_count=28608 20830 13138 11113 7692 8284 7838 446 3471 4367 2025 4175 3905 2708 1740 67 1063 767 2829 2287 270 542 467 677 1114 669 246 968 283 276
is_linear=0
shrinkage=0.05


Tree=60
num_leaves=31
num_cat=0
split_feature=0 0 3 1 0 2 2 0 3 0 2 2 0 3 1 0 2 3 1 0 3 2 4 2 3 3 5 5 5 3
split_gain=230.607 142.165 50.2972 36.1645 38.8543 35.7685 21.4842 18.5626 17.3358 19.2293 17.8048 16.4101 16.336 19.3674 14.6588 14.279 13.3023 20.0949 14.8527 12.0935 26.468 22.2535 13.053 11.3756 13.2581 11.2966 11.1506 11.0576 10.3866 10.2439
threshold=-0.11767958478291825 -0.12505261219774624 0.80388321190080014 0.12816660757737217 -0.12490008976973245 0.58779185342038054 0.87435259047064384 -0.12410508859361326 0.54843905024852702 -0.12456062391840446 0.071750474892294927 0.12752149920897707 -0.12147946636493186 -0.010042996419618233 0.55342144563924889 -0.12428347073300573 0.46912406262153816 0.26976800279385288 0.66255409260536624 -0.12154102685717748 -0.25230160730121182 -0.18503402828356072 1.7252313047158003 0.28668267371600603 0.41068005961822979 0.23913010073325006 -1.6182842853466453 0.74628924887281889 1.5863438819732469 0.46844742722715904
decision_type=2 2 2 2 2 2 2 2 2 2 2 2 2 2 2 2 2 2 2 2 2 2 2 2 2 2 2 2 2 2
left_child=1 -1 3 7 6 8 16 26 9 23 15 12 -9 -14 19 -10 -5 -18 -19 20 -11 -22 28 -6 -25 -7 -3 -21 -23 -15
right_child=-2 2 -4 4 5 25 -8 11 10 14 -12 -13 13 29 -16 -17 17 18 -20 27 21 22 -24 24 -26 -27 -28 -29 -30 -31
leaf_value=0.051595238305704873 -0.051420756886425681 0.014044834355362246 0.0371122475404779 -0.084545655511002571 -0.071027231643235378 0.016760291554514965 0.052647183258823116 -0.036722178340461459 -0.063872532726808193 -0.041946068776083735 0.039338733622144656 0.0012188461792262374 -0.021343161305469146 0.0072905405112469266 0.022997294447806807 0.013334247747604267 -0.091576303670796166 -0.030518569163058569 0.049504065413276829 0.0081364818642049915 -0.031041477384789986 0.0016294521173387839 0.062798254600101341 -0.032726772063019237 0.029623062820664205 0.048806076297163416 -0.059779285153522238 0.046938822042252401 0.047219498952045885 0.086839829775981758
leaf_weight=153.4192894436419 196.71829392574728 6.2116705104708663 93.304249007254839 15.200981162488459 11.774151749908922 52.694162093102932 6.3045704476535311 77.624890401959419 8.1596509739756602 38.6283262334764 62.240556478500366 212.48401512205601 119.12756578996778 60.550451621413231 83.709021978080273 22.507941789925098 9.7406821213662607 21.207576669752601 7.9805965237319461 96.297620765864849 50.208046242594719 513.04856802895665 9.2052470743656141 30.878785196691751 11.778299555182455 57.520341940224171 28.970573648810387 22.685990981757641 12.804971624165772 4.3368691205978385
leaf_count=5534 7787 36 2422 86 69 427 168 775 52 286 1031 1446 1143 338 565 163 61 157 175 477 277 3120 47 195 146 1119 160 107 68 18
internal_value=0.000113596 0.00544755 0.00139536 -0.000619623 0.00431241 0.00648745 -0.0347059 -0.0117035 0.00343229 0.00126602 0.0239744 -0.00910326 -0.0174861 -0.00937153 0.00316158 -0.00720797 -0.04488 -0.0293913 -0.00863887 0.000926457 -0.0018595 0.000786263 0.00377287 -0.0275198 -0.015511 0.0334848 -0.0467451 0.0155347 0.00273961 0.0126074
internal_weight=2097.32 1900.61 1747.19 1653.88 1144.58 1084.14 60.4344 509.306 973.927 881.019 92.9081 474.124 261.64 184.015 826.588 30.6676 54.1298 38.9289 29.1882 742.879 623.895 585.267 535.059 54.4312 42.6571 110.215 35.1822 118.984 525.854 64.8873
internal_count=28455 20668 15134 12712 8796 8149 647 3916 6603 5357 1246 3720 2274 1499 4947 215 479 393 332 4382 3798 3512 3235 410 341 1546 196 584 3188 356
is_linear=0
shrinkage=0.05


Tree=61
num_leaves=31
num_cat=0
split_feature=3 1 3 1 1 2 5 2 3 5 5 1 3 2 2 5 2 1 4 5 5 1 5 1 4 6 5 1 1 1
split_gain=206.828 118.138 38.4778 34.1892 25.6243 17.1029 15.7789 15.4336 13.5505 11.4672 10.2941 12.5836 9.6938 10.5135 9.44035 9.2494 11.2108 9.08984 9.25116 12.3085 9.70088 8.40205 8.23394 7.65699 8.95363 8.30164 7.40555 7.46607 6.89072 6.86628
threshold=-0.25230160730121182 0.64674687584900181 0.83118360888686149 -0.29755960252757457 0.011917148921538097 0.23223101683791783 1.5863438819732469 -0.043059067073932596 0.21069450596580633 -1.0719079406664311 0.44339950768695208 0.3295031205587276 0.32854695461358502 0.53230091402481661 1.0000000180025095e-35 0.21130422021553849 0.46912406262153816 -0.65772921567387244 1.1740218040628061 0.62926005348945702 0.44339950768695208 0.80469900450017351 -1.9697677455685771 0.52048785803644781 0.090144581783134697 1.3666255254913691 1.4801737157127917 -0.4204294993980357 0.55342144563924889 0.19984288645947426
decision_type=2 2 2 2 2 2 2 2 2 2 2 2 2 2 2 2 2 2 2 2 2 2 2 2 2 2 2 2 2 2
left_child=3 2 4 -1 14 -3 9 -4 21 -6 11 15 23 -14 26 -11 -17 -16 19 20 -19 -7 29 25 28 -13 -2 -28 -25 -5
right_child=1 5 7 22 6 8 -8 -9 -10 10 -12 12 13 -15 17 16 -18 18 -20 -21 -22 -23 -24 24 -26 -27 27 -29 -30 -31
leaf_value=-0.049607520895853047 -0.028042932544341453 0.008147322310168615 -0.039801219954545289 -0.0048863632202024911 0.017039255858077848 -0.0045131103876923538 0.036172675709295603 0.044582397697892434 0.049422643581320265 -0.0066985094234901614 0.0094529256126762058 0.0056610172860495113 0.0069385778196001183 0.040933634263456954 -0.039770941580878238 -0.021890715081869832 -0.097431491512849647 -0.012803095944729039 0.025600430206022595 0.015163990359012334 -0.075704478856342849 0.054347289248003451 -0.02179975831891353 -0.060306650072468881 0.0049826377567441481 -0.037476467734823833 -0.040847725725566886 0.043594672908918497 -0.015897517016986416 0.07921775100024539
leaf_weight=175.24114019051194 105.69136836193502 38.158341083675623 5.9033064022660247 7.40588774345815 121.41262647137046 20.618111249059442 36.234889261424541 66.003518979996443 186.45718462765217 244.95722070522606 244.7173904851079 142.82816294208169 137.76546815037727 27.240647276863456 17.631340308114886 36.722454883158207 5.6698142141103736 87.964722594246268 25.626289026811719 42.672559820115566 6.5886926241219035 8.588320152834056 188.70719529502094 15.07645073160529 23.801021937280893 12.097748667001722 4.0182893071323633 7.5097358506172878 20.766658511012793 3.6095296069979668
leaf_count=6944 1037 419 46 95 907 171 245 1867 6461 1592 1732 778 1333 577 119 250 31 613 166 268 43 169 2075 79 135 61 38 56 128 20
internal_value=0.000109976 0.00755274 0.00200493 -0.0334894 0.000129674 0.0390029 0.00374174 0.0376548 0.0444623 0.00260421 0.000681756 -0.00253668 0.00343902 0.0125508 -0.0128442 -0.0104303 -0.031994 -0.00566865 -0.00197654 -0.00712641 -0.0171862 0.0127951 -0.0193469 -0.003568 -0.0187907 0.00229253 -0.0238924 0.0141608 -0.034577 0.0226729
internal_weight=2067.69 1692.72 1438.9 374.964 1366.99 253.822 1069.29 71.9068 215.664 1033.06 911.643 666.926 379.576 165.006 297.703 287.349 42.3923 180.484 162.852 137.226 94.5534 29.2064 199.723 214.57 59.6441 154.926 117.219 11.528 35.8431 11.0154
internal_count=28455 19321 12101 9134 10188 7220 7848 1913 6801 7603 6696 4964 3091 1910 2340 1873 281 1209 1090 924 656 340 2190 1181 342 839 1131 94 207 115
is_linear=0
shrinkage=0.05


Tree=62
num_leaves=31
num_cat=0
split_feature=0 0 3 0 1 1 2 3 3 0 0 2 3 0 2 0 1 2 4 0 2 0 3 2 0 0 2 0 2 3
split_gain=208.012 130.179 44.1815 31.5458 38.637 23.2888 19.9675 16.1736 11.8448 15.7409 15.2308 24.3701 16.2218 12.3811 10.9363 13.956 10.8626 10.7858 11.9923 10.8868 10.5402 19.4694 15.8476 9.97788 9.97122 9.08724 13.1337 14.0627 11.7367 10.7724
threshold=-0.11767958478291825 -0.12505261219774624 0.80388321190080014 -0.12490008976973245 0.55342144563924889 0.011917148921538097 0.87435259047064384 0.56410781318263947 -0.25230160730121182 -0.12154102685717748 -0.1219321436824016 0.071750474892294927 0.34578688321047818 -0.12461434140906701 -0.010472508006161934 -0.12428347073300573 0.83027185600892395 0.20830837771263264 -0.3992665053729208 -0.118295324417784 0.091570630822748383 -0.12428347073300573 0.21069450596580633 -0.043059067073932596 -0.12281853389314025 -0.12410508859361326 0.12752149920897707 -0.12103816609106738 0.45518809308885194 0.078486091419796997
decision_type=2 2 2 2 2 2 2 2 2 2 2 2 2 2 2 2 2 2 2 2 2 2 2 2 2 2 2 2 2 2
left_child=1 -1 3 6 5 25 16 8 9 -7 11 12 -10 -13 15 -9 -3 19 -19 -11 21 -6 -22 -4 -14 28 27 -27 -5 -29
right_child=-2 2 23 4 20 7 -8 14 10 17 -12 13 24 -15 -16 -17 -18 18 -20 -21 22 -23 -24 -25 -26 26 -28 29 -30 -31
leaf_value=0.051456878424858826 -0.051301978691922691 -0.052228932755552251 -0.0072855087346881094 -0.086775639741211053 -0.056678092647604088 -0.037225231178510537 0.052455749219263964 -0.092147324343582304 -0.033750178023124133 -0.019534248712329311 0.01714855991604386 -0.023288673875094645 -0.01236872449965881 0.0054246503370396397 0.033786386655957366 0.012461123155484888 0.024095599087259462 0.11422239356100788 0.01112957470868297 0.040279636416948046 0.011215483138915058 0.02040086755757415 0.046230057179855309 0.04246778698159117 0.036997502573253287 -0.039983242722932272 0.00041467080314641804 -0.018522505189399872 -0.012201728373975637 0.016028741211195838
leaf_weight=139.83267395943403 179.47774238698184 50.039493728429079 11.61634139344096 9.3580382838845271 10.731118828058241 47.286831427365541 5.7936576195061198 4.0350351706147221 83.258892126381397 47.013342648744583 139.04570408910513 40.327382292598486 33.549719143658876 543.79021369665861 60.624932577833533 15.194716617465017 5.1405955553054801 3.8467157483100882 10.578005120158194 9.0760531425476056 59.740465326234698 34.632181063294411 70.392085041850805 76.048243515193462 14.71544612944126 59.166515666991472 140.08979409560561 96.207840766757727 12.095691062510012 29.469451323151588
leaf_count=5534 7787 390 161 50 66 379 168 20 579 333 721 295 176 3475 921 90 98 21 58 50 439 213 1398 2261 63 601 967 928 66 147
internal_value=0.000106353 0.00505974 0.00129401 -0.000559911 0.000806851 -0.00196778 -0.0358471 0.00173373 -4.25141e-05 -0.014906 0.00200611 -0.000935991 -0.0203806 0.00344229 0.0233652 -0.00948917 -0.0451185 6.12582e-05 0.0386219 -0.00985552 0.0229211 0.00216711 0.0301558 0.035875 0.00268242 -0.0132132 -0.0111322 -0.0198834 -0.0447306 -0.0104208
internal_weight=2042.17 1862.7 1722.86 1635.2 1574.23 1398.73 60.9737 1052.34 972.488 117.801 854.687 715.642 131.524 584.118 79.8547 19.2298 55.1801 70.5141 14.4247 56.0894 175.496 45.3633 130.133 87.6646 48.2652 346.387 324.934 184.844 21.4537 125.677
internal_count=28455 20668 15134 12712 12056 9940 656 7181 6150 841 5309 4588 818 3770 1031 110 488 462 79 383 2116 279 1837 2422 239 2759 2643 1676 116 1075
is_linear=0
shrinkage=0.05


Tree=63
num_leaves=31
num_cat=0
split_feature=0 0 3 0 2 0 3 0 0 2 3 3 0 3 0 0 2 6 0 0 0 3 0 5 5 3 2 4 2 2
split_gain=196.929 124.297 41.2986 29.6364 30.4744 24.0002 25.9615 22.8142 21.5806 17.6711 16.9704 15.7686 15.255 14.1015 13.2994 13.849 12.3502 11.8219 10.8889 32.7003 21.5769 10.7907 10.5136 9.94558 9.20785 11.1859 8.9507 10.7092 17.135 8.66067
threshold=-0.11767958478291825 -0.12505261219774624 0.83118360888686149 -0.12490008976973245 0.34804166789022323 -0.12439089307418942 0.15577652577153794 -0.12170864928456805 -0.12366423176055642 0.88732504809095281 0.26976800279385288 0.34578688321047818 -0.12439089307418942 -0.44662946584286328 -0.12444456219808359 -0.12445319897079611 0.54248225842426712 0.90529676483551802 -0.12494518186924926 -0.12495340216371589 -0.12499890658235149 -0.33519164242231175 -0.12500751515386599 0.99344226478068653 -1.9697677455685771 -0.041520865014897441 -0.83626086074583106 0.99727619698788494 1.0000000180025095e-35 -0.043059067073932596
decision_type=2 2 2 2 2 2 2 2 2 2 2 2 2 2 2 2 2 2 2 2 2 2 2 2 2 2 2 2 2 2
left_child=1 -1 3 9 5 -5 7 17 10 18 12 -10 14 -9 15 16 -6 -7 19 20 22 -14 -3 26 -19 -26 -15 -28 -29 -4
right_child=-2 2 29 4 8 6 -8 13 11 -11 -12 -13 21 23 -16 -17 -18 24 -20 -21 -22 -23 -24 -25 25 -27 27 28 -30 -31
leaf_value=0.05138551045799078 -0.051239503989644157 -0.035375535124135958 -0.0057232040970890165 -0.038402685692241312 -0.048355174231525966 -0.028831150158804053 0.0060774966391535581 -0.023266758858765699 0.0048801058170595615 0.05232687082481155 0.028067462168246477 -0.028836310550078032 -0.037501745504412536 -0.053202451262723008 -0.098016503720667739 0.067716409249239787 0.0039844638825251326 0.10517058031307713 -0.081332475105161534 0.061856100776893047 -0.094829093646834006 0.02323354104986261 0.052637413870305488 0.025822608256885368 -0.033112041881098085 0.018950096534029768 -0.0038752290637674193 0.0059052842007453511 0.089379553227046479 0.044095207044132063
leaf_weight=133.1930282022804 170.92741622589529 15.560145009309048 10.070015765726565 48.771109119057655 18.474196583032608 168.00937166437507 465.68211877532303 59.018965031951666 161.82266100868583 5.387310964986681 190.55353564955294 44.135834503918886 7.9955881759524337 7.8061351291835299 4.4209037274122229 5.4533816110342732 28.905258405953646 2.0001982264220706 13.662624489516018 7.8985932040959588 15.525371246039873 85.688074873760343 4.3393795490264884 42.923150267452002 18.875445712357759 22.755581881850958 158.32113798335195 23.208735339343551 8.3630964420735818 65.262675987556577
leaf_count=5534 7787 83 146 348 97 1411 2804 558 865 165 2891 222 44 53 27 39 249 18 85 162 92 599 122 279 182 140 1168 173 58 2054
internal_value=0.000102255 0.0048611 0.00123917 -0.000428018 0.00091215 -0.00417181 -0.00246297 -0.0102417 0.0104378 -0.0342298 0.0181473 -0.00234515 0.00562352 -0.00136525 -0.0147098 -0.00773889 -0.0164238 -0.0228091 -0.0424126 -0.0301387 -0.0506506 0.01805 -0.016183 0.00400668 0.000379956 -0.0046548 -0.000729858 0.00142719 0.0280169 0.0374358
internal_weight=2015.01 1844.08 1710.89 1635.56 1573.18 1025.74 976.964 511.282 547.449 62.3734 341.491 205.958 150.937 299.641 57.2537 52.8328 47.3795 211.641 56.9861 43.3235 35.4249 93.6837 19.8995 240.622 43.6312 41.631 197.699 189.893 31.5718 75.3327
internal_count=28455 20668 15134 12934 12225 7192 6844 4040 5033 709 3946 1087 1055 2289 412 385 346 1751 544 459 297 643 205 1731 340 322 1452 1399 231 2200
is_linear=0
shrinkage=0.05


Tree=64
num_leaves=31
num_cat=0
split_feature=0 0 1 3 0 2 0 2 3 0 2 1 5 5 0 2 5 1 3 2 0 3 0 1 2 3 0 2 3 1
split_gain=186.463 118.67 38.8195 38.5498 28.6901 27.0408 23.8333 21.0017 18.3124 21.435 14.1009 13.5548 13.32 17.3995 12.622 14.5195 11.128 10.9881 9.61622 9.52034 9.25012 9.17213 9.15217 8.75193 8.50575 7.82458 7.63724 10.9582 15.1929 8.27212
threshold=-0.11767958478291825 -0.12505261219774624 0.3088553591775528 0.68107391235645431 -0.1248535143445945 0.58779185342038054 -0.12456062391840446 0.78227623307822147 -0.021376318482674139 -0.12103816609106738 0.38665859902520561 -0.02091403634487676 0.6443785721579961 -0.8940516732231939 -0.12199494011467023 0.022862104410069434 0.83529709374084293 -0.10852737766352673 0.10774811314357652 0.60204920490658032 -0.12387112927513835 -0.63634864249180978 -0.12361908512234852 -0.011185710765596451 -0.08673927241634051 0.7062671916557427 -0.12461434140906701 0.28668267371600603 0.41068005961822979 0.55342144563924889
decision_type=2 2 2 2 2 2 2 2 2 2 2 2 2 2 2 2 2 2 2 2 2 2 2 2 2 2 2 2 2 2
left_child=1 -1 6 4 7 21 19 -4 9 10 -8 -11 13 17 15 -15 -13 -10 -17 -3 -12 -6 -7 -20 -14 -21 27 -23 -29 -28
right_child=-2 2 3 -5 5 22 8 -9 12 11 20 16 24 14 -16 18 -18 -19 23 25 -22 26 -24 -25 -26 -27 29 28 -30 -31
leaf_value=0.051317698040264807 -0.051180100784449359 -0.068271038189963593 -0.040911571621011111 0.04071734479498073 -0.045240337346119028 0.042371156697415757 -0.044301644343971033 0.035927791508494317 -0.010917207782384208 -0.01760127480127496 -0.050992698586849565 -9.1674288844737181e-05 -0.010500478246093058 -0.041262758688346078 0.0062945863628317868 -0.042289761614586974 0.041549187429205686 0.0236354633513635 -0.027355567010503175 -0.037665682785035223 0.011700811981514351 -0.060279083391995572 -0.0107674045256692 0.00086268765758948742 0.020530782503341581 0.04285299888888916 0.0041642490209552315 -0.027634559535352217 0.047460731123068596 0.02046753919562827
leaf_weight=126.86032822914422 162.77514188736677 20.48629810847342 50.531449707224965 86.109137231484056 9.0576320290565473 68.461182851344347 74.671909146010876 10.791674701496957 32.550657983869314 92.83824423328042 7.8853407427668598 68.352111928164959 27.573717948049307 44.999727483838797 90.0110052973032 19.868512630462646 20.965333998203278 78.495036039501429 35.312148287892342 11.384044408798216 23.176774345338345 10.244564365595577 9.1907843016087991 123.85418579354882 110.89245446398854 4.105292882770299 444.26780925877392 18.386986099183563 10.628577105700968 94.323741346597672
leaf_count=5534 7787 153 378 2860 50 1118 1008 284 205 943 37 445 166 314 508 165 114 495 226 58 137 58 46 814 688 65 2743 117 183 756
internal_value=9.80726e-05 0.00466847 0.00118614 0.00908627 0.00533398 0.00835356 -0.0060425 -0.0273893 -0.00435819 -0.0146175 -0.032525 -0.00422301 0.000882739 -0.00350442 -0.00951964 -0.0158734 0.00968262 0.0135071 -0.00949185 -0.0459056 -0.00421439 0.00468494 0.0360817 -0.00539773 0.0143513 -0.016325 0.00546751 -0.0158229 -0.000126698 0.00701945
internal_weight=1989.05 1826.28 1699.42 811.994 725.884 664.561 887.423 61.3231 851.447 287.89 105.734 182.156 563.557 425.091 314.046 224.035 89.3174 111.046 179.035 35.9756 31.0621 586.909 77.652 159.166 138.466 15.4893 577.852 39.2601 29.0156 538.592
internal_count=28455 20668 15134 8593 5733 5071 6541 662 6265 2684 1182 1502 3581 2727 2027 1519 559 700 1205 276 174 3907 1164 1040 854 123 3857 358 300 3499
is_linear=0
shrinkage=0.05


Tree=65
num_leaves=31
num_cat=0
split_feature=0 0 3 1 2 0 0 0 1 2 0 3 1 0 0 2 3 1 3 0 0 1 0 4 2 1 2 3 6 3
split_gain=183.29 109.725 43.8691 24.7305 34.2855 25.8612 21.5109 14.8666 21.8919 13.7282 24.0775 14.2186 13.8619 13.7242 18.9412 13.0627 12.6222 11.67 11.6608 11.4275 11.197 10.8777 14.1564 16.3674 12.5817 11.0429 11.3436 11.3663 10.6922 9.42085
threshold=-0.11767958478291825 -0.12505261219774624 0.37404085549200844 0.36031840116212749 0.35479063764852586 -0.12478407029846351 -0.12478407029846351 -0.12478407029846351 0.63129917358161824 0.12752149920897707 -0.1219321436824016 0.22053077857917189 0.22424022853860456 -0.12439089307418942 -0.12444456219808359 0.44345652701599175 0.88165897326036247 0.33670700890298483 0.11884389010764401 -0.12495340216371589 -0.12499890658235149 -0.16069188384970398 -0.11969719587286314 1.0233189129707072 -0.22720801801610527 0.34956885933132159 -0.1338787294345602 -0.072777839426995131 -0.96861744687521434 0.16520100891014819
decision_type=2 2 2 2 2 2 2 2 2 2 2 2 2 2 2 2 2 2 2 2 2 2 2 2 2 2 2 2 2 2
left_child=1 -1 7 6 5 16 -4 -3 9 10 12 21 -9 14 15 -11 -5 -17 -19 20 -6 -12 25 -24 -25 26 -23 -28 -29 -14
right_child=-2 2 3 4 19 -7 -8 8 -10 13 11 -13 29 -15 -16 17 -18 18 -20 -21 -22 22 23 24 -26 -27 27 28 -30 -31
leaf_value=0.05125737799406898 -0.051123908675650954 -0.034426460096487699 -0.055491424643594849 -0.068564714861274662 0.02784994637636631 0.014870384315294839 0.006789570623136564 -0.046977130714443358 0.028921102280020563 -0.050522875188391485 -0.022527198109717147 0.02890870183794314 -0.030733147953781455 0.0033500241860991197 -0.10260510953628549 -0.041245187717847132 0.052097556888262397 -0.026000484681700145 0.048096620835973027 0.047984409779889686 -0.056012759392823887 -0.034308988038788756 0.0068597751260988235 0.019373478998935212 0.11938033536604763 0.019792228245588711 -0.021193693858097051 0.095035518416250686 0.0087906510661509146 -0.00019496621494750554
leaf_weight=121.49555187672377 155.98149267025292 37.340856278315187 14.655402442440389 14.938040820881726 18.607595767825845 100.01769498921931 256.71639671735466 53.891853541135788 53.285500507801771 15.206214509904383 72.867233499884605 32.652076579630375 50.880137085914612 555.8026633746922 6.5458287522196761 9.6291966214776021 2.5351926498115054 7.8900123536586788 16.235219679772854 117.74947080016136 5.0632181614637366 49.066658928990364 54.670387499034405 6.1992454901337624 6.383419528603552 25.606969922780991 30.699987728148699 4.4228063635528114 19.170458640903234 50.144328601658344
leaf_count=5563 7833 351 135 98 427 932 1864 652 513 86 743 150 331 3538 37 48 72 39 156 3351 42 389 364 43 33 109 286 24 116 250
internal_value=0.00088236 0.00536322 0.00206165 0.013973 0.0250275 0.00506555 0.00342609 -0.00339014 -0.00235654 -0.00391712 -0.0104761 -0.0022496 -0.0264993 0.000982502 -0.0227242 -0.0120445 -0.0510578 0.00528988 0.0238636 0.0416118 0.0099116 -0.00603047 9.56693e-05 0.0186933 0.0701088 -0.00960254 -0.016885 -0.00113829 0.0249582 -0.0155753
internal_weight=1966.35 1810.37 1688.87 530.283 258.911 117.491 271.372 1158.59 1121.25 1067.96 456.656 301.739 154.916 611.309 55.5065 48.9606 17.4732 33.7544 24.1252 141.42 23.6708 269.087 196.22 67.2531 12.5827 128.967 103.36 54.2933 23.5933 101.024
internal_count=28575 20742 15179 6921 4922 1102 1999 8258 7907 7394 3490 2257 1233 3904 366 329 170 243 195 3820 469 2107 1364 440 76 924 815 426 140 581
is_linear=0
shrinkage=0.05


Tree=66
num_leaves=31
num_cat=0
split_feature=0 0 3 1 0 0 0 0 6 1 0 0 3 1 1 4 5 1 0 3 0 5 3 0 0 6 6 5 1 5
split_gain=173.411 104.9 40.1211 23.3039 19.4815 15.3119 18.4625 15.3201 14.3515 14.0898 15.781 12.3294 11.7044 10.5253 9.87191 9.86279 9.7506 9.70598 11.787 11.234 9.20774 9.1238 8.49477 7.83763 16.0097 7.68047 7.56255 7.39811 11.0966 9.82667
threshold=-0.11767958478291825 -0.12505261219774624 0.37404085549200844 0.36031840116212749 -0.12473035782465937 -0.12495340216371589 -0.12499890658235149 -0.12361908512234852 -1.1322752642454155 0.17501728532904276 -0.12473035782465937 -0.1205835650591217 -0.22418389851723483 0.80469900450017351 -0.13284919124624053 0.29507861394619478 -2.3131782822231526 0.57388964667810438 -0.12231510629377317 -0.23759511722654789 -0.12500751515386599 1.2785416671532415 1.1421117799279015 -0.12378286680229571 -0.12344073632799642 -0.37900208550451892 2.0512371639065363 -0.8940516732231939 -0.26478268134683858 0.48540105235158709
decision_type=2 2 2 2 2 2 2 2 2 2 2 2 2 2 2 2 2 2 2 2 2 2 2 2 2 2 2 2 2 2
left_child=1 -1 8 4 22 6 20 -7 -3 11 13 16 15 -11 -14 -13 25 18 19 -12 -5 23 -4 -18 -25 -10 -20 28 -6 -29
right_child=-2 2 3 5 27 7 -8 -9 9 10 17 12 14 -15 -16 -17 21 -19 26 -21 -22 -23 -24 24 -26 -27 -28 29 -30 -31
leaf_value=0.051195946012604271 -0.05107015621174911 0.01052828882899918 -0.058314390072145061 -0.014079438343208595 -0.027870248306526148 0.035525562031774781 -0.072399994820800437 0.003081939281734193 0.099336328237066729 -0.041072275307261652 -0.037340442245707754 -0.035134458768319145 -0.0048991551731648493 0.035504237710017456 0.028280876449993032 0.0058700760542716524 -0.053486297555121992 0.020386086805010407 0.015362788870136713 -0.0028639755076186827 0.051631053732242173 0.0023737144030253317 0.053446202707098767 0.014854883011068971 -0.028117805318464192 -0.0026755997940378453 -0.043805833884840245 -0.0048331199032908591 0.034490957526203243 0.01898267805505079
leaf_weight=115.70532531104982 148.52641794644296 162.57348686642945 16.323340477421883 11.968162050470712 8.587564639747141 177.25026575103402 8.3411927204579133 45.785862762480974 2.9146613068878651 34.475350324064493 25.365676481276751 36.283825382590294 50.721473224461079 5.1587111670523873 40.172837227582932 24.612340424209833 22.388053826987743 60.899862095713615 117.33335088565946 344.91912725009024 9.6134808063507062 34.088708627969027 1.8979470320045937 25.188714116811752 155.32870233803988 5.0282717421650878 5.6609405353665343 139.27545171417296 42.128783881664276 62.861994879320264
leaf_count=5563 7833 1138 140 70 50 4171 61 235 21 275 172 396 340 96 228 246 114 543 586 2095 385 244 35 131 1564 39 30 1040 293 441
internal_value=0.000848454 0.00514958 0.00197287 0.0134446 0.00325899 0.0243596 -0.0092255 0.0288654 -0.00324045 -0.00550026 -0.000626014 -0.0127959 -0.00159895 -0.0311052 0.00976553 -0.0185617 -0.0197348 0.00155381 -0.000771207 -0.00522572 0.0151911 -0.0215611 -0.0466733 -0.0255823 -0.0221216 0.0347577 0.0126395 0.00685724 0.0239316 0.00257327
internal_weight=1941.38 1792.85 1677.15 524.034 271.075 252.959 29.9228 223.036 1153.11 990.541 593.813 396.728 151.79 39.6341 90.8943 60.8962 244.937 554.179 493.279 370.285 21.5816 236.994 18.2213 202.905 180.517 7.94293 122.994 252.854 50.7163 202.137
internal_count=28575 20742 15179 6921 1999 4922 516 4406 8258 7120 3797 3323 1210 371 568 642 2113 3426 2883 2267 455 2053 175 1809 1695 60 616 1824 343 1481
is_linear=0
shrinkage=0.05


Tree=67
num_leaves=31
num_cat=0
split_feature=0 0 3 2 0 1 3 0 1 2 0 5 3 0 1 1 3 0 4 0 1 2 1 0 1 1 0 1 1 4
split_gain=164.077 100.285 37.2048 22.7034 30.0477 19.2921 18.5545 13.4782 17.1637 12.7992 26.8228 16.5362 16.0588 15.7095 13.5102 12.3956 12.3136 12.1099 12.2033 11.5725 11.3585 11.3223 10.9725 10.9514 9.38027 9.03438 8.89362 7.93682 10.43 21.1035
threshold=-0.11767958478291825 -0.12505261219774624 0.32854695461358502 0.53230091402481661 -0.12490008976973245 0.40599073869468832 1.1014337797143379 -0.1248535143445945 0.57388964667810438 0.12752149920897707 -0.1219321436824016 1.5127183838202658 0.22053077857917189 -0.12439089307418942 -0.13284919124624053 -0.4204294993980357 0.69391371317540373 -0.12008811281186339 1.0233189129707072 -0.12444456219808359 0.056295875890931699 -0.22720801801610527 0.34956885933132159 -0.12445319897079611 0.22424022853860456 -0.50117593350506096 -0.12473035782465937 0.093910722937980348 0.4964001149362301 0.16699218324989182
decision_type=2 2 2 2 2 2 2 2 2 2 2 2 2 2 2 2 2 2 2 2 2 2 2 2 2 2 2 2 2 2
left_child=1 -1 7 4 6 25 -4 -3 9 10 24 12 14 19 -12 -13 26 22 -19 23 -18 -20 -16 -11 -9 -5 -6 -15 -29 -30
right_child=-2 2 3 5 16 -7 -8 8 -10 13 11 15 -14 27 17 -17 20 18 21 -21 -22 -23 -24 -25 -26 -27 -28 28 29 -31
leaf_value=0.051137544367557436 -0.051019016109639409 -0.042970679517867059 -0.061027501319787916 -0.099570306782619744 -0.029827274678258527 0.047279427011257445 0.051520088782284867 -0.049036556747067646 0.019014570885035088 -0.026292858293417355 -0.029142772039775229 -0.035564807318724252 0.032149597033824896 -0.0076881456717080065 -0.022341749896546654 0.063818044073307073 -0.011783739117066396 0.0027624118236647555 0.0113415958532235 -0.094856952498045974 0.037816900718881746 0.10125017323697466 0.018818970583560263 0.064883009028893684 -0.020603341769965686 0.010752792286681207 0.0080161638968710407 0.010069615571959779 -0.037074476682897629 0.030103927463452279
leaf_weight=110.1848306003958 141.42074296064675 21.426046857610345 23.468545230105523 1.9358334019780148 16.224450817331672 73.380653541535139 4.339048394933342 44.098355494439602 82.246313445270061 37.42278840392828 66.691912841051817 3.9898420497775104 24.979888916015625 131.08693327754736 81.508713580667973 14.687004070729015 14.213446546345947 64.091125447303057 7.3394908905029297 5.6060668230056754 61.412312125787139 6.6965111866593343 20.204790607094765 3.6112528741359702 84.761540830135345 44.82367149554193 360.22455830127001 314.92891380563378 34.197584062814713 17.762841336429119
leaf_count=5563 7833 199 189 14 116 2387 173 603 688 227 703 39 114 997 657 116 98 417 50 33 1553 33 86 27 506 450 2530 1908 176 90
internal_value=0.000814836 0.00493871 0.00188574 0.0118472 0.00698076 0.0312853 -0.0434658 -0.00371425 -0.00291006 -0.00478127 -0.0113505 -0.00292085 -0.00605128 0.000273319 -0.00992198 0.0425874 0.0100838 -0.00279416 0.01201 -0.0274746 0.0284947 0.0542366 -0.0141654 -0.0182688 -0.0303337 0.00618544 0.00638516 0.00287217 0.00664529 -0.0141093
internal_weight=1918.97 1777.55 1667.36 600.023 479.882 120.14 27.8076 1067.34 1045.91 963.666 419.049 290.189 271.512 544.616 246.533 18.6768 452.075 179.841 78.1271 46.6401 75.6258 14.036 101.714 41.034 128.86 46.7595 376.449 497.976 366.889 51.9604
internal_count=28575 20742 15179 7510 4659 2851 362 7669 7470 6782 3324 2215 2060 3458 1946 155 4297 1243 500 287 1651 83 743 254 1109 464 2646 3171 2174 266
is_linear=0
shrinkage=0.05


Tree=68
num_leaves=31
num_cat=0
split_feature=3 2 3 3 2 6 1 1 4 3 5 2 1 1 6 6 6 3 1 5 1 2 2 3 6 5 5 4 3 3
split_gain=125.604 94.7579 28.6628 24.312 23.447 20.683 14.8649 13.9056 14.7801 10.0139 10.0773 8.57171 8.09263 7.46434 6.93774 6.85776 9.98407 6.85597 6.31897 6.26082 6.25478 5.83094 5.55813 5.57681 5.43287 5.10069 4.86904 5.85732 4.82232 7.76269
threshold=-0.65512249277248635 0.59532601916349093 0.80388321190080014 0.28433877194545798 -0.17237203810764759 -1.0708849594127903 0.083441988139489068 -0.2798827827552976 1.4997903422160086 0.098224033806202912 0.84731096169031039 0.30808674440081085 0.25510234708963492 0.73136866784665522 2.0512371639065363 0.22123195780722027 1.2540614776281138 -0.19741993156817111 0.3295031205587276 -2.3131782822231526 0.15259900345958269 0.23902118959476035 0.54248225842426712 -0.33519164242231175 -2.2492539821019579 -0.058701568443592221 1.1312423036900761 -1.5180558209517363 0.17320307939367727 0.14585462505982513
decision_type=2 2 2 2 2 2 2 2 2 2 2 2 2 2 2 2 2 2 2 2 2 2 2 2 2 2 2 2 2 2
left_child=21 2 4 13 12 28 -5 -7 9 10 -9 25 17 -3 -14 19 20 -2 -4 -11 -17 -1 23 -12 -19 -10 27 -18 29 -6
right_child=1 3 18 6 5 7 -8 8 11 15 22 -13 14 -15 -16 16 26 24 -20 -21 -22 -23 -24 -25 -26 -27 -28 -29 -30 -31
leaf_value=-0.0486854745870519 -0.037042133627260672 0.0011938658865175826 0.010226923820852444 -0.00077584102675598478 0.014708829695753951 -0.02206644922230893 0.047093328439267196 -0.012671487853125996 0.056014055451947646 0.083309308924292225 -0.014599160721256664 -0.013152268889965716 -0.00047493343998807562 0.041204510029144589 -0.050087916417037949 -0.024308549804893432 -0.061808724435554629 0.058354895221005287 0.043692950666442958 0.0068347029445977236 -0.0034957013821363308 -0.010050254635770665 -0.053343878264878034 0.02235745333827768 -0.016800224104004186 0.017616246670734286 0.055336883435912532 0.015657592505659762 0.028533586780430262 -0.044881416511152739
leaf_weight=124.61809539422393 52.476423855870962 62.054822646081448 21.215947858989239 18.00673658773303 76.39631224796176 75.337045738473535 163.2353869266808 255.25616631656885 20.279543353244662 2.6982567906379691 13.327174535021184 9.8263505268841964 94.136455673724413 14.352987708523868 7.6165195908397427 46.355922024697065 2.6115385256707659 2.4583316501229993 42.084529859945178 329.09051386080682 163.13814306817949 10.596292003989218 3.2680057808756819 43.615799712017179 110.12419638223946 15.08020159602165 7.1693602707236996 37.177495082840323 66.737032236531377 5.8862300217151633
leaf_count=6314 1615 456 276 151 542 774 7035 1933 133 14 107 68 496 319 43 296 17 22 1706 2658 1289 82 18 275 937 99 47 296 524 33
internal_value=0.000782659 0.00434845 -0.000453074 0.0323649 -0.00190055 0.00114195 0.0423374 -0.00139028 0.000251291 -0.00114407 -0.00833123 0.0281582 -0.0152793 0.00870975 -0.00418862 0.00271032 -0.00343028 -0.0221163 0.0324764 0.00745663 -0.00810108 -0.0456578 0.0100687 0.013708 -0.0151592 0.0396382 0.0174074 0.0105731 0.0185463 0.0104459
internal_weight=1896.23 1761.01 1503.36 257.65 1440.06 1173.25 181.242 1024.23 948.894 903.708 315.467 45.1861 266.812 76.4078 101.753 588.241 256.452 165.059 63.3005 331.789 209.494 135.214 60.211 56.943 112.583 35.3597 46.9584 39.789 149.02 82.2825
internal_count=28575 22179 14218 7961 12236 9123 7186 8024 7250 6950 2333 300 3113 775 539 4617 1945 2574 1982 2672 1585 6396 400 382 959 232 360 313 1099 575
is_linear=0
shrinkage=0.05


Tree=69
num_leaves=31
num_cat=0
split_feature=0 0 3 3 0 2 1 1 2 0 2 0 1 2 0 6 0 4 3 1 2 4 1 3 1 0 1 0 1 6
split_gain=148.147 92.1385 32.6837 21.8439 19.1662 21.309 19.9057 13.0542 12.614 11.5812 10.9415 21.6776 18.8584 9.76632 15.6579 12.6775 10.8249 9.30316 9.22885 9.19522 9.95416 9.60301 9.89823 9.10935 12.5342 9.7997 9.8239 10.4904 16.7798 8.94184
threshold=-0.11767958478291825 -0.12505261219774624 0.88165897326036247 0.17320307939367727 -0.12490008976973245 0.46912406262153816 0.55889043296723939 0.42346894257763756 0.39865306409376106 -0.12478407029846351 0.34804166789022323 -0.12170864928456805 0.25510234708963492 -0.17237203810764759 -0.12221003184646276 -0.16722029445433553 -0.12281853389314025 1.4997903422160086 -0.65512249277248635 0.44382920561090922 -0.2005018463578869 1.2639440350617528 -0.36413859156157885 0.48869333039222784 0.19984288645947426 -0.12411122262567646 0.37019619871380344 -0.12444456219808359 0.4964001149362301 0.67457853911066257
decision_type=2 2 2 2 2 2 2 2 2 2 2 2 2 2 2 2 2 2 2 2 2 2 2 2 2 2 2 2 2 2
left_child=1 -1 3 9 5 -5 13 -7 -8 -3 11 12 -11 14 -6 16 -15 -14 -13 20 -20 -22 -23 25 -25 26 -17 -28 -29 -26
right_child=-2 2 -4 4 6 7 8 -9 -10 10 -12 18 17 15 -16 23 -18 -19 19 -21 21 22 -24 24 29 -27 27 28 -30 -31
leaf_value=0.051041841393580083 -0.05093926318449437 -0.051236904749125359 0.040409050916154141 -0.070433729633719799 -0.031248047742500513 -0.058173467244184034 0.013123615328843733 0.013353776105508589 0.049921771129004672 -0.039086815985627042 0.0047988179338590434 -0.031057814368033967 -0.012087628058250907 0.011442558480887641 0.010366945890587254 -0.038669551332886298 0.039849290953816875 0.049053741354542449 -0.012935792848797102 0.045656183382582607 0.0034075562788154021 -0.025624430193148813 0.060067243188058506 -0.0066242261157068664 0.044915748252734221 0.0023563501674080029 0.024772192165664047 0.00028471533865377213 -0.11162973023756975 0.0022591296477985942
leaf_weight=100.52290493622422 129.0797712802887 13.727567952126263 52.871539857238531 16.374329745769501 44.875765085220337 8.138103445991872 52.247090928256512 29.509721916168928 42.016780875623226 84.542210975661874 209.11637103371322 22.09455643221736 136.60047027096152 205.39451920241117 45.543004110455513 34.185384407639503 40.081415042281151 6.5184632502496234 90.190557427704334 11.82536832988262 159.51413569226861 4.3507016748189953 14.948895044624804 39.990510523319244 35.714982599020004 192.04021919891238 18.646497596055269 12.639130238443615 4.5568490475416175 18.727627325803041
leaf_count=5563 7833 113 1923 107 253 50 464 543 1240 1109 1272 229 778 1695 210 202 199 37 751 49 1211 39 90 274 665 1105 196 116 29 230
internal_value=0.000751501 0.00456965 0.00173324 0.000450484 0.0059914 -0.0228177 0.0079698 -0.00210784 0.0295259 -0.00573211 -0.00488762 -0.00870528 -0.0203632 0.00503512 -0.010287 0.00733655 0.0160808 -0.0093029 5.61667e-05 0.00250409 0.000607134 0.00743795 0.0407498 0.00131551 0.0146301 -0.00348225 -0.0194937 -0.00120434 -0.0293721 0.0302424
internal_weight=1876.59 1747.51 1646.98 1594.11 840.682 54.0222 786.66 37.6478 94.2639 753.429 739.702 530.585 227.661 692.396 90.4188 601.977 245.476 143.119 302.924 280.83 269.004 178.814 19.2996 356.501 94.4331 262.068 70.0279 35.8425 17.196 54.4426
internal_count=28575 20742 15179 13256 7578 700 6878 593 1704 5678 5565 4293 1924 5174 463 4711 1894 815 2369 2140 2091 1340 129 2817 1169 1648 543 341 145 895
is_linear=0
shrinkage=0.05


Tree=70
num_leaves=31
num_cat=0
split_feature=0 0 3 1 0 2 0 6 2 0 1 2 0 0 1 0 0 1 2 5 2 1 3 0 3 0 0 2 3 0
split_gain=134.597 90.5499 34.7327 18.4476 30.2428 19.2871 19.579 18.2119 15.3864 12.752 23.7306 18.0657 17.2096 15.8898 17.6716 16.4619 14.1364 16.8626 13.0382 11.7814 11.2378 13.2588 11.2025 10.7177 10.6851 10.2265 8.84572 11.3433 8.80533 9.29065
threshold=-0.11767958478291825 -0.12505261219774624 0.47475717087561692 0.36529127775048459 -0.1248535143445945 0.36570196185717796 -0.12478407029846351 -0.55863932559688645 -0.25849664063232419 -0.12411122262567646 0.40092113789174483 0.4219304684031896 -0.12344073632799642 -0.12293411094545988 0.15259900345958269 -0.11929908731351045 -0.12473035782465937 0.72430956176610861 -0.076240358027531555 -1.9145527592930003 0.34804166789022323 0.46176590460686634 0.78594260636694713 -0.12114991654801498 -0.27930002748434818 -0.12361908512234852 -0.12147946636493186 -0.54695783647896479 -0.23759511722654789 -0.12092642215018143
decision_type=2 2 2 2 2 2 2 2 2 2 2 2 2 2 2 2 2 2 2 2 2 2 2 2 2 2 2 2 2 2
left_child=1 -1 7 4 -4 6 22 8 -3 10 -9 -12 -11 20 18 -16 17 -13 -15 -10 21 -14 -5 -20 -18 -8 27 -6 29 -21
right_child=-2 2 3 5 26 -7 25 9 19 12 11 16 13 14 15 -17 24 -19 23 28 -22 -23 -24 -25 -26 -27 -28 -29 -30 -31
leaf_value=0.051004007572413461 -0.050843808452007103 -0.01561166860742158 -0.072261241180091501 -0.066828687715859314 -0.069190126909561306 0.043121131398878583 0.038361148911027765 -0.041143167969775934 0.054241918378247093 0.0089213589806416242 -0.033502299437433346 -0.038374473926778528 -0.04845664264573725 -0.026996676764200742 0.0044877681259171444 0.067456617149250803 -0.050521264797155276 0.037594265268588251 -0.017098447396672531 -0.029484905203407897 -0.006051156412091154 -0.0011225107171261169 0.037627677674655385 0.0091091730162453418 0.032835887658522217 -0.0043756644093396052 0.074687965659079716 0.010009446934207909 0.012747853673006675 0.014688695845874731
leaf_weight=94.702203225344419 122.09953074622899 65.062341468408704 12.191776752471922 11.357338380068539 4.6762802302837363 88.456841612234712 35.224942252039909 70.250138899311423 15.075080106034873 202.18681941181421 37.460531668737531 24.740309566259384 55.580477988347411 92.901403957977891 173.08563653752208 11.041429877281187 4.2068668119609347 10.364772425964473 74.355415392667055 27.741893138736486 54.290926285088062 20.160688325762749 3.316213021054863 82.069251779466867 44.622740440070629 23.228663584217429 5.056573972105979 136.15983941219747 247.64749775081873 20.848493114113808
leaf_count=5488 7795 462 104 62 23 3215 635 438 110 1265 251 199 465 905 942 51 22 216 750 240 271 88 98 610 562 133 21 1282 1704 168
internal_value=-8.98515e-05 0.00345523 0.000731707 0.0155341 0.00339062 0.0274147 0.00841567 -0.00281624 0.00650206 -0.00647979 -0.0180144 -0.00463003 -0.00359271 -0.00808294 -0.00348417 0.00826378 0.00825583 -0.0159447 -0.01216 0.0111237 -0.0234127 -0.0358573 -0.0432216 -0.00334844 0.0256543 0.0213781 0.0097126 0.00737973 0.00892946 -0.0105315
internal_weight=1870.16 1748.06 1653.36 319.668 158.084 161.584 73.1272 1333.69 376.375 957.317 191.645 121.395 765.672 563.485 433.453 184.127 83.9347 35.1051 249.326 311.313 130.032 75.7412 14.6736 156.425 48.8296 58.4536 145.893 140.836 296.238 48.5904
internal_count=28575 20780 15292 5573 1430 4143 928 9719 2684 7035 1688 1250 5347 4082 3258 993 999 415 2265 2222 824 553 160 1360 584 768 1326 1305 2112 408
is_linear=0
shrinkage=0.05


Tree=71
num_leaves=31
num_cat=0
split_feature=0 0 1 0 2 2 0 0 1 5 5 5 4 0 4 1 5 2 6 0 0 0 0 1 0 4 2 0 1 0
split_gain=127.608 86.352 28.5725 19.4813 19.0178 15.6563 15.5026 13.4907 12.492 11.2528 11.0602 13.1628 11.9874 10.6324 9.25232 8.93867 8.51873 8.36209 8.21148 8.13126 11.0111 8.05823 13.2855 7.68949 7.52072 12.9372 7.48438 7.40218 6.35684 8.00273
threshold=-0.11767958478291825 -0.12505261219774624 0.3088553591775528 -0.12456062391840446 0.58779185342038054 -0.17237203810764759 -0.1248535143445945 -0.11896567874089392 -0.72740395795494595 -1.3788305671337364 1.2785416671532415 -1.2865088206500621 1.6758648488361934 -0.11929908731351045 -0.43960521014046 0.15259900345958269 0.84731096169031039 0.30091979341025044 -0.68387381110012124 -0.12490008976973245 -0.12494518186924926 -0.12495340216371589 -0.12499890658235149 0.63878556101533568 -0.12243348474258348 -0.63747218160577701 0.37551289529521686 -0.12361908512234852 -0.095075908279515023 -0.12103816609106738
decision_type=2 2 2 2 2 2 2 2 2 2 2 2 2 2 2 2 2 2 2 2 2 2 2 2 2 2 2 2 2 2
left_child=1 -1 3 9 6 13 26 8 -7 -3 11 18 17 -5 -9 -15 -14 28 -10 20 21 22 -6 -8 -19 -26 -4 -21 -13 -30
right_child=-2 2 4 5 19 7 23 14 10 -11 -12 12 16 15 -16 -17 -18 24 -20 27 -22 -23 -24 -25 25 -27 -28 -29 29 -31
leaf_value=0.050955209666591054 -0.050802339796300514 0.027239034428532025 -0.053418037694958544 -0.026101746893260881 0.02340808354910744 -0.047602892227935602 0.0045394340481274944 -0.0049711922245464883 0.041726923212890607 -0.053864382003004196 0.017274225619689648 -0.029628478297270416 0.038819606079494008 -0.0072449205053331288 0.04612422480338052 0.053204953564519257 -0.048846937571809287 -0.0050552422735049354 0.0054688903636464729 0.039308091797730225 -0.066497157867737397 0.055803352370545269 -0.068895260819040724 0.024027875324937911 -0.046352166468174402 0.03860967473490954 -0.0092878197788158669 -0.006569288848333129 -0.015658103924259818 0.007313223158938122
leaf_weight=90.167616307735443 116.23707777075469 4.9935150928795329 15.039915768429635 115.37037215568125 14.612413832917811 14.935838771983979 563.26817222498357 13.732911005616186 20.859547328203917 29.79836723767221 70.73372070863843 54.294471306726336 20.964194592088464 37.899411737918854 24.96822015568614 7.2919819056987754 3.1931414306163779 133.94449274428189 62.113022919744253 76.574960364028811 4.6354446820914736 8.9916959833353776 5.316805873066186 55.612871488556266 5.5049243718385723 24.078799787908792 26.601071840152144 9.9327738992869836 169.09605039283633 48.872725501656532
leaf_count=5488 7795 46 154 985 357 105 4709 110 146 233 480 485 150 342 175 36 21 880 454 1774 32 349 35 747 36 151 509 51 1448 292
internal_value=-8.66556e-05 0.0033142 0.000700038 -0.00557172 0.00763111 -0.00403135 0.00430373 -0.000658465 -0.0024225 -0.042224 -0.00132284 -0.00374574 -0.00705238 -0.018049 0.0279933 0.00250914 0.0272318 -0.00895286 0.0145843 0.0259364 0.00504431 0.016511 -0.00121701 0.00629067 -1.59753e-05 0.0228 -0.0252268 0.0340405 -0.0143206 -0.0105075
internal_weight=1849.64 1733.4 1643.23 862.646 780.586 827.854 660.522 667.292 628.591 34.7919 613.655 542.921 459.949 160.562 38.7011 45.1914 24.1573 435.791 82.9726 120.064 33.5564 28.9209 19.9292 618.881 163.528 29.5837 41.641 86.5077 272.263 217.969
internal_count=28575 20780 15292 6575 8717 6296 6119 4933 4648 279 4543 4063 3463 1363 285 378 171 3292 600 2598 773 741 392 5456 1067 187 663 1825 2225 1740
is_linear=0
shrinkage=0.05


Tree=72
num_leaves=31
num_cat=0
split_feature=0 0 3 3 0 1 1 0 3 6 0 2 2 2 2 1 3 0 2 1 0 1 4 0 2 3 1 2 3 4
split_gain=120.973 82.3626 33.1953 20.0374 18.7017 22.0708 17.8101 16.8842 18.3583 13.6943 13.052 16.3209 12.801 12.4047 11.7905 12.1756 15.4505 10.6816 19.0705 17.9823 11.3518 13.1189 15.7425 12.1397 13.1847 11.8337 11.6524 12.3292 9.79979 9.67128
threshold=-0.11767958478291825 -0.12505261219774624 0.88165897326036247 -0.26596169006905918 -0.1248535143445945 0.55342144563924889 0.75476456954276494 -0.11896567874089392 0.50948976886327324 -0.41312693731312539 -0.12361908512234852 0.39294152675914529 0.45518809308885194 -0.31737248565417392 0.44345652701599175 0.11959351730844943 0.43876588819693013 -0.12411122262567646 0.3604236709571626 0.36529127775048459 -0.12344073632799642 0.4904576486018391 0.27578974231334602 -0.12293411094545988 0.34804166789022323 0.28433877194545798 0.023820410153720099 -0.043059067073932596 0.068882090939282895 0.97534026838863364
decision_type=2 2 2 2 2 2 2 2 2 2 2 2 2 2 2 2 2 2 2 2 2 2 2 2 2 2 2 2 2 2
left_child=1 -1 3 -3 6 7 14 8 9 12 -10 -12 -6 -7 -5 -16 -17 18 -11 -20 21 -19 25 24 -22 -23 27 -25 29 -28
right_child=-2 2 -4 4 5 13 -8 -9 10 17 11 -13 -14 -15 15 16 -18 20 19 -21 23 22 -24 26 -26 -27 28 -29 -30 -31
leaf_value=0.050908795953245073 -0.050762932171306008 -0.016650091986031915 0.040485625437061107 -0.068468147402952512 0.0016541320373932716 -0.027581971836091027 0.028712499696844335 0.032041598648770868 0.027833189622554735 -0.051511586926489265 0.0083904185551909333 -0.067412259828343868 0.030706937228373806 0.02684186274436199 -0.14195617836479432 -0.042742741430747792 0.016246401789088073 0.010801968386858549 -0.032777446027544656 0.013941764732710103 -0.038507731690861517 -0.11262943062500141 0.050497115059174549 -0.038888543646759283 -0.003625788636564941 -0.0047855095816788651 -0.014237199238158605 -0.0038004358172685384 0.015783812390888368 0.035158282482726531
leaf_weight=85.846312844194472 110.65180153027177 173.34951468743384 50.718802010640502 17.572206849232316 282.87510698661208 11.462536253035067 13.979638541117309 41.285119131207466 90.240190498530865 35.030618064105511 47.775614455342293 8.3405734524130803 43.783271376043558 120.92003510147333 1.9726099148392666 23.615839380770922 20.945626942440867 158.26773178949952 38.087923917919397 44.849400138482451 60.413500521332026 6.4282663464546186 3.6410952992737284 38.606085315346718 49.11242651194334 4.2094508558511734 74.257673744112253 71.22097060829401 93.141029044985771 11.435475446283816
leaf_count=5488 7795 1617 1971 116 1808 79 376 241 1504 194 229 43 304 1834 10 179 361 934 231 466 452 37 24 362 244 36 524 569 475 72
internal_value=-8.46534e-05 0.0031692 0.0006665 -0.00060622 0.00136142 0.00275217 -0.0224225 0.000619823 -0.000496845 -0.00288318 0.0160586 -0.00287617 0.00554819 0.0221295 -0.0335735 -0.0203966 -0.0150155 -0.00688227 -0.0205787 -0.00751345 -0.00405128 0.00666088 -0.0392394 -0.00869318 -0.0228663 -0.0699545 -0.00331549 -0.0161345 0.00455702 -0.00764553
internal_weight=1834.04 1723.38 1637.54 1586.82 1413.47 1335.38 78.0859 1203 1161.72 1015.36 146.356 56.1162 326.658 132.383 64.1063 46.5341 44.5615 688.702 117.968 82.9373 570.734 172.547 14.2788 398.187 109.526 10.6377 288.661 109.827 178.834 85.6931
internal_count=28575 20780 15292 13321 11704 10662 1042 8749 8508 6732 1776 272 2112 1913 666 550 540 4620 891 697 3729 1031 97 2698 696 73 2002 931 1071 596
is_linear=0
shrinkage=0.05


Tree=73
num_leaves=31
num_cat=0
split_feature=0 0 3 1 0 0 3 0 0 0 3 0 0 1 6 1 5 5 1 0 4 5 0 3 0 1 3 6 1 5
split_gain=114.723 78.5272 31.1072 19.1724 23.9784 16.7451 22.761 13.6555 21.0209 19.043 11.5348 12.4105 12.3975 15.2287 11.7452 11.2656 10.9705 12.3051 12.3949 10.9434 9.95917 9.55575 9.41353 16.3472 9.20259 9.4461 8.94405 9.80721 8.93959 8.93039
threshold=-0.11767958478291825 -0.12505261219774624 0.89674986310408888 0.3088553591775528 -0.12445319897079611 -0.12490008976973245 0.54843905024852702 -0.12494518186924926 -0.12495340216371589 -0.12499890658235149 -0.21013776099357453 -0.11896567874089392 -0.12165124603964213 0.19199785069577049 -0.042095635713412967 0.55342144563924889 -1.6941088346325983 1.4119909117841571 -0.13284919124624053 -0.12500751515386599 2.8911497847824026 -1.9697677455685771 -0.12243348474258348 0.19230333655915635 -0.12361908512234852 0.53354957654399593 0.26100837060484372 0.21043458367553908 -0.50117593350506096 -0.48382645874607039
decision_type=2 2 2 2 2 2 2 2 2 2 2 2 2 2 2 2 2 2 2 2 2 2 2 2 2 2 2 2 2 2
left_child=1 -1 3 4 21 7 15 8 9 19 12 16 -6 -14 -15 -7 -12 18 -18 -5 22 -3 23 -20 -8 -26 27 -24 -19 -25
right_child=-2 2 -4 5 10 6 24 -9 -10 -11 11 -13 13 14 -16 -17 17 28 20 -21 -22 -23 26 29 25 -27 -28 -29 -30 -31
leaf_value=0.050864648578881691 -0.050725478556271721 0.030359397868671468 0.040893853869041263 -0.021144281910966446 -0.04551059749429949 0.00087087486119488623 0.042992150950297514 -0.071820689875788227 0.059440954130051606 -0.076509979412389517 0.021934048725064426 0.027358354728734321 -0.017623153556268065 -0.0089136965040594665 0.067707394289686626 0.017508570355922261 -0.022491527751280337 -0.039328187806913301 -0.028353752207049776 0.053873697128491563 0.084595505053730091 -0.051781214467754799 0.011240413428164132 0.014105175556207631 0.025874303289151957 -0.064306962600167036 0.032064478073615468 -0.017833331934734655 0.025026120098627803 -0.0089644480467909755
leaf_weight=81.728626749478281 105.33100629411638 3.930053496733307 46.614926381967962 17.251584874466058 29.583146842196584 481.1164328083396 57.5506756240502 10.673384686931966 9.001843652687965 12.298160923644906 42.18920586630702 36.374501422047615 93.907003156840801 9.7455761358141917 10.274561055004595 129.03000011667609 101.84780215844512 6.0608348362147799 79.701876109465957 6.7688067248091093 3.2151366733014575 35.739103186875582 78.678029224276543 62.513191569596529 9.0225452333688718 4.2817725688219062 27.418755851686001 45.943337142467499 49.222993336617947 127.52779166959226
leaf_count=5488 7795 25 1900 92 400 3022 1715 78 260 82 285 196 1073 58 55 1438 753 43 677 251 19 242 552 400 47 32 123 349 306 819
internal_value=-8.11557e-05 0.00303983 0.000638168 -0.000548848 -0.00569467 0.00534321 0.00750432 -0.0209405 -0.00895768 -0.0259108 -0.00382276 -0.00103193 -0.0166712 -0.00918256 0.0304091 0.00438931 -0.00268602 -0.00447033 -0.00682517 -4.65149e-06 -0.00307083 -0.0436435 -0.00373909 -0.00934706 0.0343283 -0.00314903 0.00621033 0.000521987 0.0179709 -0.00137579
internal_weight=1814.54 1709.21 1627.48 1580.87 843.873 736.995 681.001 55.9938 45.3204 36.3186 804.204 660.693 143.51 113.927 20.0201 610.146 624.319 582.13 526.846 24.0204 424.998 39.6692 421.783 269.743 70.855 13.3043 152.04 124.621 55.2838 190.041
internal_count=28575 20780 15292 13392 6375 7017 6254 763 685 425 6108 4522 1586 1186 113 4460 4326 4041 3692 343 2939 267 2920 1896 1794 79 1024 901 349 1219
is_linear=0
shrinkage=0.05


Tree=74
num_leaves=31
num_cat=0
split_feature=0 0 3 2 1 0 3 0 6 0 1 2 0 1 2 3 3 2 3 0 2 0 1 0 3 4 6 0 0 0
split_gain=108.801 74.8707 29.1783 18.6048 17.5229 29.2103 14.8901 18.1343 14.3178 12.9066 17.2008 12.3566 11.6908 15.6611 13.2886 13.3518 11.5147 11.4799 11.2489 13.9767 10.2645 9.48411 9.11499 12.7838 13.5697 9.22194 9.10421 8.55106 8.40806 8.30261
threshold=-0.11767958478291825 -0.12505261219774624 0.88165897326036247 -0.17237203810764759 0.61912866528056731 -0.1248535143445945 0.50948976886327324 -0.12361908512234852 -0.55863932559688645 -0.12248720951847065 0.37367960169683451 0.39294152675914529 -0.12411122262567646 0.36529127775048459 0.3604236709571626 0.32136522299104581 0.48124474739469247 0.4219304684031896 0.050099527123976827 -0.12428347073300573 0.47257886148614997 -0.11929908731351045 -0.56512681698075606 -0.11942890726893156 -0.2917622453919762 1.4997903422160086 1.2007943611430079 -0.12495340216371589 -0.12445319897079611 -0.12499890658235149
decision_type=2 2 2 2 2 2 2 2 2 2 2 2 2 2 2 2 2 2 2 2 2 2 2 2 2 2 2 2 2 2
left_child=1 -1 3 9 5 -5 8 -8 20 -3 16 -9 13 -10 26 17 21 -16 19 -6 28 -11 -14 24 -24 -26 -15 29 -7 -20
right_child=-2 2 -4 4 18 6 7 11 12 10 -12 -13 22 14 15 -17 -18 -19 27 -21 -22 -23 23 -25 25 -27 -28 -29 -30 -31
leaf_value=0.050822652892476609 -0.050689880521539991 -0.031956357556453277 0.039319658554456516 -0.041394691659886546 -0.035452509828537669 -0.04434057388699713 0.030072638674360875 0.0036629489165402409 -0.036147643628582908 -0.025658031112793547 0.029115781311138428 -0.064348339041341768 -0.036324501144751685 -0.050266744220601671 -0.080950514743206636 0.042799856866014147 0.053326313508280945 0.0029679047961326194 0.020574607102531485 0.032883693576275921 0.032636510753695565 0.0018483019486387631 -0.026896395997716201 0.029444162129188489 -0.00089870363274584795 0.031090177373067324 0.027294976625402242 0.039744682594013231 0.0071116923529646204 -0.059943925443211643
leaf_weight=77.805293531157076 100.26254142262042 67.158061627298594 47.259103919379413 41.074026798829436 16.670193243771795 8.2290873564779741 89.699723850935698 34.658785097301006 60.742175154387951 90.718713283538818 28.842932738363743 8.2724839374423009 17.815756898373365 18.551084436476234 4.654684104025363 20.413101008161902 6.2307369112968436 32.743797805160284 11.964549107477071 13.576129149645565 40.252135779708624 47.87653835490346 49.318119456991553 34.676191713660955 507.25611528940499 23.577365804463625 4.7527601346373549 61.228349726647139 226.11253020912409 4.3712712526321402
leaf_count=5488 7795 473 1971 360 131 63 1720 171 356 792 128 43 138 105 31 340 26 245 234 107 292 389 452 260 3322 155 29 1425 1500 34
internal_value=-7.85428e-05 0.00291257 0.000609689 -0.000554467 0.00176005 5.63252e-05 0.00149707 0.0172821 -0.000498543 -0.0133426 -0.0061446 -0.00944224 -0.00397658 -0.0169494 -0.00257309 0.0102758 -0.0131669 -0.00747674 0.0210839 -0.00477965 0.00931139 -0.0161562 -0.00106769 -4.60563e-05 -0.00180871 0.000522106 -0.0344482 0.0311695 0.00530491 -0.000971195
internal_weight=1796.76 1696.5 1618.7 1571.44 1330.61 1222.8 1181.73 132.631 1049.09 240.827 173.669 42.9313 774.501 141.858 81.1154 57.8116 144.826 37.3985 107.81 30.2463 274.594 138.595 632.644 614.828 580.152 530.833 23.3038 77.5642 234.342 16.3358
internal_count=28575 20780 15292 13321 11513 9582 9222 1934 7288 1808 1335 214 5433 1106 750 616 1207 276 1931 238 1855 1181 4327 4189 3929 3477 134 1693 1563 268
is_linear=0
shrinkage=0.05


Tree=75
num_leaves=31
num_cat=0
split_feature=0 0 3 1 5 0 3 1 1 0 5 3 1 0 4 0 3 0 5 1 3 0 6 0 3 0 5 6 4 1
split_gain=102.469 73.1751 29.651 19.404 14.3574 14.5888 19.5823 16.0829 14.0491 11.2557 11.0316 8.92207 9.35618 8.76869 9.14648 8.68025 13.3701 12.5921 10.1786 7.9227 8.27457 11.7876 11.3194 11.0829 11.6449 7.98308 7.86403 7.6824 7.15869 7.11467
threshold=-0.11767958478291825 -0.12505261219774624 0.92553812294634463 0.056295875890931699 1.3786822912007555 -0.12478407029846351 0.54843905024852702 0.55342144563924889 0.75476456954276494 -0.12415880302223591 -2.4475189711235612 0.08731622828342557 0.43573896005983176 -0.12371189516054157 -0.88350803541638556 -0.11846505852002982 -0.38357061315860469 -0.11955363068278969 -0.52384220588617669 -0.89626124994611789 0.20074701994659291 -0.12170864928456805 -0.29570289211851813 -0.11846505852002982 -0.15793564955076031 -0.12165124603964213 0.70139104196739266 -0.42400969574716468 1.914450485382057 0.3295031205587276
decision_type=2 2 2 2 2 2 2 2 2 2 2 2 2 2 2 2 2 2 2 2 2 2 2 2 2 2 2 2 2 2
left_child=1 -1 3 9 5 8 7 10 11 -3 -7 -5 -13 14 -8 16 -12 18 -18 -11 21 -21 23 28 -25 -22 -27 -19 -23 -20
right_child=-2 2 -4 4 -6 6 13 -9 -10 19 15 12 -14 -15 -16 -17 17 27 29 20 25 22 -24 24 -26 26 -28 -29 -30 -31
leaf_value=0.050765707322537629 -0.050697747701310317 -0.042791195420444253 0.045449446825390559 -0.083192001544290212 0.026063391594974172 0.064406423340217442 -0.010831806918048199 0.018128994806952826 0.024461179246551858 -0.049140937777230997 -0.028822988555015822 -0.055133884267765457 -0.011282892255403527 -0.00029821599777968749 0.040390921413360918 0.037940038224806238 0.0067745695830998542 -0.002501436565890411 -0.012199265145361536 -0.032343394060094781 -0.0033674654380891076 -0.0051223287311572014 -0.016450426803681143 0.011059973599656743 0.1082762167709725 0.013569735481360074 0.079360782149685977 0.070643142517152077 0.061885236563822291 -0.0005930491130050308
leaf_weight=75.016002690419555 95.678550779819489 25.227670829743147 35.478600565344095 6.6329162679612628 60.787623927928507 6.2286350131034842 10.156072461977599 114.23076936043799 15.569099349901078 11.468411114066837 47.343708317726851 16.245933346450329 48.413735255599022 27.040404446423054 61.420787188224494 13.130747601389883 216.44456383399665 5.7226547598838797 251.03733868338168 56.615757623687387 95.590367175638676 50.30420520529151 102.5894578769803 7.2840387895703316 5.3375039398670179 22.213971257209781 5.7094421684741965 9.6319083720445615 4.3288975358009329 278.56270184740424
leaf_count=5573 7810 161 1551 40 469 37 168 1216 462 90 370 122 740 152 1731 62 1402 28 1656 682 568 479 1011 77 28 107 26 47 37 1774
internal_value=-0.000362569 0.00249429 0.000246191 -0.000771888 0.00239323 0.00111744 0.00276015 0.000541642 -0.0185688 -0.0105013 -0.00188441 -0.0279658 -0.0223006 0.023959 0.0331229 -0.0023868 -0.00304154 -0.00143846 -0.00236092 -0.00824752 -0.00690747 -0.0125854 -0.00599923 0.0099429 0.0521716 0.00350282 0.0270219 0.0433821 0.000187069 -0.00609455
internal_weight=1781.44 1685.76 1610.75 1575.27 1188.6 1127.81 1040.95 942.333 86.8617 386.67 828.102 71.2926 64.6597 98.6173 71.5769 821.874 808.743 761.399 746.045 361.442 349.974 226.46 169.844 67.2546 12.6215 123.514 27.9234 15.3546 54.6331 529.6
internal_count=28676 20866 15293 13742 10476 10007 8643 6592 1364 3266 5376 902 862 2051 1899 5339 5277 4907 4832 3105 3015 2314 1632 621 105 701 133 75 516 3430
is_linear=0
shrinkage=0.05


Tree=76
num_leaves=31
num_cat=0
split_feature=0 0 3 1 5 3 0 1 0 0 1 0 3 5 4 3 3 0 6 1 1 4 4 0 0 5 4 4 0 0
split_gain=97.2425 69.7191 27.9094 18.2772 16.7049 15.998 15.9473 15.7487 22.6405 12.3028 14.2664 12.1342 11.6608 11.032 10.2039 8.94355 8.7661 8.65066 9.87448 9.57827 8.52383 12.4258 12.1556 20.1909 22.3276 9.94422 7.99451 7.96678 7.70047 7.69004
threshold=-0.11767958478291825 -0.12505261219774624 0.92553812294634463 -0.29755960252757457 1.2785416671532415 0.029949774608616267 -0.12428347073300573 0.568700555771261 -0.12473035782465937 -0.11846505852002982 0.44382920561090922 -0.12271065804933914 -0.010042996419618233 -0.56982781771645608 1.4311797294387014 0.57987691572973632 -0.41506879757045551 -0.12165124603964213 -1.6821058940583076 0.31444063373428727 0.46176590460686634 0.16699218324989182 0.0051419607932239883 -0.12444456219808359 -0.12327074857023429 0.26231935687756985 -0.70347944164922305 0.9354486842742421 -0.12187055927671887 -0.12103816609106738
decision_type=2 2 2 2 2 2 2 2 2 2 2 2 2 2 2 2 2 2 2 2 2 2 2 2 2 2 2 2 2 2
left_child=1 -1 3 11 5 6 -5 8 -7 10 14 -3 -13 -10 16 17 -8 19 -19 -15 -21 22 -22 -24 25 -25 -11 -14 -12 -18
right_child=-2 2 -4 4 -6 7 9 -9 13 26 28 12 27 15 -16 -17 29 18 -20 20 21 -23 23 24 -26 -27 -28 -29 -30 -31
leaf_value=0.050728410145944924 -0.050664755198145284 -0.049627114746004772 0.045001548544489706 -0.04647796940433551 0.019049185661589158 -0.033010443368391422 -0.036444092547216748 0.019927443607132403 0.011750260307939336 -0.032501129963816149 0.0032028071918471196 -0.031237810884221041 0.017480852295162132 -0.013704771276609655 0.023111882396900089 0.01792405317648128 -0.020468759608604111 -0.085434327887146416 0.020079670603338873 0.0081416154396063527 -0.0067488609651737827 0.017287467474160597 0.057050776995031638 -0.11795129877047734 0.045599852353983422 -0.0099894751472401535 0.040087507600037264 -0.030528609479191199 0.045741913401209477 -0.0013407362640043472
leaf_weight=71.408571877516806 91.07002823241055 26.653305009007454 34.075774168595672 26.688679149374366 115.01823516283184 47.946657385677099 45.729626070708036 117.13877019379288 223.92248546797782 4.6298516727983978 60.506858039647341 38.917043207213283 35.47134592756629 205.83822015672922 17.278298148885369 53.879792167805135 123.59378572925925 2.3181149140000334 51.009915098547935 151.495715521276 36.295424273237586 25.617673464119434 3.4534294754266766 12.700970709323885 3.1914071887731525 2.5633718352764854 20.987821150571108 11.424112096428869 12.908037915825842 91.404311053454876
leaf_count=5573 7810 189 1551 181 882 589 477 2260 1627 37 326 481 211 1326 171 970 1160 11 261 1034 248 192 54 87 13 29 144 76 55 651
internal_value=-0.000348591 0.00238863 0.000234789 -0.000737721 0.00076225 -0.000806113 -0.00912728 0.00277782 0.000328661 -0.00648341 -0.00892198 -0.0201582 -0.0110051 0.00239849 -0.014099 -0.00142028 -0.0165649 -0.00352806 0.0154931 -0.00582739 0.00106315 -0.0117301 -0.0245016 -0.0539114 -0.0746746 -0.0998211 0.0269686 0.00578536 0.0106822 -0.0123367
internal_weight=1765.14 1674.07 1602.66 1568.58 1456.12 1341.1 403.727 937.372 820.233 377.039 351.421 112.466 85.8125 772.287 278.006 548.364 260.728 494.484 53.328 441.156 235.318 83.8223 58.2046 21.9092 18.4557 15.2643 25.6177 46.8955 73.4149 214.998
internal_count=28676 20866 15293 13742 12785 11903 3202 8701 6441 3021 2840 957 768 5852 2459 4225 2288 3255 272 2983 1657 623 431 183 129 116 181 287 381 1811
is_linear=0
shrinkage=0.05


Tree=77
num_leaves=31
num_cat=0
split_feature=0 0 1 2 1 5 5 6 0 1 4 0 0 0 2 2 2 0 2 0 4 0 2 4 0 6 0 1 6 0
split_gain=92.2895 66.4243 20.861 15.6229 12.7946 14.6451 13.4634 12.2536 10.8634 11.8487 11.7384 10.5059 9.20827 8.42232 7.96624 7.86222 7.4259 11.1701 7.87355 7.26829 7.19796 14.2955 10.875 7.12984 7.10024 6.62876 6.58242 6.47411 6.33628 5.91487
threshold=-0.11767958478291825 -0.12505261219774624 0.55342144563924889 -0.58690876968771011 -0.29755960252757457 1.2785416671532415 -2.1139589246712034 -0.54806344461775069 -0.11896567874089392 0.15259900345958269 1.1173172999613936 -0.12495340216371589 -0.12271065804933914 -0.12254092394709333 1.0000000180025095e-35 0.071750474892294927 0.6140822554918085 -0.1246729743289999 0.14392569395431162 -0.12456062391840446 0.97534026838863364 -0.12103816609106738 0.30091979341025044 -0.70347944164922305 -0.12170864928456805 -0.88748215050192047 -0.12499890658235149 0.80469900450017351 -0.90137316160273517 -0.12361908512234852
decision_type=2 2 2 2 2 2 2 2 2 2 2 2 2 2 2 2 2 2 2 2 2 2 2 2 2 2 2 2 2 2
left_child=1 -1 3 13 12 6 7 25 9 14 23 26 -5 -3 28 -14 17 18 -4 -16 22 -22 24 -10 -21 -6 -11 -20 -8 -19
right_child=-2 2 16 4 5 -7 8 -9 10 11 -12 -13 15 -15 19 -17 -18 29 27 20 21 -23 -24 -25 -26 -27 -28 -29 -30 -31
leaf_value=0.050692933100219044 -0.05063332460981175 -0.070212383233732481 -0.055895220342526787 -0.042598672858574542 0.051333728392129997 0.018346299468004725 0.0012499471411433899 0.010017633079259344 -0.0281727300354256 -0.015008203688345293 0.087243981457663738 0.0011990596359602373 -0.023852462169377923 -0.018795454158815433 -0.051678941121264033 0.0076144851309778343 0.030418466620364751 0.028648474462007252 -0.012381472779520529 -0.031896045229524793 0.0035077746909977763 0.099077764091459977 0.0055471096828134201 0.025867826633483949 -0.0040929343659574157 0.14194506408980048 -0.084614861629826066 0.048531552088282193 -0.031700614070465358 0.0045528433737105278
leaf_weight=67.972271307371557 86.680908624082804 9.4550392329692823 8.6075067743659002 27.10172812640667 6.6386800240725279 106.48432993888855 18.750319859012961 20.010386751964688 8.2006401605904085 8.7333318525925261 6.1920981071889392 747.50630304776132 41.646811423823237 50.522630954161286 8.432343412190674 37.929644551128149 57.978789679706097 56.502217688597739 24.790143636986617 52.557031726464629 25.056565292179588 4.6369886621832839 77.993193477392197 23.867357511073351 40.780329752713442 2.9001483917236346 5.5579671598970881 5.2936218613758674 65.751680349931121 46.370820868760347
leaf_count=5573 7810 63 83 204 45 775 176 147 66 98 36 6294 408 369 68 294 1812 945 489 549 193 25 512 167 336 26 39 138 681 255
internal_value=-0.000334367 0.00228545 0.000224141 -0.00193635 -0.000816215 0.000624369 -0.0010552 0.0322481 -0.00195472 -0.00290321 0.0242181 0.000387172 -0.0174268 -0.026901 -0.0114303 -0.00885393 0.0153465 0.00917373 -0.0137279 -0.00620222 -0.00429461 0.0184321 -0.00823342 0.0120482 -0.0197485 0.0788828 -0.0420786 -0.00166305 -0.0243891 0.0177872
internal_weight=1750.9 1664.22 1596.25 1396.71 1336.73 1230.05 1123.57 29.5492 1094.02 1055.76 38.2601 761.798 106.678 59.9777 293.958 79.5765 199.543 141.564 38.6913 209.456 201.024 29.6936 171.331 32.068 93.3374 9.53883 14.2913 30.0838 84.502 102.873
internal_count=28676 20866 15293 11571 11139 10233 9458 218 9240 8971 269 6431 906 432 2540 702 3722 1910 710 1683 1615 218 1397 233 885 71 137 627 857 1200
is_linear=0
shrinkage=0.05


Tree=78
num_leaves=31
num_cat=0
split_feature=0 3 1 3 0 1 0 1 0 0 1 0 1 5 4 3 4 0 0 0 0 1 1 5 6 0 0 0 0 3
split_gain=87.5882 63.4952 25.1256 15.4326 17.7952 11.1007 18.9161 9.80422 9.89751 16.7137 9.46331 10.5759 9.47194 11.9281 9.29354 8.71218 10.037 9.63766 32.4645 13.7453 13.9777 14.891 9.68613 7.64501 7.62906 6.82244 9.90005 7.17943 11.1021 6.56717
threshold=-0.11767958478291825 0.88165897326036247 0.81742467569727417 0.029949774608616267 -0.12428347073300573 0.55889043296723939 -0.12473035782465937 -0.70344142327050319 -0.12243348474258348 -0.12344073632799642 -0.16069188384970398 -0.11969719587286314 0.37884454745708868 0.74628924887281889 -0.70347944164922305 0.53960064455601775 -1.603867831467884 -0.12378286680229571 -0.12383185522267347 -0.12366423176055642 -0.12361908512234852 0.38646681407040984 0.40092113789174483 0.20397425260062677 -1.1983103348464328 -0.12472173055755344 -0.1246729743289999 -0.12466801612893076 -0.12461434140906701 0.32136522299104581
decision_type=2 2 2 2 2 2 2 2 2 2 2 2 2 2 2 2 2 2 2 2 2 2 2 2 2 2 2 2 2 2
left_child=1 2 3 4 -1 6 -5 -8 9 15 -6 12 13 -12 -13 17 -17 18 25 -19 22 29 -21 -16 -11 -9 -27 -28 -29 -22
right_child=-2 -3 -4 5 10 -7 7 8 -10 24 11 14 -14 -15 23 16 -18 19 -20 20 21 -23 -24 -25 -26 26 27 28 -30 -31
leaf_value=-0.047363509565331807 -0.050603378437850927 0.04493159114076857 0.042125660244638555 -0.028502748644168931 -0.02132349785398437 0.01693790093626887 -0.037938781677946155 0.070195530793324801 0.013488579690012839 0.016336107704955968 -0.020227975007554966 -0.018817171665425216 0.0052913197341767663 0.0071102684417482607 0.0089443522147424001 -0.034488862042599898 0.028288459168469587 0.036190609541463602 -0.1139149660439403 -0.12126561173384985 0.034039362971285368 -0.032767732969565519 -0.0083280750313334401 0.046339805278305196 -0.013197196874704289 -0.066877262704165205 0.07225856914646929 -0.064027534752077911 0.0015949863149585586 -0.00036039975545511227
leaf_weight=27.484528640285134 82.500994694419205 82.533623656257987 34.522712859325111 52.614479009993374 82.665466092526913 117.33052731212229 14.83034026622772 3.4219208415597668 179.95457522198558 24.306481916457415 150.8356099743396 16.329774923622608 108.13907723873854 54.250109585002065 33.995492000132799 7.0639849100261918 64.537911247462034 45.327734533697367 6.4152669720351687 3.6587352491915217 35.245099529623985 16.946355745196342 3.9461863338947296 22.856074042618275 217.86691234260798 5.5523353852331629 3.452514896169304 6.6488505676388732 210.49607490934432 22.88139870762825
leaf_count=167 7810 5696 1550 633 979 2567 89 35 1005 135 1472 115 559 420 226 60 1247 308 44 22 187 83 32 141 1264 32 44 41 1599 114
internal_value=-0.000322079 0.00218274 -5.9424e-05 -0.00100568 -0.00826032 0.0024498 0.00061241 0.00236804 0.00306496 0.000297377 -0.00596913 -0.00268431 -0.00668264 -0.0129964 0.014429 0.00615185 0.0220951 0.00301562 -0.00297649 0.0140625 0.00193084 0.00847418 -0.0626624 0.0239785 -0.010233 0.000123627 -0.000936646 0.000723048 -0.000414337 0.020498
internal_weight=1738.61 1656.11 1573.58 1539.05 496.556 1042.5 925.167 872.553 857.722 677.768 469.072 386.406 313.225 205.086 73.1813 435.594 71.6019 363.992 235.987 128.006 82.6778 75.0729 7.60492 56.8516 242.173 229.572 226.15 220.597 217.145 58.1265
internal_count=28676 20866 15170 13620 4079 9541 6974 6341 6252 5247 3912 2933 2451 1892 482 3848 1307 2541 1795 746 438 384 54 367 1399 1751 1716 1684 1640 301
is_linear=0
shrinkage=0.05


Tree=79
num_leaves=31
num_cat=0
split_feature=0 0 3 1 0 3 0 0 0 1 5 5 0 0 0 0 5 0 3 3 1 3 0 6 3 0 4 6 0 3
split_gain=83.1489 61.119 24.6699 15.3443 12.6003 15.6554 14.6271 20.4391 18.8842 10.6389 10.0572 10.2639 9.96652 9.88634 9.10566 7.93577 7.76473 9.74357 8.11962 7.06424 7.22495 7.02236 13.5776 8.88898 6.65576 9.78397 7.64316 6.80259 6.31135 7.6881
threshold=-0.11767958478291825 -0.12505261219774624 0.92553812294634463 0.056295875890931699 -0.12490008976973245 0.54843905024852702 -0.12494518186924926 -0.12495340216371589 -0.12499890658235149 0.55342144563924889 1.2785416671532415 -2.4475189711235612 -0.12415880302223591 -0.12456062391840446 -0.12455199209005537 -0.12500751515386599 -0.52384220588617669 -0.12147946636493186 -0.18392305819567678 0.38016702408636832 0.40092113789174483 0.29181168512448025 -0.12170864928456805 -0.25465905783395176 -0.4644920831169056 -0.11896567874089392 1.914450485382057 -1.2776960803977637 -0.12371189516054157 0.60595751660275587
decision_type=2 2 2 2 2 2 2 2 2 2 2 2 2 2 2 2 2 2 2 2 2 2 2 2 2 2 2 2 2 2
left_child=1 -1 3 12 6 9 7 8 15 10 11 -6 -3 19 -15 -5 -16 18 -18 -13 -21 22 -14 24 -24 26 -26 -27 -7 -30
right_child=-2 2 -4 4 5 28 -8 -9 -10 -11 -12 13 21 14 16 -17 17 -19 -20 20 -22 -23 23 -25 25 27 -28 -29 29 -31
leaf_value=0.050641895470548294 -0.05057484732901274 -0.040010342692917436 0.04409254118645644 -0.014205821950318663 0.061085388446846328 0.028273498077442123 -0.071515477088787832 0.061192771988522902 -0.072153182969295446 0.014883244349076489 0.019264382641758889 -0.046666992331349064 -0.030390805712355647 0.064243770894277477 0.0059248216908738029 0.05350083903279243 -0.031655107395611039 0.0094734647900996775 -0.0062214303487890211 -0.044826541597244064 0.029869322235082992 0.00393456876989775 -0.026401074339623173 -0.013905721094507962 -0.003642844066332872 -0.0080876567220334265 0.064410689664984241 0.063967546618141996 0.029270439156244239 -0.023679517940061536
leaf_weight=62.365305147133768 78.520530445501208 24.914420867338777 31.347451159730554 17.191118649207052 6.3863412700593463 81.513528192415833 11.409902758896349 8.5987691879272443 13.228034252300864 126.67208870314062 59.324751537293196 21.198022333905101 70.351847503334284 5.2491837367415419 227.63570704124868 5.7838499154895535 33.934649305418134 95.130826763808727 416.89055120386183 5.4345370754599562 8.0069176666438562 99.995781447738409 11.713614489883183 107.17455496825278 43.522109463810921 4.3400171212852028 4.5579144582152358 13.35494004935026 12.666792117059233 14.942005438730119
leaf_count=5573 7810 161 1551 91 38 2287 87 283 95 1464 363 156 804 71 1464 253 289 522 2695 40 122 557 151 1048 385 33 33 94 69 87
internal_value=-0.000308151 0.00209146 0.000178084 -0.000709406 0.00212299 0.00328745 -0.0209746 -0.00810315 -0.024562 0.00133601 -0.000615844 -0.00205436 -0.00944085 -0.00255005 -0.00138759 0.00283904 -0.00183293 -0.00506752 -0.00813588 -0.0286869 -0.000331088 -0.00729551 -0.011699 -0.00457793 0.00832335 0.0145073 0.00280853 0.0462947 0.0212753 0.000613684
internal_weight=1723.36 1644.84 1582.47 1551.12 1171.2 1114.99 56.2117 44.8018 36.203 1005.86 879.191 819.867 379.925 813.48 778.841 22.975 773.592 545.956 450.825 34.6395 13.4415 355.011 255.015 184.663 77.4886 65.775 48.08 17.695 109.122 27.6088
internal_count=28676 20866 15293 13742 10476 9667 809 722 439 7224 5760 5397 3266 5359 5041 344 4970 3506 2984 318 162 3105 2548 1744 696 545 418 127 2443 156
is_linear=0
shrinkage=0.05


Tree=80
num_leaves=31
num_cat=0
split_feature=0 2 1 2 0 1 1 0 4 1 0 0 4 4 0 1 6 5 5 2 6 5 6 5 2 6 6 1 0 5
split_gain=78.4205 60.5836 18.4347 12.1912 32.4128 10.0192 9.86413 12.1853 9.24289 9.12584 8.93606 9.00419 9.38507 14.4587 8.66423 9.6936 8.44918 8.56333 7.93034 7.85364 7.58355 8.17537 7.56837 11.8884 7.4425 7.32438 7.14623 9.72057 7.12555 8.04774
threshold=-0.11767958478291825 0.60736597625306243 0.18346413157836308 0.15305905012789597 -0.12428347073300573 0.69640792179212097 0.011917148921538097 -0.12103816609106738 1.5384600939792537 0.81742467569727417 -0.12237117513233074 -0.12349661481450104 0.2660664956951056 0.011904075216562745 -0.12411122262567646 0.056295875890931699 1.4555502800177877 -0.75482407934153695 -0.22835839035572689 0.8366672136588561 -0.4365892208046942 0.1633069218899014 -0.94917249447683893 1.4801737157127917 -0.3334589793888092 0.1451269593456597 -1.4463626325592436 -0.29755960252757457 -0.12221003184646276 0.095577900602456647
decision_type=2 2 2 2 2 2 2 2 2 2 2 2 2 2 2 2 2 2 2 2 2 2 2 2 2 2 2 2 2 2
left_child=1 3 -3 4 5 -1 7 -6 -8 10 11 14 13 20 15 -5 17 -12 -19 -4 21 -13 26 -24 -10 -14 -9 -28 -20 -30
right_child=-2 2 19 9 6 -7 8 22 24 -11 16 12 25 -15 -16 -17 -18 18 28 -21 -22 -23 23 -25 -26 -27 27 -29 29 -31
leaf_value=-0.066903158146776762 -0.050539032460484273 -0.0067577963404048926 0.027143617581494681 -0.04021529930250968 -0.033524233946340624 -0.0038487076267484967 -0.0023285921758556386 -0.0065877646583955693 -0.0046982439140788972 0.054964368494468244 -0.0053347838201831836 -0.037955957443307209 0.018526747355702401 -0.038950976247550138 0.011296231829867245 -3.2467129344402701e-05 -0.055274081938821919 0.05012285978393817 0.061290858391188578 0.050462082195409735 0.0037314584533302874 0.022231987965113161 -0.016969445057016055 0.039795319088873259 0.03936231890771609 -0.011914311766373635 -0.012213928637629427 0.087056185725198271 -0.024365441344660226 0.019369589188819359
leaf_weight=28.164552669972181 74.695597408339381 30.843692194670439 100.42015007697046 16.039441000670195 54.890223247930408 8.1153324637562019 363.97359466738999 10.990021027624609 15.377537311986087 8.1585572566837055 34.406290106475353 26.401710283011198 45.516291305422783 46.725392486900091 202.9451614394784 233.56084600370377 4.2965181805193415 21.960765924304724 7.6882025822997084 56.382321452721953 71.201864708214998 7.1752656884491435 87.469743754714727 10.310989789664744 25.440225619822741 34.920317560434341 3.8794488944113255 6.7684234455227834 13.248060729354618 51.052754253149033
leaf_count=228 7819 260 3064 113 645 165 2493 113 100 319 256 157 258 273 1553 3897 36 139 47 4439 422 46 822 85 158 208 36 55 86 330
internal_value=-0.000443636 0.00185437 0.0285777 -0.0016263 -0.00695282 -0.0527987 -0.00408063 -0.014025 0.000201568 0.00234539 0.00182003 -0.000481786 -0.00849215 -0.0158206 0.00362373 -0.00261464 0.0136974 0.0160061 0.0238215 0.0355284 -0.00550583 -0.025094 -0.00506231 -0.0109836 0.0227631 0.00531123 0.0216957 0.0508881 0.0157981 0.0103587
internal_weight=1703.02 1628.32 187.646 1440.68 615.38 36.2799 579.1 174.309 404.791 825.297 817.139 684.486 231.941 151.504 452.545 249.6 132.653 128.356 93.9498 156.802 104.779 33.577 119.419 97.7807 40.8178 80.4366 21.6379 10.6479 71.989 64.3008
internal_count=28622 20803 7763 13040 4900 393 4507 1756 2751 8140 7821 6927 1364 898 5563 4010 894 858 602 7503 625 203 1111 907 258 466 204 91 463 416
is_linear=0
shrinkage=0.05


Tree=81
num_leaves=31
num_cat=0
split_feature=0 0 2 3 0 2 3 0 1 3 0 1 0 1 0 2 0 3 0 2 6 1 5 1 0 2 0 1 0 0
split_gain=74.4627 56.1208 21.081 13.4427 19.7789 14.4749 11.901 13.2674 11.2176 11.5385 16.0894 9.43928 10.7606 9.01705 9.55872 21.0084 16.5447 12.5343 14.6053 15.9926 12.2667 11.809 13.1967 10.9912 13.5268 10.6711 11.5145 10.1812 9.58084 9.43074
threshold=-0.11767958478291825 -0.12505261219774624 0.60736597625306243 0.92553812294634463 -0.12473035782465937 0.32890699278871277 -0.063548047476083405 -0.12165124603964213 0.18346413157836308 0.31246220433946786 -0.1248535143445945 0.38646681407040984 -0.12421031900708213 -0.89626124994611789 -0.12265694362071648 -0.5284936890213946 -0.12349661481450104 0.50948976886327324 -0.12378286680229571 0.37058810864007913 1.2007943611430079 0.33670700890298483 -0.82812274700732158 0.32202568465887565 -0.12428347073300573 0.29373732209607278 -0.12438225258783085 0.66255409260536624 -0.1237742047707943 -0.12383185522267347
decision_type=2 2 2 2 2 2 2 2 2 2 2 2 2 2 2 2 2 2 2 2 2 2 2 2 2 2 2 2 2 2
left_child=1 -1 3 4 5 -3 7 11 -4 10 -10 -6 -13 -8 15 -15 17 18 19 20 27 22 -21 24 25 -19 -27 29 -20 -17
right_child=-2 2 8 -5 6 -7 13 -9 9 -11 -12 12 -14 14 -16 16 -18 23 28 21 -22 -23 -24 -25 -26 26 -28 -29 -30 -31
leaf_value=0.050581791739506846 -0.050513457206344717 -0.067281371549423527 -0.0077483642912706437 0.034718864455929324 -0.033867699070533094 -0.014393021238164867 -0.053319238882977987 -0.0012863373513694793 -0.03431961801695213 0.045663408851816648 0.027192782497867843 -0.062409087631074403 0.0016239046015118102 -0.064155760247512225 0.0094577957326157942 -0.022647193846515052 -0.010059897870478153 -0.087315573017142656 0.062938254381294773 0.032596392382967396 0.026818617346341025 0.021231799165926862 -0.029221958263643613 0.040513673665788591 0.023803524341280774 0.028855161541828281 -0.1134984243928101 0.058342645155794529 0.012143195894178579 -0.10475923932396898
leaf_weight=56.821428697556257 71.087714795023203 18.332344085909426 30.16866759210825 24.802199648693204 72.272370509803295 43.958275387063622 7.4359385706484309 198.90368633717299 14.139964090660213 45.650443625636399 42.832022480666637 7.5480708479881278 50.170053295791149 13.013128688558934 298.07143116742373 107.86217467673123 258.81742764264345 5.7511642426252356 10.282907389104365 11.952762395143507 14.105649491772054 69.965282099321485 31.085654735565186 43.660839659161866 31.943756859749556 7.0560053754597893 1.7785939779132593 3.7600665539503089 95.493110228329897 3.6139727905392638
leaf_count=5547 7819 133 232 1103 884 659 51 1775 149 1821 487 40 255 82 1777 629 1524 45 78 69 87 833 179 1299 315 90 29 37 572 22
internal_value=-0.000426633 0.00176955 -3.35635e-06 -0.00177104 -0.00241435 -0.0299582 -0.00113829 -0.00940471 0.0190543 0.0269337 0.0119259 -0.0218269 -0.00674999 0.0015386 0.00194319 -0.00121095 -3.59733e-05 0.00588302 0.00157932 -0.00518674 -0.0171925 0.00855478 -0.0120536 0.0224947 0.00558661 -0.0343096 0.000196337 -0.0225797 0.0170812 -0.0253092
internal_weight=1692.34 1621.25 1564.43 1431.64 1406.83 62.2906 1344.54 328.894 132.791 102.622 56.972 129.99 57.7181 1015.65 1008.21 710.142 697.129 438.312 348.122 242.346 129.342 113.004 43.0384 90.1904 46.5295 14.5858 8.8346 115.236 105.776 111.476
internal_count=28622 20803 15256 12567 11464 792 10672 2954 2689 2457 636 1179 295 7718 7667 5890 5808 4284 2506 1856 775 1081 248 1778 479 164 119 688 650 651
is_linear=0
shrinkage=0.05


Tree=82
num_leaves=31
num_cat=0
split_feature=0 0 2 0 2 0 1 1 1 0 0 0 0 4 2 0 6 0 5 4 4 0 0 0 0 4 4 1 6 5
split_gain=70.7283 53.4271 19.3228 10.765 11.5816 24.0393 10.4061 9.69501 9.46662 12.2931 9.43748 13.8076 10.2319 8.31904 9.8252 7.37301 10.7739 8.27665 7.16013 7.0907 6.9679 6.94153 9.88441 6.36872 10.3999 8.63645 13.2504 8.03237 7.68015 7.55035
threshold=-0.11767958478291825 -0.12505261219774624 0.60736597625306243 -0.12490008976973245 0.15305905012789597 -0.12428347073300573 0.18346413157836308 0.69640792179212097 0.25510234708963492 -0.1205835650591217 -0.12494518186924926 -0.12495340216371589 -0.12499890658235149 1.4997903422160086 -0.5284936890213946 -0.12288165824017697 2.0512371639065363 -0.12344073632799642 0.21800340303456947 -1.5568827739014062 -0.88350803541638556 -0.12490008976973245 -0.12494518186924926 -0.12237117513233074 -0.12349661481450104 0.2660664956951056 0.011904075216562745 -0.07101776402869768 1.4555502800177877 -0.75482407934153695
decision_type=2 2 2 2 2 2 2 2 2 2 2 2 2 2 2 2 2 2 2 2 2 2 2 2 2 2 2 2 2 2
left_child=1 -1 3 10 5 7 -4 -5 9 -7 11 12 -3 15 -15 17 -17 19 20 -10 -19 22 -8 24 27 26 -26 -6 29 -25
right_child=-2 2 6 4 23 8 21 -9 13 -11 -12 -13 -14 14 -16 16 -18 18 -20 -21 -22 -23 -24 28 25 -27 -28 -29 -30 -31
leaf_value=0.050553361745119645 -0.050489098633620139 -0.0050386864587094078 -0.0073568864251536172 -0.061696785049287509 -0.022671786373610257 -0.017941233074395029 0.017647095098608068 0.013165689158687759 -0.068757657240445455 0.0010668771960975437 -0.08041165885234032 0.058235305331463177 -0.077781032539802536 -0.026722180936356622 0.055325518795417639 0.012300095531841776 -0.066371126204243236 0.01174689063965704 0.0037676455788043083 0.0091761205190525434 -0.050466875709013037 0.034504697063770177 -0.064533303706626827 -0.0050336620832083963 -0.0047852425040248378 0.0056399214164877531 -0.036967872208102374 0.0072987648248099279 -0.054049975383172591 0.022347891923676842
leaf_weight=54.07984518352896 67.652531525120139 12.04258585162461 30.184887174516916 25.764430989511315 23.685732312500477 184.98112113960087 24.874606614932421 5.1971126142889252 3.1085046771913758 157.467419706285 7.2549394201487294 5.0497663719579604 8.0760997794568521 4.847986729815605 14.75089464522898 114.34700255841017 4.5240908041596404 5.5132684297859695 14.481685474514959 47.779694031924009 24.50207818672061 71.463126980699599 4.2899627573788157 34.259897474199533 104.26662569493055 80.439297452569008 46.135293563827872 398.21376529615372 4.1456421855837098 94.954525247216225
leaf_count=5547 7819 208 232 204 143 1827 694 111 29 1297 63 231 62 32 85 550 26 31 80 398 152 1733 30 256 625 467 274 4778 36 602
internal_value=-0.00040612 0.00169749 1.2336e-07 -0.00168726 -0.00102451 -0.00621097 0.0183917 -0.0491306 -0.00390514 -0.00920077 -0.0301681 -0.0156852 -0.0342391 0.00384958 0.0350302 0.000997362 0.00930596 -0.00935699 -0.0251077 0.00441554 -0.0390393 0.0261154 0.00555877 0.00298204 0.000947815 -0.00758441 -0.0146572 0.0056162 0.0129387 0.0150879
internal_weight=1678.33 1610.68 1556.6 1425.79 1393.37 607.265 130.813 30.9615 576.304 342.449 32.4234 25.1685 20.1187 233.855 19.5989 214.256 118.871 95.3852 44.497 50.8882 30.0153 100.628 29.1646 786.101 652.741 230.841 150.402 421.899 133.36 129.214
internal_count=28622 20803 15256 12567 12003 4822 2689 315 4507 3124 564 501 270 1383 117 1266 576 690 263 427 183 2457 724 7181 6287 1366 899 4921 894 858
is_linear=0
shrinkage=0.05


Tree=83
num_leaves=31
num_cat=0
split_feature=0 0 3 2 0 2 0 0 2 0 1 3 0 3 1 4 0 3 1 1 0 1 2 3 2 1 0 0 0 2
split_gain=67.1727 50.8719 18.2071 20.6464 17.8789 18.4236 17.5638 15.1108 13.1113 14.7233 16.3295 10.6955 12.2059 9.64077 9.15353 9.87022 8.97273 8.87902 8.37656 8.11165 8.21534 8.04121 7.80018 7.48814 7.20065 7.09602 7.48869 18.8158 7.45564 12.7415
threshold=-0.11767958478291825 -0.12505261219774624 0.34578688321047818 0.53230091402481661 -0.12428347073300573 0.46246499027735916 -0.12361908512234852 -0.12490008976973245 0.15305905012789597 -0.1205835650591217 0.40915824691346486 0.029949774608616267 -0.1219321436824016 1.1014337797143379 -0.10852737766352673 0.2660664956951056 -0.1219321436824016 -0.65512249277248635 -0.29755960252757457 0.42346894257763756 -0.12473035782465937 0.083441988139489068 0.82323378318767937 -0.32156488768163849 -0.50945933690026524 0.52048785803644781 -0.12361908512234852 -0.12344073632799642 -0.12271065804933914 -0.50945933690026524
decision_type=2 2 2 2 2 2 2 2 2 2 2 2 2 2 2 2 2 2 2 2 2 2 2 2 2 2 2 2 2 2
left_child=1 -1 4 7 5 -3 21 13 9 10 11 -6 -13 -4 16 -16 -10 -11 -19 -7 22 -5 -21 -22 -12 28 -27 -28 29 -9
right_child=-2 2 3 6 8 19 -8 25 14 17 24 12 -14 -15 15 -17 -18 18 -20 20 23 -23 -24 -25 -26 26 27 -29 -30 -31
leaf_value=0.050526328223244092 -0.050465890002742264 -0.049206634833751983 -0.048022615753809811 0.0018842931468668464 -0.037547844555572633 -0.03538380812379429 -0.041574203420493588 -0.072218882028037487 -0.038887041222682703 -0.035151477141605277 -0.048445225944687954 -0.026331502280400893 0.0063065236937402533 0.051009518327648974 0.0017320452514288671 0.01834611476670879 0.0013859421095002362 -0.015852649388702074 0.012127934089240157 -0.029410753416838565 -0.073104593636566156 0.043521666105589996 0.043460543725232031 0.027747996241657216 0.011134726520599207 0.033960698834028101 -0.1173877150132457 0.022175319153810685 0.019480770491358965 0.0011027078868251648
leaf_weight=51.469171103090048 64.381928401067853 41.104174319654703 20.441061360761527 13.992102067917584 74.254202574491501 19.440089222043753 7.9244972616434088 6.0498478123918167 22.735662491992116 13.874365530908106 5.5349613502621642 72.263071786612272 47.459169302135706 2.7933681337162843 293.76747290045023 128.49804137274623 35.310290735214949 33.506474774330854 132.61011156067252 22.696843722835187 1.976922415196898 67.7029730360955 4.3810847373679271 26.674861376173794 60.525486946105957 38.322068565525115 3.103272356092929 10.889262959361075 56.12804602086544 287.343650537543
leaf_count=5547 7819 263 183 129 1030 120 43 37 182 155 28 607 275 179 1936 813 274 331 910 194 12 2652 120 326 285 879 31 63 256 2943
internal_value=-0.00038957 0.00162195 -5.99778e-07 0.00768677 -0.00381746 -0.0222916 0.0294964 0.00308854 -0.00148347 -0.00771853 -0.0153278 -0.0226397 -0.0133934 -0.0361164 0.00422866 0.00678781 -0.0143883 0.0032747 0.00648412 -0.00757405 0.00212678 0.0363903 -0.0176205 0.0207893 0.00614274 0.0053554 0.0225297 -0.00877705 0.00278484 -0.000409202
internal_weight=1667.15 1602.77 1551.3 514.69 1036.61 116.274 89.6196 425.071 920.339 440.028 260.037 193.976 119.722 23.2344 480.311 422.266 58.046 179.991 166.117 75.1698 55.7297 81.6951 27.0779 28.6518 66.0604 401.836 52.3146 13.9925 349.522 293.393
internal_count=28622 20803 15256 7395 7861 1035 2824 4571 6826 3621 2225 1912 882 362 3205 2749 456 1396 1241 772 652 2781 314 338 313 4209 973 94 3236 2980
is_linear=0
shrinkage=0.05


Tree=84
num_leaves=31
num_cat=0
split_feature=3 2 3 3 1 5 1 2 6 2 5 5 4 1 3 5 5 6 4 3 2 3 4 3 5 6 4 6 1 4
split_gain=54.4007 45.9636 18.6664 14.0102 11.9965 15.0754 10.2396 8.86283 7.24976 9.16879 7.79077 7.17935 7.26395 6.67222 6.78377 6.6712 8.28049 7.4985 7.12338 6.41845 6.2949 5.95336 5.89454 5.81752 9.3281 5.74466 6.41731 5.61891 7.29737 5.56807
threshold=-0.65512249277248635 0.60736597625306243 0.31246220433946786 0.92553812294634463 -0.011185710765596451 2.1066416248562589 0.10367389739725485 -0.78540464416886779 -2.2492539821019579 -0.28860677320260181 0.06121123798837947 -2.4475189711235612 -0.12805163914365317 -0.89626124994611789 -0.041520865014897441 0.61546816137039018 -1.7976290432644835 -0.51388480335534614 -0.2342678581794036 0.49601949385159233 0.2465388958820329 0.83972692052014253 0.057930800957563942 0.29914924664940667 -0.8940516732231939 -0.12356256575012294 0.76071510225373296 0.11325218669281056 0.3295031205587276 -0.41177675635265493
decision_type=2 2 2 2 2 2 2 2 2 2 2 2 2 2 2 2 2 2 2 2 2 2 2 2 2 2 2 2 2 2
left_child=-1 3 22 4 7 11 -4 -2 9 10 -9 -6 23 -10 -15 16 17 -16 -17 -14 21 -21 -3 -13 -25 26 -20 -22 -29 -7
right_child=1 2 6 -5 5 29 -8 8 13 -11 -12 12 19 14 15 18 -18 -19 25 20 27 -23 -24 24 -26 -27 -28 28 -30 -31
leaf_value=-0.041632344348519396 -0.05744729806559068 -0.0079034307933769504 0.0023786993795013745 0.034790294701785775 0.053096869171863383 0.1042500093541843 0.04669165712752793 0.01232961261483894 -0.048311678391846129 -0.054859937547342731 0.22320669021593426 -0.010634953706313035 0.00057336971487258702 -0.01951313012535497 0.087536565105436379 -0.0097555920539395859 -0.014451164811478913 0.005430056902368364 0.043331864845635032 0.0042528867645378037 0.03852004562420528 -0.081123448833953227 0.02119141478217754 0.030223640920593649 -0.0035078707312027751 0.055415846948108194 -0.016993028185522546 -0.025676462042325189 0.030375516084199833 0.030015065017309214
leaf_weight=76.212801237590611 9.9923957199789566 35.77372442279011 15.388797948136924 26.315512549132109 6.2721249405294648 4.2351492652669549 85.28621085640043 0.74071753397583995 11.089058917015789 0.94832192175090213 1.0716638276353476 247.13707021251321 572.89261618070304 93.26054299576208 3.6503065861761579 21.038657318800688 101.18104774784297 11.673019812442359 8.0711494060233289 42.51810279302299 33.18290832452476 2.1448707692325106 33.909620990045369 24.18197132833302 134.44966960512102 11.765639555640517 9.7151772351935488 10.058417823165657 13.736709861084817 6.2590529657900316
leaf_count=6398 485 385 150 1364 40 26 6746 22 298 18 19 1690 3943 1998 23 143 729 74 49 369 936 54 476 244 1212 75 65 82 462 47
internal_value=-0.000373626 0.00161913 0.0261485 -0.00134964 -0.00203817 0.00033349 0.0399181 -0.0111933 -0.00950778 0.0711088 0.137022 -0.000242523 -0.000552206 -0.0103277 -0.00870987 -0.00268026 -0.00926372 0.0249894 0.0124807 0.00262775 0.0142071 0.000152819 0.00625483 -0.00583844 0.0016342 0.0283112 0.0103814 0.0252238 0.00668183 0.0599741
internal_weight=1654.15 1577.94 170.358 1407.58 1381.27 1097.07 100.675 284.198 274.205 2.7607 1.81238 1086.57 1080.3 271.445 260.356 167.095 116.504 15.3233 50.5906 674.534 101.641 44.663 69.6833 405.769 158.632 29.552 17.7863 56.978 23.7951 10.4942
internal_count=28622 22224 7757 14467 13103 9105 6896 3998 3513 59 41 9032 8992 3454 3156 1158 826 97 332 5846 1903 423 861 3146 1456 189 114 1480 544 73
is_linear=0
shrinkage=0.05


Tree=85
num_leaves=31
num_cat=0
split_feature=0 0 3 0 2 2 3 0 1 2 1 1 4 0 0 0 2 3 0 3 0 2 4 0 0 1 0 0 1 0
split_gain=62.8116 44.9902 17.6982 14.7932 15.2306 13.4448 12.7187 13.3115 14.9782 17.978 12.307 11.6701 11.0589 10.775 10.6393 53.9765 18.9417 12.491 11.9488 11.6266 10.6656 10.1914 9.64545 9.62064 19.149 9.85027 9.18067 8.23671 7.94398 7.89259
threshold=-0.11767958478291825 -0.12505261219774624 0.89674986310408888 -0.12490008976973245 0.8366672136588561 -0.58690876968771011 0.47475717087561692 -0.12170864928456805 0.13635711538636988 0.26515549430744295 0.2634425011689816 0.50201239203199066 -2.5388128501283975 -0.12456062391840446 -0.12428347073300573 -0.1243293748877002 0.44345652701599175 0.11884389010764401 -0.12366423176055642 0.16520100891014819 -0.12439089307418942 0.36570196185717796 1.0716890947641027 -0.12378286680229571 -0.12383185522267347 0.40915824691346486 -0.1246729743289999 -0.12254092394709333 0.50201239203199066 -0.12427482269585909
decision_type=2 2 2 2 2 2 2 2 2 2 2 2 2 2 2 2 2 2 2 2 2 2 2 2 2 2 2 2 2 2
left_child=1 -1 3 11 5 27 7 8 9 -7 13 -3 -10 -8 15 16 20 -18 23 -17 -14 26 -20 24 29 -26 -12 -5 -9 -16
right_child=-2 2 -4 4 -6 6 10 28 12 -11 21 -13 14 -15 18 19 17 -19 22 -21 -22 -23 -24 -25 25 -27 -28 -29 -30 -31
leaf_value=0.050478937515507839 -0.050442682784226471 -0.057694839265393975 0.036746121424939313 -0.059305883458740417 0.053025439777094757 -0.035674635749717486 -0.055233104553607651 0.0070580893672340696 0.089469926904649777 -0.0028131104892365499 -0.036476539516544379 -0.0087434410579306111 -0.040971084305834994 0.0051960719598570402 0.061006720699799913 -0.083539548846898404 -0.018575962349632734 0.026129803650468016 -0.0057514697835338129 -0.20539723338742386 0.024581039343069416 0.044863912646288223 0.02250244132052695 0.033520710922340512 -0.14528651230350151 -0.015105939483829168 0.019872813193191553 -0.013311470198313954 0.064470326951042031 0.007204880768436131
leaf_weight=47.049778248649091 58.493634580168873 18.633487892337143 33.582791686058044 12.097600530833004 13.932223348878322 73.409292673692107 8.0703837238252145 319.77950941957533 3.4028769899159661 96.112510925158858 8.2590058166533691 35.130126502364874 38.629321526736021 85.827194161713123 7.1787322312593451 4.1509504318237296 23.693061618134379 45.881915499456227 335.00400174036622 3.7041955292224884 7.392646547406911 39.778735339641571 33.20046841353178 41.504239171743393 3.0180547572672358 2.8023416548967361 57.920441219583154 49.816879915073514 6.1408722400665274 135.11244651302695
leaf_count=5578 7735 136 1904 87 373 914 55 2417 21 610 78 655 267 595 79 23 160 686 1958 23 51 1553 191 307 17 28 755 382 27 1010
internal_value=0.000442533 0.00231427 0.000845769 4.71153e-05 0.000998296 0.000495584 0.00151827 -0.000457118 -0.0037373 -0.0170434 0.0131826 -0.0257091 -0.000442785 2.25702e-06 -0.000891889 -0.0141739 -0.00555553 0.0109057 0.00204758 -0.141003 -0.0304413 0.0248628 -0.00320386 0.0122451 0.00628314 -0.0826086 0.0128406 -0.0222984 0.00813983 0.00991924
internal_weight=1648.71 1590.22 1543.17 1509.58 1455.82 1441.89 1379.97 1180.12 854.197 169.522 199.856 53.7636 684.675 93.8976 681.272 123.452 115.597 69.575 557.82 7.85515 46.022 105.958 368.204 189.616 148.112 5.8204 66.1794 61.9145 325.92 142.291
internal_count=28675 20940 15362 13458 12667 12294 11825 8789 6345 1524 3036 791 4821 650 4800 1210 1164 846 3590 46 318 2386 2149 1441 1134 45 833 469 2444 1089
is_linear=0
shrinkage=0.05


Tree=86
num_leaves=31
num_cat=0
split_feature=0 0 3 0 2 2 6 3 1 0 1 3 2 0 0 0 2 3 2 0 2 3 0 2 0 0 0 0 5 1
split_gain=59.5936 42.8924 16.6327 12.9086 14.3795 12.7729 12.1629 11.7904 10.8619 10.7161 15.1368 10.9822 14.268 11.176 9.9791 53.1022 21.4354 20.5492 12.2215 12.0347 10.9945 8.67285 9.62543 11.9117 9.13881 11.5163 10.8884 14.0866 8.26015 8.70772
threshold=-0.11767958478291825 -0.12505261219774624 0.92553812294634463 -0.12490008976973245 0.8366672136588561 -0.89277154926881397 -1.1983103348464328 0.16520100891014819 0.52358923536467616 -0.11910731526863995 -0.10852737766352673 0.56410781318263947 0.27180275085460687 -0.12428347073300573 -0.12428347073300573 -0.1243293748877002 0.10969996338137507 0.38016702408636832 0.46246499027735916 -0.12427482269585909 0.38665859902520561 -0.58097877616140992 -0.1219321436824016 -0.3334589793888092 -0.12349661481450104 -0.1230415398027052 -0.12421031900708213 -0.12422297308262405 1.5127183838202658 0.50669283705828627
decision_type=2 2 2 2 2 2 2 2 2 2 2 2 2 2 2 2 2 2 2 2 2 2 2 2 2 2 2 2 2 2
left_child=1 -1 3 8 5 -5 7 -7 -3 10 -8 14 13 -13 15 16 -12 18 -18 -16 -17 -21 23 -23 26 -26 27 -25 29 -24
right_child=-2 2 -4 4 -6 6 9 -9 -10 -11 11 12 -14 -15 19 20 17 -19 -20 21 -22 22 28 24 25 -27 -28 -29 -30 -31
leaf_value=0.05045556077301927 -0.050421848355583401 -0.052670618279264253 0.039765551373134041 -0.037104695874566579 0.052222407278778173 0.0025848726456724016 -0.016757063070071011 0.029549377189812587 -0.0064402513272843812 0.018062757771825616 -0.079944635750307483 -0.042455457334211737 0.037306349246113139 0.012624185021161872 0.0578039147090669 -0.086983402120261039 -0.041443293640027239 0.030170557679885662 -0.00016196564278845801 -0.035352035634033101 -0.20295781547004582 -0.038298541080443872 0.0067500613374007262 -0.0088996418435660554 -0.016827059148827647 0.00228228265705102 0.0084658295066912734 -0.13108733851202897 0.060996281241453613 0.067423438132476851
leaf_weight=44.775345608592033 55.66327755805105 20.392757883295417 26.920551626943052 22.204557994380593 13.577105533331631 97.543060077354312 146.64338235743344 69.372049180790782 33.704780451022089 72.635849434882402 9.0254554180428368 12.63862096890807 44.338844203390181 33.945098672062159 9.1887010028585774 4.8788165189325792 27.491200305521488 38.129581935703754 51.545576274394989 16.74372143484652 3.516556654125452 21.734149497002363 159.66814411059022 9.599789869040249 143.45941029861569 175.04355432651937 254.75079470127821 3.1272017369046798 8.0060013532638532 6.1409902870655051
leaf_count=5578 7735 156 1587 164 384 776 1271 591 676 554 53 162 1614 330 130 30 179 655 530 153 21 158 1062 64 848 1237 1860 40 49 28
internal_value=0.000425738 0.00221625 0.000810018 0.000115072 0.00100678 0.000524352 0.0011131 0.0137917 -0.0238674 -0.000576847 -0.0017246 0.000409451 0.0170043 -0.00231946 -0.00119221 -0.0137971 -0.00569625 2.31829e-05 -0.0145208 0.00090876 -0.135561 0.000253856 0.00101669 -0.00195088 -0.000602743 -0.00632491 0.006211 -0.0389229 0.0113923 0.00899719
internal_weight=1636.4 1580.74 1535.97 1509.05 1454.95 1441.37 1419.17 166.915 54.0975 1252.25 1179.62 1032.97 90.9226 46.5837 942.05 134.587 126.192 117.166 79.0368 807.462 8.39537 798.274 781.53 607.715 585.981 318.503 267.478 12.727 173.815 165.809
internal_count=28675 20940 15362 13775 12943 12559 12395 1367 832 11028 10474 9203 2106 492 7097 1468 1417 1364 709 5629 51 5499 5346 4207 4049 2085 1964 104 1139 1090
is_linear=0
shrinkage=0.05


Tree=87
num_leaves=31
num_cat=0
split_feature=0 0 3 2 0 5 5 3 0 4 0 0 6 5 6 0 3 0 2 3 0 3 6 3 6 5 5 0 0 6
split_gain=56.5433 40.891 15.6047 12.0851 13.5805 13.1414 13.9909 11.3976 13.9296 13.9574 9.53829 9.45823 7.86044 7.79379 7.61805 8.08648 7.47377 7.22186 8.63621 7.76292 6.99578 7.22679 7.66417 7.00123 6.78052 6.62545 7.17688 9.27427 6.48833 6.33545
threshold=-0.11767958478291825 -0.12505261219774624 0.92553812294634463 -0.25849664063232419 -0.12221003184646276 -1.1689506545039567 0.54943148304138356 0.098224033806202912 -0.12456062391840446 1.3027707221726224 -0.12495340216371589 -0.12499890658235149 -1.1983103348464328 -0.18693940218298508 -0.66167395217178171 -0.11846505852002982 -0.041520865014897441 -0.12248720951847065 0.28668267371600603 0.17320307939367727 -0.12154102685717748 -0.041520865014897441 -0.78991211064223665 -0.021376318482674139 -1.04615200102676 -0.68399463423635953 -0.51361669663100673 -0.12154102685717748 -0.12439059002867943 1.4230022139846259
decision_type=2 2 2 2 2 2 2 2 2 2 2 2 2 2 2 2 2 2 2 2 2 2 2 2 2 2 2 2 2 2
left_child=1 -1 3 4 28 14 7 8 -7 25 11 13 -12 -9 17 16 -16 -5 19 -19 23 -22 -23 -8 -25 -10 27 -27 -3 -26
right_child=-2 2 -4 5 -6 6 20 10 9 -11 12 -13 -14 -15 15 -17 -18 18 -20 -21 21 22 -24 24 29 26 -28 -29 -30 -31
leaf_value=0.050433327412322794 -0.050401980997594825 -0.087767927209033605 0.039207682916809421 0.019358852355155293 -0.0028779089098192531 -0.065293931198297919 -0.011300947176349137 -0.03516406012509575 -0.028595371207270917 0.038313932117956473 0.02401044140025705 -0.070595859753824333 0.00029411947392941353 0.04320945838489873 -0.01387817719407175 0.081419381846252026 0.014242234427357923 0.021527468053159641 0.14572579536345576 0.12281507149240312 0.011595406154655256 -0.018365390035743726 0.05851908447365195 0.032162332764713746 0.0027180799013123325 -0.0063853284214768699 -0.011651859922881059 0.057947909430673551 -0.027039437950852004 0.038983316728054086
leaf_weight=42.609929497819394 52.968892164994031 4.8043789854273191 25.962832999415696 30.689955568872392 130.13623661920428 11.66283414326608 53.824317339807749 8.0949134333059174 49.550792085006833 14.454374087974427 37.651502839289606 9.0993124656379223 484.69599112868309 5.2161622932180771 33.153482241556048 3.6835101209580889 82.243400006555021 8.5686234440654498 2.5680586174130431 2.4276570975780478 49.914982108399272 3.9039999395608929 19.096958920359612 27.301924795843661 163.59078572224826 15.110572934150698 178.28172712028027 8.9026219062507135 52.041439332067966 13.000076085329054
leaf_count=5578 7735 27 1587 268 999 94 437 84 415 115 385 64 5154 129 312 26 745 80 15 12 386 21 94 247 1541 113 1434 68 404 106
internal_value=0.000408685 0.0021205 0.00077468 0.000111084 -0.0117838 0.00180027 -7.95092e-05 -0.00357058 -0.0118093 -0.00946688 0.00063322 -0.0313085 0.00200362 -0.00445212 0.0150739 0.00849115 0.00616325 0.0327871 0.063169 0.0438888 0.0086074 0.0222808 0.0454693 0.00473879 0.00897301 -0.0122092 -0.00819552 0.0174655 -0.032172 0.00538782
internal_weight=1625.21 1572.24 1529.63 1503.67 186.982 1316.69 1153.35 822.721 277.963 266.3 544.758 22.4104 522.347 13.3111 163.335 119.08 115.397 44.2543 13.5643 10.9963 330.633 72.9159 23.001 257.717 203.893 251.846 202.295 24.0132 56.8458 176.591
internal_count=28675 20940 15362 13775 1430 12345 10887 8055 2239 2145 5816 277 5539 213 1458 1083 1057 375 107 92 2832 501 115 2331 1894 2030 1615 181 431 1647
is_linear=0
shrinkage=0.05


Tree=88
num_leaves=31
num_cat=0
split_feature=0 0 3 0 2 0 2 0 0 2 3 0 0 0 0 1 1 3 2 3 0 1 4 0 5 5 1 3 0 0
split_gain=53.6411 38.9908 14.7689 12.4393 12.7882 14.2694 11.1525 11.1735 60.0254 19.3 23.8091 14.2949 13.0526 12.6033 16.0622 12.3787 9.68414 9.4331 9.43145 11.1489 8.53628 7.57361 10.0147 10.2628 9.34629 8.10534 9.00041 8.68308 9.34447 9.91331
threshold=-0.11767958478291825 -0.12505261219774624 0.83118360888686149 -0.1248535143445945 0.59532601916349093 -0.12366423176055642 -0.89277154926881397 -0.12428347073300573 -0.1243293748877002 0.10083055858262817 0.38887515896050245 -0.12427482269585909 -0.12439089307418942 -0.12444456219808359 -0.12445319897079611 0.3021232329742039 0.52358923536467616 0.16520100891014819 0.39294152675914529 0.43131754395037447 -0.1246729743289999 -0.2798827827552976 0.97534026838863364 -0.12047613183662413 1.2562820355746294 -1.4326756533010154 0.3088553591775528 -0.051994018390322354 -0.12243348474258348 -0.12344073632799642
decision_type=2 2 2 2 2 2 2 2 2 2 2 2 2 2 2 2 2 2 2 2 2 2 2 2 2 2 2 2 2 2
left_child=1 -1 3 16 6 -6 -5 8 9 -8 12 -9 13 14 -11 20 -3 -10 -18 -20 -12 -13 24 -24 25 -23 27 -27 29 -29
right_child=-2 2 -4 4 5 -7 7 11 17 10 15 21 -14 -15 -16 -17 18 -19 19 -21 -22 22 23 -25 -26 26 -28 28 -30 -31
leaf_value=0.050412181307582161 -0.050383034896106585 -0.046264516803468235 0.029808980998492801 -0.035797314295436193 0.030480217125320699 -0.015669995780697058 -0.051629870470549247 0.057893865239086233 -0.065704243469999132 -0.029916139612436554 -0.081530296386267201 -0.011853981928349966 0.030481215768723605 -0.099099126826911424 0.070626663495342204 0.041338173203514128 -0.053853308311780881 -0.16858244547372969 -0.016179282116944187 0.045688063687195288 0.009086708176287971 0.016876407019821276 0.0083325311561791449 0.042259624012710981 0.018765423548794673 -0.019013957378404663 0.0034534955906794992 0.0010661050741633175 0.0089380250397249877 -0.022038626839953349
leaf_weight=40.548392015509307 50.404038276523352 24.578113831579685 42.466467572376132 21.832751236855984 67.934428055770695 22.230192814022303 18.501647085882723 11.273280927911399 3.4332028254866582 40.171518038958311 3.4407420158386222 99.72209876216948 11.339967411011456 5.6731089390814295 4.408204646781086 40.653936045244336 8.2852164432406408 6.3481509014964104 20.242090095765892 11.373527051880954 10.622103916481135 60.166212669573724 117.96504213660955 27.483172979205847 65.756695341318846 113.92874391749501 372.5449653333053 101.24587567895651 108.11644138023257 85.741673707962036
leaf_count=5578 7735 185 2263 162 1392 130 131 173 21 296 21 914 86 40 36 1044 59 40 281 444 91 458 844 172 431 1224 2410 650 688 676
internal_value=0.000388002 0.00202003 0.000735414 -9.59941e-05 0.000878963 0.0191018 -0.000356076 0.000235256 -0.0128736 -0.00419599 0.00334943 0.00186372 -0.0179726 -0.0289066 -0.0199741 0.0273509 -0.0215752 -0.132473 -0.00636714 0.00607712 -0.0130845 0.00131574 0.00256301 0.0147432 0.000610848 -0.00080738 -0.00216869 -0.00728934 -0.0027629 -0.00952839
internal_weight=1618.43 1568.03 1527.48 1485.01 1420.53 90.1646 1330.37 1308.54 144.593 134.811 116.31 1163.94 61.5928 50.2528 44.5797 54.7168 64.4789 9.78135 39.9008 31.6156 14.0628 1152.67 1052.95 145.448 907.501 841.744 781.578 409.033 295.104 186.988
internal_count=28675 20940 15362 13099 12130 1522 10608 10446 1806 1745 1614 8640 458 372 332 1156 969 61 784 725 112 8467 7553 1016 6537 6106 5648 3238 2014 1326
is_linear=0
shrinkage=0.05


Tree=89
num_leaves=31
num_cat=0
split_feature=0 0 3 2 0 6 0 2 3 0 0 3 2 0 3 0 0 2 3 0 0 0 0 4 2 3 0 0 0 0
split_gain=50.906 37.1642 13.9314 10.7667 17.7502 12.4231 10.0175 11.8848 10.9794 12.7115 10.3694 10.3938 13.4069 9.83588 7.90223 7.88354 20.7626 7.61486 7.41464 8.97677 7.03323 10.795 10.0319 11.3061 9.26694 7.86099 7.00591 15.4068 12.1528 7.44716
threshold=-0.11767958478291825 -0.12505261219774624 0.92553812294634463 -0.076240358027531555 -0.12428347073300573 -1.1983103348464328 -0.12490008976973245 0.8366672136588561 0.48869333039222784 -0.12371189516054157 -0.12416709459611944 0.32136522299104581 0.43103867261043877 -0.118295324417784 0.16520100891014819 -0.1243293748877002 -0.12428347073300573 -0.89277154926881397 0.040805908494046306 -0.12248720951847065 -0.12114991654801498 -0.12344073632799642 -0.12321127827020324 0.29507861394619478 0.14392569395431162 -0.49671582492622862 -0.12494518186924926 -0.12495340216371589 -0.12499890658235149 -0.12500751515386599
decision_type=2 2 2 2 2 2 2 2 2 2 2 2 2 2 2 2 2 2 2 2 2 2 2 2 2 2 2 2 2 2
left_child=1 -1 3 4 -3 14 26 8 10 -10 11 12 -8 17 -5 -13 -17 -6 -19 -20 21 -12 -23 -24 -25 -22 27 28 29 -7
right_child=-2 2 -4 5 13 6 7 -9 9 -11 20 15 -14 -15 -16 16 -18 18 19 -21 25 22 23 24 -26 -27 -28 -29 -30 -31
leaf_value=0.050392068847044003 -0.050364968792859982 -0.063801276164169279 0.03819800588668134 0.0066278438556264148 -0.039746066726827387 -0.019911383748619827 -0.051368352204374523 0.050799318194397647 0.024737723613526448 -0.0077712798465146161 0.0072945880449542247 0.015469056693617773 -0.010413030228917654 0.024233076581090519 0.033390751275732662 -0.13440981687064354 2.0620231913180763e-05 -0.015817050178683355 -0.011909991702934747 0.012070783828705405 -0.015610214957730923 -0.023684527562281073 -0.0097946944728412935 -0.011980899905984409 0.021770430737520011 0.018264379511068223 -0.061471297921727598 0.060751250511557719 -0.068103826052549971 0.051937172506535789
leaf_weight=38.585829097311944 47.962568214163184 13.622737648896871 24.375986283645034 64.195162000134587 17.872690228745341 15.696579922921956 29.21893347427249 12.176390482112764 92.977297967299819 44.443089110776782 244.83092900179327 42.012552432715893 63.213073769584298 25.547440938651562 48.359928561374545 3.4387542679905918 17.436208510771394 112.92714460752904 72.587146112695336 84.398151457309723 20.624395981431007 67.824426243081689 173.73899623006582 29.160064607858658 67.2173544857651 100.98270804807544 9.0539575265720469 6.0312508782371905 11.271934720687566 4.682447257451714
leaf_count=5578 7735 99 1587 467 138 88 184 356 2469 241 1631 598 535 191 549 17 158 1144 475 478 178 422 1327 279 425 672 76 252 84 242
internal_value=0.000371614 0.00193302 0.000702801 9.16625e-05 -0.00792879 0.00233568 0.000652627 0.00170055 0.00110098 0.014224 -0.000996702 -0.0126907 -0.0233595 -0.00549962 0.0181267 0.00299029 -0.0221242 -0.00813907 -0.00604616 0.000982509 0.00158189 -0.000700415 -0.00649262 -0.00217585 0.0115586 0.0125193 -0.0219779 -0.0124887 -0.026445 -0.00340289
internal_weight=1606.47 1558.5 1519.92 1495.54 326.955 1168.59 1056.03 1009.3 997.119 137.42 859.698 155.32 92.432 313.333 112.555 62.8875 20.875 287.785 269.912 156.985 704.379 582.772 337.941 270.116 96.3774 121.607 46.7362 37.6822 31.651 20.379
internal_count=28675 20940 15362 13775 2525 11250 10234 9492 9136 2710 6426 1492 719 2426 1016 773 175 2235 2097 953 4934 4084 2453 2031 704 850 742 666 414 330
is_linear=0
shrinkage=0.05


Tree=90
num_leaves=31
num_cat=0
split_feature=0 0 2 0 1 0 0 6 1 0 0 0 0 1 1 1 6 0 6 1 0 6 2 0 2 4 0 4 6 0
split_gain=48.6492 36.2936 14.9587 20.1614 11.7281 12.9765 13.1143 12.5051 10.3288 9.60446 12.5102 21.5127 18.1674 15.3222 12.6094 12.021 9.92983 8.63426 8.38396 8.20356 9.77929 8.14116 8.08645 8.06753 7.59423 7.20992 9.25982 7.42352 6.91162 6.79969
threshold=-0.11767958478291825 -0.12505261219774624 0.34804166789022323 -0.12456062391840446 0.36031840116212749 -0.12361908512234852 -0.12495340216371589 -0.27821724278874843 -0.011185710765596451 -0.12199494011467023 -0.12344073632799642 -0.12378286680229571 -0.12383185522267347 0.45045422494087922 0.41458895275485247 0.47071041658279694 -1.3334021993112555 -0.12499890658235149 0.81095789099565629 0.56357336605773078 -0.12391856860914489 1.028401803562955 0.52542196119652729 -0.12500751515386599 -0.38058893424646673 -1.2288280107440126 -0.12281853389314025 0.1593763676077386 -0.27821724278874843 -0.12165124603964213
decision_type=2 2 2 2 2 2 2 2 2 2 2 2 2 2 2 2 2 2 2 2 2 2 2 2 2 2 2 2 2 2
left_child=1 -1 3 -3 7 6 17 -4 29 10 11 12 16 24 -14 -13 -10 23 22 20 -18 -15 -7 -6 -12 -26 -27 -28 -17 -5
right_child=-2 2 4 8 5 18 -8 -9 9 -11 13 15 14 21 -16 28 19 -19 -20 -21 -22 -23 -24 -25 25 26 27 -29 -30 -31
leaf_value=0.050398947838675191 -0.050340813113415164 -0.039891731620690457 0.014935678728791396 -0.024246946003739837 -0.016723878312698278 0.014195122713867935 0.025207443796831874 -0.0082225615101730216 0.029971379954568628 0.0097743166785412491 -0.055538026014769232 0.031678857917250204 -0.16620784660612806 0.016276479587825406 -0.016434635072195166 -0.057036145184412801 -0.020509369170015074 -0.055090514015641412 -0.051603992040635628 0.028148909486588037 0.018645308288513497 -0.029264656949946007 -0.028633653659730696 0.053012366744305331 0.01483812053404715 -0.031374748026097563 -0.022328830341503569 0.0096921585618268864 0.012252409584424133 -0.0053876601081343537
leaf_weight=37.274820413906127 46.326520660426468 36.118337844498456 88.107759897597134 68.827089253813028 12.430274940095844 37.850280664861202 182.64892535144463 172.26711471565068 19.460733335465193 221.50647805072367 12.80548603646457 79.523290358483791 2.94513982720673 60.371258959174156 2.6877766875550151 6.3178389603272072 85.975600237026811 8.1715639131143707 8.5501902997493726 13.498834848403929 19.578524956479669 11.718182489275931 15.548507902771233 6.2238215776160351 17.438140207901597 75.733307423070073 36.309322552755475 36.091593792662024 8.3637602878734452 156.40337999351323
leaf_count=5611 7859 437 615 734 73 172 4715 1258 160 1364 116 506 16 278 28 52 850 67 40 209 132 53 74 413 117 608 336 275 73 1484
internal_value=0.00014393 0.00166188 0.00045357 -0.00323605 0.00719506 0.0144676 0.0204129 -0.000386089 -0.00182092 0.0011374 -0.00277638 0.00542327 -0.00672019 -0.0105794 -0.0947427 0.0240045 -0.00314059 -0.0122315 -0.00563601 -0.00855317 -0.0132468 0.00887374 0.00172436 0.00654318 -0.0184412 -0.0155721 -0.0191519 -0.00636648 -0.0175641 -0.0111508
internal_weight=1587.07 1540.75 1503.47 971.674 531.798 271.424 209.475 260.375 935.556 710.325 488.819 238.351 144.147 250.467 5.63292 94.2049 138.514 26.8257 61.949 119.053 105.554 72.0894 53.3988 18.6541 178.378 165.572 148.134 72.4009 14.6816 225.23
internal_count=28725 20866 15255 7828 7427 5554 5268 1873 7391 5173 3809 2026 1395 1783 44 631 1351 553 286 1191 982 331 246 486 1452 1336 1219 611 125 2218
is_linear=0
shrinkage=0.05


Tree=91
num_leaves=31
num_cat=0
split_feature=3 0 2 0 3 0 3 0 6 0 2 3 5 6 5 0 0 2 3 0 2 6 0 2 4 2 5 3 0 2
split_gain=47.5673 32.9304 12.1305 20.2567 12.6422 13.7137 11.398 14.9844 13.1671 11.3116 11.2101 10.8654 10.5854 9.42919 8.33758 8.52741 11.3796 16.3914 16.2661 15.0821 17.061 13.1883 12.2401 9.95309 8.73918 7.60265 7.44533 7.2766 7.15318 7.11098
threshold=-0.40013682780356091 -0.12505261219774624 0.15305905012789597 -0.12428347073300573 0.78594260636694713 -0.12360446526856979 0.29914924664940667 -0.1219321436824016 -1.8706144770484638 -0.12237117513233074 0.52542196119652729 -0.75225362831118714 1.5863438819732469 -1.2289041735184933 2.0254933035218827 -0.12473035782465937 -0.12366423176055642 0.67334004371171596 -0.031627800985400842 -0.12378286680229571 0.37058810864007913 1.2007943611430079 -0.12383185522267347 0.68883038578108813 0.27578974231334602 0.51775234111411594 -1.9697677455685771 0.38016702408636832 -0.12366423176055642 0.93078650647770267
decision_type=2 2 2 2 2 2 2 2 2 2 2 2 2 2 2 2 2 2 2 2 2 2 2 2 2 2 2 2 2 2
left_child=11 -2 3 -3 9 -6 7 8 -5 13 -11 -1 -9 -4 15 29 17 18 -17 20 21 22 -20 24 -18 -13 -10 -26 -27 -15
right_child=1 2 4 6 5 -7 -8 12 26 10 -12 25 -14 14 -16 16 23 -19 19 -21 -22 -23 -24 -25 27 28 -28 -29 -30 -31
leaf_value=-0.047549888947272828 0.050379650133637412 -0.042867064454607237 0.021789123613728003 0.030789527214533222 0.041441323405301184 -0.089298770888810164 0.0093145573843828721 -0.0020054667614066799 0.059194851793796459 0.022065848014815651 -0.066579132802626353 -0.022157837585635404 0.044224116736595535 -0.020686112418356457 0.0362576136096113 -0.031899320956047569 -0.011559973586137666 0.046819848774357548 -0.014807110436752034 0.038649567492016645 0.015492354589067914 0.041096991238261181 -0.10502571534283336 -0.078251028663193611 0.017711694606076338 -0.021076162526415105 -0.028268910311428686 -0.014760549932495884 0.079861709750883192 0.052098201122443927
leaf_weight=47.242236729711294 35.470145847648382 31.899813771247864 54.135423343628645 11.122849391773341 34.851574736647308 2.1282334253191939 159.30152436997741 224.25942246429622 2.4894057800993314 104.97149252099916 3.6919417455792418 81.050634466577321 13.106177434790878 67.871712576597929 15.54727122094482 27.933061061426997 172.22239099442959 24.671505746431649 81.060106102377176 35.261716660112143 126.2926640631631 10.230721983127294 3.9423519745469084 4.7405462935566893 58.752510204911232 3.3372401837259531 107.65818572416902 24.424113042652607 3.7025927342474452 3.5303347911685696
leaf_count=5811 5611 344 558 72 2257 11 1060 2312 32 671 25 2253 132 996 121 161 1032 539 728 303 1807 83 26 28 359 26 1021 123 22 201
internal_value=0.000138593 0.00279936 0.0015991 -0.00419636 0.00532058 0.0339171 -0.00181463 -0.00675807 -0.0210567 0.00402983 0.0190541 -0.0282039 0.000547107 0.00173241 7.84674e-05 -0.000799138 0.00124292 0.00772363 0.00433587 0.0082775 0.00344298 -0.0125362 -0.0189914 -0.00646478 -0.00513233 -0.0178288 -0.0262922 0.00817649 0.032012 -0.0170874
internal_weight=1576.9 1441.57 1406.1 549.837 856.26 36.9798 517.938 358.636 121.27 819.28 108.663 135.333 237.366 710.616 656.481 640.934 569.532 309.392 284.721 256.788 221.526 95.2332 85.0025 260.14 255.399 88.0905 110.148 83.1766 7.03983 71.402
internal_count=28725 20613 15002 4973 10029 2268 4629 3569 1125 7761 696 8112 2444 7065 6507 6386 5189 3647 3108 2947 2644 837 754 1542 1514 2301 1053 482 48 1197
is_linear=0
shrinkage=0.05


Tree=92
num_leaves=31
num_cat=0
split_feature=3 1 1 3 1 5 5 6 1 6 4 4 5 2 6 2 3 6 2 2 2 6 2 6 1 2 4 4 4 6
split_gain=43.9006 30.411 13.25 16.8379 12.1976 10.3803 9.25836 8.83712 7.4901 7.34403 7.72097 10.3696 10.1592 6.60602 6.57549 7.89239 7.74695 6.07547 6.34822 6.04638 5.68924 6.07278 5.63436 5.84634 5.58194 5.55493 5.47034 5.35971 5.33241 4.93048
threshold=-0.40013682780356091 0.83027185600892395 0.27044015663706339 0.68107391235645431 -0.032677564744921846 0.6443785721579961 -0.55826159387493257 1.7328490249953477 -0.89626124994611789 -1.2289041735184933 -0.16904898345164687 -0.34886625841222646 1.6732410198306311 0.22507828056929374 -0.69758318581745671 0.47257886148614997 -0.33519164242231175 -2.2492539821019579 0.51775234111411594 0.65590572404562397 0.54248225842426712 0.72942920970913649 -0.096595072569092971 -1.8217536132092211 0.2320125048613165 -0.36483332456720019 -0.54027745000618321 1.6281608025163641 2.6309335419350997 -1.6821058940583076
decision_type=2 2 2 2 2 2 2 2 2 2 2 2 2 2 2 2 2 2 2 2 2 2 2 2 2 2 2 2 2 2
left_child=4 2 5 9 -1 6 14 28 -7 22 11 12 -11 -5 15 16 -2 -6 27 -20 21 -13 23 -4 -16 -10 -9 -19 -8 -27
right_child=1 -3 3 13 17 8 7 26 25 10 -12 20 -14 -15 24 -17 -18 18 19 -21 -22 -23 -24 -25 -26 29 -28 -29 -30 -31
leaf_value=-0.043793063337721788 0.12551155608921014 0.045449116555221575 -0.029994746258519941 0.0042389442075682557 0.048591621363283377 -0.064071347170079909 -0.015322763800511256 0.11023332108590099 -0.020517219343513523 -0.0022541520044651029 0.0059534027761531929 -0.023548830253976395 0.071465800045397057 0.043879498207624684 -0.0071368259980451728 0.066326846230892147 0.0045372453112328187 -0.025227835690274172 0.075391250244973063 -0.018624938451355953 0.018888599166242998 -0.07074692214817227 0.026839619828276769 0.020240775678906985 0.024727430819589741 0.061673068793971587 -0.0043164184384357563 0.045531572179031608 0.044784100493909268 0.0095709544438149097
leaf_weight=61.179563433863223 1.3671659482642997 40.382450609467924 10.53036952763796 14.397169531323014 3.7503994428552678 3.6480668061412862 269.09744593221694 2.3082859693095088 15.215234679169951 137.32326142117381 402.99773687077686 30.006208895239979 4.8380202841944984 38.925943078007549 155.01693946635351 6.8227283703163257 41.320688005071133 57.766448340378702 3.4554728567600241 3.3857725989073515 5.7832582835108033 8.8180070500820857 56.121225244365633 12.870177165605126 15.081266453489659 4.680229229386895 1.9002245306037355 2.8061688640154889 3.7412045439705244 152.25850596372038
leaf_count=7361 29 4523 54 328 43 67 2513 24 208 1062 3914 201 44 3664 1401 47 373 633 18 27 124 59 519 62 110 42 25 30 32 1188
internal_value=0.000133375 0.00267387 0.00143567 0.00613634 -0.0274218 -0.00361559 -0.00731155 -0.0133895 0.00682582 0.00398201 0.00205877 -0.00634482 0.000254679 0.0331766 0.000356085 0.0163926 0.0084117 -0.0133475 -0.0167933 0.0288621 -0.027377 -0.0342688 0.0182456 -0.00236547 -0.00431167 0.00832818 0.0585119 -0.0219497 -0.0144986 0.0111247
internal_weight=1567.8 1435.45 1395.07 722.611 132.344 672.458 496.656 277.047 175.802 669.288 589.766 186.769 142.161 53.3231 219.609 49.5106 42.6879 71.1643 67.4139 6.84125 44.6075 38.8242 79.5218 23.4005 170.098 172.154 4.20851 60.5726 272.839 156.939
internal_count=28725 20613 16090 10031 8112 6059 4554 2594 1505 6039 5404 1490 1106 3992 1960 449 402 751 708 45 384 260 635 116 1511 1438 49 663 2545 1230
is_linear=0
shrinkage=0.05


Tree=93
num_leaves=31
num_cat=0
split_feature=3 1 1 3 2 5 1 6 3 6 5 4 4 2 4 6 5 2 6 1 3 3 3 2 4 1 2 3 4 4
split_gain=41.3432 30.6081 13.9198 16.7198 8.93844 9.51325 12.0067 8.81149 7.96853 7.11745 7.21895 7.62162 9.92314 6.93764 6.38951 6.0247 8.55504 5.26963 5.25928 4.98781 4.97433 4.9253 5.14626 4.73499 6.12421 4.63444 5.71037 4.4773 4.46905 4.46606
threshold=-0.65512249277248635 0.83027185600892395 0.2634425011689816 0.68107391235645431 0.12752149920897707 1.1312423036900761 -0.31351109183812592 0.16742127218569403 0.34578688321047818 -1.2289041735184933 2.4614512104335282 -0.16904898345164687 -0.34886625841222646 0.22507828056929374 -2.5388128501283975 -0.66997185987102914 -1.1874750965186722 -0.89277154926881397 0.72942920970913649 -0.72740395795494595 -0.15793564955076031 0.26976800279385288 -0.051994018390322354 -0.83626086074583106 1.4997903422160086 0.19984288645947426 0.37551289529521686 -0.22418389851723483 1.6281608025163641 -0.12805163914365317
decision_type=2 2 2 2 2 2 2 2 2 2 2 2 2 2 2 2 2 2 2 2 2 2 2 2 2 2 2 2 2 2
left_child=-1 2 4 9 5 8 -7 29 -2 17 11 12 14 -5 -11 16 20 -4 21 -17 -6 22 -14 -13 27 26 -18 -25 -26 -8
right_child=1 -3 3 13 15 6 7 -9 -10 10 -12 23 18 -15 -16 19 25 -19 -20 -21 -22 -23 -24 24 28 -27 -28 -29 -30 -31
leaf_value=-0.041174735361142939 -0.018565611722945016 0.045250018007578309 -0.066382775608029743 0.0033916728834566378 0.096490832493218923 -0.034521297970735741 0.090477050879535503 -0.0080149968126734077 0.0022569258559780596 0.071679189235016191 0.089688782951799592 -0.062209133756378578 0.010180588726944211 0.043748960524034375 -0.0022240590589553016 -0.043449409308401375 -0.0019566008535614929 0.018595109716644111 -0.057666315080750513 -0.0013675931753404835 0.030614611803735776 0.0021356280443307596 -0.048762120181670025 -0.014540794062481139 0.071459880050415966 -0.021144311930285438 0.036853263910410404 0.0054484052531808547 0.017491992329800175 0.033387158756488976
leaf_weight=58.32541429111734 217.25655558612198 39.345363157335669 1.8650133311748494 14.811579047702251 3.6709485808387425 11.118992675095795 4.2743052556179455 12.530957132577894 58.269384890794754 2.9840342067182055 2.3047453095205119 2.6185496784746638 4.8797257170081165 37.891680729109794 147.07998068584129 7.2099919915199271 25.207379027735442 83.673504230100662 10.775764958001671 301.20242555532604 13.06223054975271 16.697463248390704 15.358484978787599 30.293136534281075 5.4398150159977403 13.562031663022934 15.189303553663192 372.23955122753978 13.011497762054203 17.254199838731441
leaf_count=6393 3655 4530 8 332 27 290 39 113 343 21 21 15 28 3675 1134 67 207 670 81 2332 85 203 88 178 36 98 104 3720 91 141
internal_value=0.000126729 0.00173153 0.000560141 0.00523627 -0.00453104 -0.0106749 0.0105917 0.0253192 -0.014162 0.00321717 0.00136218 0.00103457 -0.0070696 0.0324071 -0.000754487 0.000666335 0.0138319 0.0167423 -0.0269322 -0.00235137 0.0450666 -0.0179657 -0.0345502 0.00481832 0.00523524 0.00414567 0.0126361 0.00394409 0.0334028 0.0447219
internal_weight=1559.4 1501.08 1461.73 761.925 699.809 320.704 45.1785 34.0595 275.526 709.221 623.683 621.378 197.775 52.7033 150.064 379.104 70.6919 85.5385 47.7114 308.412 16.7332 36.9357 20.2382 423.603 420.984 53.9587 40.3967 402.533 18.4513 21.5285
internal_count=28725 22332 17802 10301 7501 4581 583 293 3998 6294 5616 5595 1555 4007 1155 2920 521 678 400 2399 112 319 116 4040 4025 409 311 3898 127 180
is_linear=0
shrinkage=0.05


Tree=94
num_leaves=31
num_cat=0
split_feature=0 0 1 0 2 0 0 0 0 1 0 6 1 0 0 0 0 1 1 6 0 0 0 0 1 1 2 6 2 0
split_gain=41.2456 30.5032 11.48 10.6973 11.9767 12.5866 11.1989 18.2172 12.9828 10.188 14.7582 9.49477 8.58387 9.30501 13.1371 17.7745 14.5674 12.5261 10.4849 8.54314 8.19468 11.3926 8.02503 7.91162 10.6565 7.76577 7.34209 8.33778 7.06912 6.79362
threshold=-0.11767958478291825 -0.12505261219774624 0.83027185600892395 -0.12490008976973245 0.34804166789022323 -0.12439089307418942 -0.12494518186924926 -0.12495340216371589 -0.12499890658235149 0.36031840116212749 -0.12361908512234852 -0.27821724278874843 -0.011185710765596451 -0.12199494011467023 -0.12344073632799642 -0.12378286680229571 -0.12383185522267347 0.45045422494087922 0.47071041658279694 -1.3334021993112555 -0.12444456219808359 -0.12445319897079611 -0.12438225258783085 -0.12391856860914489 0.56357336605773078 0.39303790757652096 0.3604236709571626 0.81095789099565629 -0.38058893424646673 -0.12288165824017697
decision_type=2 2 2 2 2 2 2 2 2 2 2 2 2 2 2 2 2 2 2 2 2 2 2 2 2 2 2 2 2 2
left_child=1 -1 3 6 5 20 7 8 -3 11 -11 -6 -7 14 15 16 19 28 -17 -14 21 -5 -21 24 -24 -18 -12 -28 -16 -30
right_child=-2 2 -4 4 9 12 -8 -9 -10 10 26 -13 13 -15 17 18 25 -19 -20 22 -22 -23 23 -25 -26 -27 27 -29 29 -31
leaf_value=0.050342786994788551 -0.050307591274510746 -0.0023779917500821061 0.039822501495875309 -0.029230092234793364 0.01403648844401461 -0.009821766167972229 -0.073576226070574707 0.060359495346786231 -0.066514448595480599 0.023330079203259 0.055466261531566745 -0.0065549069607604609 0.033543617683725803 0.01000364138665755 -0.054112505425072267 0.030368064456086082 -0.13904769221706811 0.0074378353143257168 -0.016429140754261669 0.056110463169498186 -0.090211232715682987 0.066840193189655603 -0.023436710272445645 0.017335239839993105 0.042943938917378889 -0.024573033113796751 -0.0028568325444304743 -0.058576460383212403 -0.025317388459224086 -0.0049030545673340448
leaf_weight=31.227011157665402 39.515354125294834 20.220792730338868 18.245923825073987 36.199200894683599 84.391273689456284 220.37238151580095 8.9504553917795402 7.1957628587260833 12.939506977796556 156.24877655738965 4.562216915190219 166.30258712358773 14.729588712565599 219.53322870843112 12.288558281026779 77.731582087464631 2.9941079169511786 70.292089361697435 14.147621696814893 4.7706714272499076 4.8012850135564795 3.3734963564202181 69.895453546196222 20.420365203171968 6.6185712348669758 2.9325902257114649 49.257224150002003 7.7734266668558112 79.01020123809576 84.169079672545195
leaf_count=5611 7859 383 784 413 584 2214 81 435 104 3804 22 1213 117 1361 116 506 15 319 118 168 35 56 552 141 89 27 226 36 626 710
internal_value=0.000120494 0.00143876 0.000407173 -8.46934e-05 0.000714265 -0.00252851 -0.0229778 -0.0117558 -0.0274047 0.00724971 0.0151591 0.000376791 -0.00124665 0.00153425 -0.00250773 0.00654221 -0.00593748 -0.010397 0.0231622 -0.0020452 -0.0285246 -0.0210403 -0.0071994 -0.0103152 -0.0176947 -0.0824045 -0.00556899 -0.0104516 -0.0175416 -0.0147875
internal_weight=1551.11 1511.6 1480.37 1462.12 1412.82 944.28 49.3065 40.3561 33.1603 468.536 217.842 250.694 899.906 679.534 460 214.241 122.361 245.76 91.8792 116.435 44.374 39.5727 101.705 96.9344 76.514 5.9267 61.5929 57.0307 175.468 163.179
internal_count=28725 20866 15255 14471 13468 7583 1003 922 487 5885 4088 1797 7079 4865 3504 1733 1109 1771 624 1067 504 469 950 782 641 42 284 262 1452 1336
is_linear=0
shrinkage=0.05


Tree=95
num_leaves=31
num_cat=0
split_feature=0 1 2 0 3 0 2 3 1 1 0 1 6 0 0 0 0 4 6 4 2 3 1 2 3 3 3 2 0 0
split_gain=40.1508 30.9811 12.8591 12.2392 10.5063 16.4281 13.7015 10.2349 10.9253 9.24053 8.91352 10.7773 9.79264 9.07201 8.34784 12.1471 8.45854 8.21811 8.84125 8.03086 7.85504 7.54992 7.64215 7.39863 7.00744 6.95227 6.74565 6.64575 6.73882 6.49248
threshold=-0.11767958478291825 0.70305074913908006 -0.076240358027531555 -0.12411122262567646 0.83118360888686149 -0.12461434140906701 0.44345652701599175 0.068882090939282895 0.43573896005983176 -0.86896421230920595 -0.118295324417784 0.10367389739725485 -0.66997185987102914 -0.12243348474258348 -0.12460981222802275 -0.12456062391840446 -0.12455199209005537 0.060892464315778091 -1.4463626325592436 -2.5388128501283975 -0.50945933690026524 -0.59757962229802619 0.37884454745708868 0.3604236709571626 0.26100837060484372 0.10774811314357652 0.45354986136135339 0.7132991552941913 -0.12473035782465937 -0.12103816609106738
decision_type=2 2 2 2 2 2 2 2 2 2 2 2 2 2 2 2 2 2 2 2 2 2 2 2 2 2 2 2 2 2
left_child=1 2 3 -1 5 6 -4 -8 -9 -7 11 25 20 19 -11 -16 -17 18 23 -13 -12 -15 -23 -18 -3 -5 27 28 -10 -27
right_child=-2 24 4 10 -6 9 7 8 26 14 12 13 -14 21 15 16 17 -19 -20 -21 -22 22 -24 -25 -26 29 -28 -29 -30 -31
leaf_value=-0.054355742815155067 -0.050298799041773284 0.0099524453428628742 -0.044852808959406236 -0.0321410146408894 0.031840318222794074 -0.054955388334422199 -0.057374516715567064 -0.02497229357938054 -0.028953128266788176 0.058190707479678611 -0.0035440403649754926 0.071541904830309408 -0.00065958854384173717 -0.064595466893270462 -0.061155337800801506 0.059497140114475815 0.013309982587027428 0.0089835492340976635 -0.0018134058783353107 -0.01954048469578536 0.095702054859927999 0.0018951725354634638 0.032997422442446675 0.07486181129146334 0.044026593136767649 -0.024526278912733037 0.043148787491089302 0.049220516771731775 0.048268474302102016 0.014645044272526588
leaf_weight=13.983780839480458 37.65093581750989 21.457320671062917 30.917423968203366 63.377016609534621 30.400766223669052 6.6032802015542975 8.2437710464000684 23.652398094534874 14.386641230899844 7.1577430251054457 2.9600416980683804 2.5197685584425917 17.599098611623049 3.4401728995144358 7.1022747978568068 6.9343983517028382 22.141289637424055 454.30110078118742 488.2022393476218 61.184358364902437 6.1070691123604792 69.129801064729691 27.649653568863869 6.2631482575088731 50.836298402864486 22.355370888486505 15.913352154660968 5.4614848750643423 3.5155443772673616 20.079676672816277
leaf_count=113 7862 421 311 860 2223 58 54 281 124 193 21 18 137 31 56 179 167 3480 3946 414 39 408 122 45 5769 180 801 149 58 102
internal_value=0.00070406 0.00197253 0.000370748 -0.00864443 0.0028444 0.00204361 -0.0170609 -0.0049882 0.00187442 0.00399654 -0.00648784 -0.00921409 0.0210889 -0.00118435 0.00438891 0.00399792 0.00447115 0.00407814 -0.000235649 -0.0159378 0.0633023 0.00819361 0.010781 0.0268821 0.0339131 -0.0216537 0.0180414 0.000940298 -0.0137887 -0.00599095
internal_weight=1551.53 1513.88 1441.58 310.386 1131.2 1100.8 102.091 71.1732 62.9294 998.705 296.402 269.736 26.6662 163.924 992.102 984.944 977.842 970.908 516.607 63.7041 9.06711 100.22 96.7795 28.4044 72.2936 105.812 39.277 23.3637 17.9022 42.435
internal_count=28622 20760 14570 2445 12125 9902 1778 1467 1413 8124 2332 2135 197 993 8066 7873 7817 7638 4158 432 60 561 530 212 6190 1142 1132 331 182 282
is_linear=0
shrinkage=0.05


Tree=96
num_leaves=31
num_cat=0
split_feature=0 1 3 0 3 3 5 5 0 1 1 4 3 1 1 1 1 0 3 1 5 5 0 5 6 0 0 0 0 0
split_gain=38.0932 28.9731 12.2783 10.1559 12.7405 10.3421 10.0181 10.5307 8.55738 11.4601 10.2778 8.4092 7.94358 11.6625 9.06554 8.40651 7.80954 7.03533 9.03621 7.0208 6.9258 6.74726 6.4216 6.04097 5.83597 5.8068 30.5242 10.9022 40.9702 6.6681
threshold=-0.11767958478291825 0.63129917358161824 0.47475717087561692 -0.12461434140906701 0.89674986310408888 -0.072777839426995131 1.0884351862809141 -0.52384220588617669 -0.12092642215018143 0.18346413157836308 0.31444063373428727 -0.67006305317708581 0.22053077857917189 0.60081403784769793 0.11158137081309864 0.568700555771261 0.42346894257763756 -0.12428347073300573 -0.031627800985400842 0.45045422494087922 -1.6941088346325983 2.0254933035218827 -0.1219321436824016 -2.4475189711235612 -1.4818136570147111 -0.12444456219808359 -0.12439089307418942 -0.1243293748877002 -0.12428347073300573 -0.12427482269585909
decision_type=2 2 2 2 2 2 2 2 2 2 2 2 2 2 2 2 2 2 2 2 2 2 2 2 2 2 2 2 2 2
left_child=1 3 17 4 16 8 7 19 10 -10 -5 21 13 14 -9 22 20 18 -3 23 -1 -8 25 -7 -24 -14 -27 -28 -29 -30
right_child=-2 2 -4 5 -6 6 11 12 9 -11 -12 -13 15 -15 -16 -17 -18 -19 -20 -21 -22 -23 24 -25 -26 26 27 28 29 -31
leaf_value=0.026005063017059207 -0.050284911603338617 -0.042365340146902936 0.045338370753787945 -0.029110011014411907 0.031634448395856572 0.048192255021385938 -0.021858036395734783 -0.023708449828064103 -0.006872501027958472 0.023353728832075676 -0.002797417125181553 0.0269170598261145 0.023896717363533389 -0.096984317393638012 -0.0016218999068995988 0.044585977385089459 -0.0092654461456088757 0.032797208006011845 0.012317929517042749 0.028175373499843004 -0.046489187504252058 0.04264454044264554 -0.036868559153799718 0.0049544928098247797 0.028839732609445303 -0.14139392019855099 0.042953529353446866 -0.15310524404796166 0.055003577482214142 -0.0016790926294801948
leaf_weight=3.6488271448761216 35.824320482555777 9.7581320935860258 47.591541819274426 72.038435222581029 12.54736782517284 8.3631884390488249 18.145780277438465 63.537001959048212 119.49739108979702 42.515846744179726 76.545865196734667 74.778295484371483 21.916919542010874 3.7029806673526755 172.85770463012159 11.670115652494131 49.837577926460654 26.227132768370211 33.45690916152671 43.717579537536949 33.937060177791864 5.2207369003444901 3.7898229360580435 237.15136058069766 31.187223628163338 3.9187871851027003 13.504094822332261 4.4752477705478659 5.2958037368953219 256.05463411100209
leaf_count=39 7862 103 6051 1020 1181 57 131 583 1230 208 446 518 439 22 1053 266 1047 284 998 439 377 32 17 1734 148 28 363 24 111 1811
internal_value=0.00067196 0.00188339 0.0257756 -0.000128465 -0.0154811 0.00106142 0.00358283 0.00189504 -0.00688838 0.00105953 -0.0155546 0.0187357 -0.0019259 -0.00893742 -0.00755821 0.00285917 -0.0222433 0.0123684 -2.97752e-05 0.00971457 -0.0394515 -0.00744635 0.00142755 0.00642734 0.0217201 -0.000898322 -0.00281689 -0.000872756 -0.00309916 -0.000530519
internal_weight=1542.71 1506.89 117.034 1389.86 99.9708 1289.88 979.287 881.142 310.598 162.013 148.584 98.1448 591.91 240.098 236.395 351.813 87.4235 69.4422 43.215 289.232 37.5859 23.3665 340.143 245.515 34.977 305.165 283.249 279.33 265.826 261.35
internal_count=28622 20760 7436 13324 2644 10680 7776 7095 2904 1438 1466 681 4865 1658 1636 3207 1463 1385 1101 2230 416 163 2941 1791 165 2776 2337 2309 1946 1922
is_linear=0
shrinkage=0.05


Tree=97
num_leaves=31
num_cat=0
split_feature=0 1 2 0 3 0 2 3 1 1 0 1 0 0 0 0 4 5 3 1 3 4 3 1 0 2 3 5 3 3
split_gain=36.1465 27.2203 11.874 11.0734 9.36846 13.8899 12.4947 9.42577 9.20284 8.63031 8.04533 9.84188 7.78703 11.2328 7.93137 7.66841 7.22989 7.70131 7.06686 6.81967 6.6603 6.58701 6.319 6.3372 8.93712 7.11292 6.35535 8.82189 6.28705 6.25848
threshold=-0.11767958478291825 0.70305074913908006 -0.076240358027531555 -0.12405535065523347 0.83118360888686149 -0.12461434140906701 0.44345652701599175 0.068882090939282895 0.43573896005983176 -0.86896421230920595 -0.118295324417784 0.10367389739725485 -0.12460981222802275 -0.12456062391840446 -0.12455199209005537 -0.12243348474258348 0.060892464315778091 0.90144041133160757 -0.59757962229802619 0.37884454745708868 0.26100837060484372 -2.3839195108856006 -0.71326969269344509 0.40092113789174483 -0.12243348474258348 -0.043059067073932596 0.19230333655915635 -0.56982781771645608 0.10774811314357652 0.45354986136135339
decision_type=2 2 2 2 2 2 2 2 2 2 2 2 2 2 2 2 2 2 2 2 2 2 2 2 2 2 2 2 2 2
left_child=1 2 3 -1 5 6 -4 -8 -9 -7 11 28 -11 -14 -15 21 17 -16 -17 -20 -3 -13 -18 24 26 -25 27 -24 -5 -10
right_child=-2 20 4 10 -6 9 7 8 29 12 -12 15 13 14 16 18 22 -19 19 -21 -22 -23 23 25 -26 -27 -28 -29 -30 -31
leaf_value=-0.049185593495004204 -0.050271649459874647 0.0092746527335305379 -0.042608092765341478 -0.031046305383624517 0.030761836230839574 -0.054054364799507038 -0.055138316700107319 -0.022175299918219624 0.0010227535885645941 0.057778279294298462 0.019933385243690566 0.05845574166386578 -0.05919110478124423 0.059177578289877159 -0.0026975301237999257 -0.064196517724582222 -0.043268114240099451 0.014814883669021939 0.0015635501922934957 0.031030514539861345 0.042986536822739646 -0.018619468689713394 0.012198076092618653 -0.06710270332376593 0.017234557709530977 0.021279011019580588 0.0062445994757013125 -0.022956149364477499 -0.0059995725408125491 0.04224299769335383
leaf_weight=15.771702036261557 34.08590977685526 21.206062600947917 30.285414930433035 61.414957084693015 28.991024529095739 6.415189402177929 8.0242270380258542 23.49678217805922 22.942662137560546 6.7172154160216442 26.802371431142092 2.9096209481358519 7.0355911552906027 6.5196934235282233 441.77738717617467 3.3258851617574683 5.8298537377268067 73.177633419632912 69.142969572916627 27.422461077570915 47.397209112998098 58.622860295698047 26.685274511575699 2.3248554728925219 111.79032105021179 109.39259651256725 143.11839108355343 53.87823030911386 42.318309780210257 15.382543193176387
leaf_count=125 7862 421 311 860 2223 58 54 281 331 193 197 21 56 179 3622 31 57 536 408 122 5769 399 203 13 826 956 994 431 282 801
internal_value=0.000642324 0.0017992 0.000324754 -0.00837741 0.00270771 0.00196481 -0.0157855 -0.00415514 0.00246225 0.00375171 -0.00617294 -0.0088118 0.00412696 0.00375979 0.00421428 -0.00108975 0.00384408 -0.00020893 0.00746342 0.00993152 0.0325658 -0.0149749 0.00845121 0.00912545 0.00569062 0.0194398 -7.87308e-05 -0.0113119 -0.0208284 0.0175673
internal_weight=1534.21 1500.12 1431.52 307.731 1123.78 1094.79 100.132 69.8462 61.822 994.662 291.959 265.157 988.247 981.53 974.494 161.424 967.975 514.955 99.8913 96.5654 68.6033 61.5325 453.02 447.19 335.472 111.717 223.682 80.5635 103.733 38.3252
internal_count=28622 20760 14570 2445 12125 9902 1778 1467 1413 8124 2320 2123 8066 7873 7817 981 7638 4158 561 530 6190 420 3480 3423 2454 969 1628 634 1142 1132
is_linear=0
shrinkage=0.05


Tree=98
num_leaves=31
num_cat=0
split_feature=0 2 1 0 3 0 2 2 3 1 2 0 0 3 2 3 1 1 3 0 3 0 2 2 0 0 6 0 3 0
split_gain=34.3011 26.5315 11.248 11.9601 10.1842 13.5539 12.5412 10.7248 9.96982 11.7527 8.92652 7.51201 7.73717 13.0989 10.0568 8.79322 9.80723 6.72726 6.75355 8.58132 12.3773 6.63818 14.8409 10.1737 10.2143 12.6351 9.98747 9.32005 8.83919 8.29255
threshold=-0.11767958478291825 0.75681758608772565 0.093910722937980348 -0.12421031900708213 0.68107391235645431 -0.12456062391840446 0.25651743410847611 0.28668267371600603 0.1371091091316842 0.42346894257763756 1.0000000180025095e-35 -0.12455199209005537 -0.12231510629377317 -0.30721799072294614 0.034084822387116062 0.18240986645667703 0.568700555771261 -0.6817927540397849 -0.4644920831169056 -0.12103816609106738 0.21069450596580633 -0.12366423176055642 0.37551289529521686 0.37891040631131617 -0.12378286680229571 -0.12383185522267347 -1.0708849594127903 -0.12361908512234852 0.1371091091316842 -0.12344073632799642
decision_type=2 2 2 2 2 2 2 2 2 2 2 2 2 2 2 2 2 2 2 2 2 2 2 2 2 2 2 2 2 2
left_child=1 2 3 -1 5 7 -6 -4 -9 -10 -5 -7 13 -13 15 -15 -17 -12 -19 20 -20 23 27 24 25 26 -16 -23 -28 -24
right_child=-2 -3 4 10 6 11 -8 8 9 -11 17 12 -14 14 21 16 -18 18 19 -21 -22 22 29 -25 -26 -27 28 -29 -30 -31
leaf_value=-0.043432533116152916 -0.050258992392711116 0.037385429290611914 -0.052883061551231708 -0.01426037864846842 -0.0046255444315351042 0.060235447823467507 0.041401408607553127 -0.044638336275547946 -0.03508545657823435 0.012359277629092922 -0.033526936920959385 -0.035599439679983191 0.011649360149625721 -0.034648342970156835 0.035853962757797959 -0.011012737279005182 0.036184081751244344 -0.030767604870161142 -0.016626130108765801 0.022338497207244838 0.011892800649640789 -0.07271194282907463 -0.039328087057869276 0.022035480402718521 0.03111587970786708 -0.078497631846519672 -0.042786430709360092 0.0099764192927856675 -0.00035080433972007989 -0.0068006912876845821
leaf_weight=20.886820488609374 32.431481332052499 50.377777481917292 16.100714813917875 147.23540206346661 24.704449885524809 5.8923494969494632 36.913920096121728 15.374219381716101 17.667226276826113 49.975003774743527 13.028505345806478 23.76762530952692 221.8838587962091 30.144569467753172 15.802804874256251 62.831245217472315 13.344486489892004 13.567645207047461 67.076936583966017 56.320369925349951 87.901729384437203 3.4771595261991015 27.580784805119038 113.31225339043885 24.312565444037318 5.5062829107046118 14.646733198314903 170.74612073041499 75.664780423045158 67.667518578469753
leaf_count=188 7862 5418 127 1573 585 137 3218 113 168 1098 102 194 1259 243 114 357 100 179 709 375 539 29 158 1492 192 34 80 1062 601 316
internal_value=0.00061269 0.00171722 0.000472262 -0.00658289 0.00323373 0.00198871 0.022948 -0.0155366 -0.00829338 -3.26387e-05 -0.00458442 0.00397034 0.00358957 0.000833215 0.0022186 -0.0117903 -0.00274479 0.00140411 0.00342797 0.00562369 -0.000450592 0.00508997 -0.000349876 0.0109713 0.00174825 -0.00464844 -0.000816401 0.00832612 -0.00723302 -0.0162196
internal_weight=1526.14 1493.71 1443.33 406.017 1037.32 975.698 61.6184 99.1172 83.0164 67.6422 385.131 876.581 870.689 648.805 625.037 106.32 76.1757 237.895 224.867 211.299 154.979 518.717 269.472 249.245 135.933 111.621 106.114 174.223 90.3115 95.2483
internal_count=28622 20760 15342 3665 11677 7874 3803 1506 1379 1266 3477 6368 6231 4972 4778 700 457 1904 1802 1623 1248 4078 1565 2513 1021 829 795 1091 681 474
is_linear=0
shrinkage=0.05


Tree=99
num_leaves=31
num_cat=0
split_feature=1 3 3 2 1 4 5 3 5 2 5 1 1 6 4 3 4 1 2 2 2 3 1 1 2 5 1 1 2 2
split_gain=26.9726 24.1642 11.3082 10.3592 7.38631 6.7696 7.83832 7.75919 7.58078 7.55648 7.39491 7.98731 6.34961 6.91958 6.27671 6.04495 5.47054 7.81768 13.6638 13.0033 12.3632 5.80447 5.46603 5.44908 6.01962 6.2142 5.30153 5.27235 5.08414 4.82587
threshold=0.63129917358161824 -0.65512249277248635 0.47475717087561692 -0.076240358027531555 -0.86896421230920595 0.057930803462154186 0.90144041133160757 0.65034044800697888 -1.9697677455685771 0.081065168035279175 0.41947931604794669 0.17501728532904276 -0.011185710765596451 -2.2492539821019579 2.8911497847824026 -0.0976042796140381 0.057930800691713601 0.46418763796540569 0.47843061812129456 0.51775234111411594 0.37891040631131617 0.23007584791111596 0.3088553591775528 0.54142364189772563 0.70380967695699093 0.74628924887281889 0.27887412351135615 1.0000000180025095e-35 0.20830837771263264 0.1192460672459985
decision_type=2 2 2 2 2 2 2 2 2 2 2 2 2 2 2 2 2 2 2 2 2 2 2 2 2 2 2 2 2 2
left_child=1 28 -2 12 -5 6 7 8 9 -6 -9 -12 13 15 -14 -3 21 18 22 -20 -19 23 -18 24 25 26 27 29 -1 -10
right_child=2 3 -4 4 5 -7 -8 10 16 -11 11 -13 14 -15 -16 -17 17 20 19 -21 -22 -23 -24 -25 -26 -27 -28 -29 -30 -31
leaf_value=-0.043831854968311969 0.011545048742028928 0.0051822868278136305 0.04428791816057244 -0.052388347559920667 0.10771585527470143 0.0068746431412320943 0.013139870389692367 0.029056830691317523 -0.017860196598268725 0.013477070422831109 -0.10433183253821535 0.014033921003022021 -0.0047031128951983015 -0.021868598549713743 0.060590185596131607 0.16941871970014344 -0.019952658351980415 -0.10248623365098178 -0.11510146292947815 0.0087554984742343779 0.015621679135500253 0.0014288494105507621 0.045668964800912822 -0.038330954846371751 -0.075537577456274901 -0.042481426187687521 0.0042820012830542473 -0.021585767188059261 -0.0031156290823709529 0.019739819793331222
leaf_weight=39.219006731640548 67.467350265476853 1.5815714227501305 43.288443524390459 6.1438057376071802 2.4676984162069884 492.10100998636335 81.838037730194628 29.692494003567845 15.548652290366588 15.414391885977237 2.3248548423871389 3.683227663859725 206.38497078232467 85.991822185227647 3.7475730748847118 0.86761368997394939 5.0608116835355785 6.6773093789815885 4.7173656672239286 3.8474269094876945 3.316062388010323 181.59009196422994 8.5086457915604097 16.517123486846685 3.2846622187644234 11.764205354731528 83.229103164747357 62.453381440136582 9.5299710873514396 18.915147521533072
leaf_count=6332 1385 51 6052 83 28 4759 786 1408 218 116 26 224 1435 2311 25 9 41 34 22 37 76 1545 88 98 20 95 475 549 87 207
internal_value=0.000585685 -0.00128517 0.0243425 -4.32724e-05 0.00227569 0.00259464 -0.00116071 -0.00360392 -0.0054098 0.0264819 0.0188205 -0.0317682 -0.00826905 -0.0195083 -0.00353865 0.0633624 -0.0067503 -0.0265882 -0.0100155 -0.0594632 -0.0632949 -0.00512981 0.021195 -0.0107553 -0.00842189 -0.00727317 -0.00497394 -0.0129226 -0.0358722 0.00277624
internal_weight=1517.17 1406.42 110.756 1357.67 1059.1 1052.95 560.851 479.013 443.312 17.8821 35.7006 6.00808 298.574 88.441 210.133 2.44919 425.43 32.1276 22.1343 8.56479 9.99337 393.302 13.5695 211.712 195.195 191.91 180.146 96.9172 48.749 34.4638
internal_count=28622 21185 7437 14766 10935 10852 6093 5307 3649 144 1658 250 3831 2371 1460 60 3505 298 188 59 110 3207 129 1662 1564 1544 1449 974 6419 425
is_linear=0
shrinkage=0.05


end of trees

feature_importances:
VoxelCount=981
L33=589
L11=556
L22=511
sqrt2_L13=150
sqrt2_L12=113
sqrt2_L23=100

parameters:
[boosting: gbdt]
[objective: binary]
[metric: auc]
[tree_learner: serial]
[device_type: cpu]
[data_sample_strategy: bagging]
[data: ]
[valid: ]
[num_iterations: 100]
[learning_rate: 0.05]
[num_leaves: 31]
[num_threads: 0]
[seed: 0]
[deterministic: 0]
[force_col_wise: 0]
[force_row_wise: 0]
[histogram_pool_size: -1]
[max_depth: -1]
[min_data_in_leaf: 20]
[min_sum_hessian_in_leaf: 0.001]
[bagging_fraction: 0.8]
[pos_bagging_fraction: 1]
[neg_bagging_fraction: 1]
[bagging_freq: 5]
[bagging_seed: 3]
[bagging_by_query: 0]
[feature_fraction: 0.9]
[feature_fraction_bynode: 1]
[feature_fraction_seed: 2]
[extra_trees: 0]
[extra_seed: 6]
[early_stopping_round: 0]
[early_stopping_min_delta: 0]
[first_metric_only: 0]
[max_delta_step: 0]
[lambda_l1: 0]
[lambda_l2: 0]
[linear_lambda: 0]
[min_gain_to_split: 0]
[drop_rate: 0.1]
[max_drop: 50]
[skip_drop: 0.5]
[xgboost_dart_mode: 0]
[uniform_drop: 0]
[drop_seed: 4]
[top_rate: 0.2]
[other_rate: 0.1]
[min_data_per_group: 100]
[max_cat_threshold: 32]
[cat_l2: 10]
[cat_smooth: 10]
[max_cat_to_onehot: 4]
[top_k: 20]
[monotone_constraints: ]
[monotone_constraints_method: basic]
[monotone_penalty: 0]
[feature_contri: ]
[forcedsplits_filename: ]
[refit_decay_rate: 0.9]
[cegb_tradeoff: 1]
[cegb_penalty_split: 0]
[cegb_penalty_feature_lazy: ]
[cegb_penalty_feature_coupled: ]
[path_smooth: 0]
[interaction_constraints: ]
[verbosity: -1]
[saved_feature_importance_type: 0]
[use_quantized_grad: 0]
[num_grad_quant_bins: 4]
[quant_train_renew_leaf: 0]
[stochastic_rounding: 1]
[linear_tree: 0]
[max_bin: 255]
[max_bin_by_feature: ]
[min_data_in_bin: 3]
[bin_construct_sample_cnt: 200000]
[data_random_seed: 1]
[is_enable_sparse: 1]
[enable_bundle: 1]
[use_missing: 1]
[zero_as_missing: 0]
[feature_pre_filter: 1]
[pre_partition: 0]
[two_round: 0]
[header: 0]
[label_column: ]
[weight_column: ]
[group_column: ]
[ignore_column: ]
[categorical_feature: ]
[forcedbins_filename: ]
[precise_float_parser: 0]
[parser_config_file: ]
[objective_seed: 5]
[num_class: 1]
[is_unbalance: 0]
[scale_pos_weight: 1]
[sigmoid: 1]
[boost_from_average: 1]
[reg_sqrt: 0]
[alpha: 0.9]
[fair_c: 1]
[poisson_max_delta_step: 0.7]
[tweedie_variance_power: 1.5]
[lambdarank_truncation_level: 30]
[lambdarank_norm: 1]
[label_gain: ]
[lambdarank_position_bias_regularization: 0]
[eval_at: ]
[multi_error_top_k: 1]
[auc_mu_weights: ]
[num_machines: 1]
[local_listen_port: 12400]
[time_out: 120]
[machine_list_filename: ]
[machines: ]
[gpu_platform_id: -1]
[gpu_device_id: -1]
[gpu_use_dp: 0]
[num_gpu: 1]

end of parameters

pandas_categorical:[]
